absolute_resolution_multiplier,absolute_term_enabled,arm,attack_cost_model,attacker_capability,capability_ratio,cell_id,collapse_severity,defender_capability,defense_cost_model,defense_input_count,effective_attack_cost,effective_defense_cost,elapsed_seconds,failure_count,failure_rate,frontier_validator_count,institution_alone_corner,institution_hidden_count,institution_hidden_rate,institution_validator_count,mean_measured_rank,mean_seconds_per_run,merge_rule,n,pairwise_checks,partition_corruption_count,partition_corruption_rate,pass_name,rank_visible_failure_count,rank_visible_failure_rate,resolution_probability,structural_point_index,true_effective_rank,validator_set_size
1.0,True,false_cluster_injection,linear,1.0,1.0,00af378736cf132b86be,1.0,1.0,pairwise_exact,3,1.0,3.0,0.0067740799859166145,200,1.0,0,True,0,0.0,1,3.0,3.3870399929583075e-05,threshold_connected_components,200,3,0,0.0,ratio_collapse_slice,0,0.0,0.0,24,1,1
0.7746653771230765,True,false_cluster_injection,linear,0.316,1.0,01616d28cc5254c276f7,0.0,0.316,pairwise_exact,6,4.0,15.0,0.01299505028873682,144,0.72,3,False,0,0.0,1,5.01,6.49752514436841e-05,threshold_connected_components,200,15,0,0.0,ratio_collapse_slice,0,0.0,0.45244775269590726,4,4,4
0.7746653771230765,True,false_cluster_injection,linear,0.316,1.0,05ecfd72d607989dd1b1,1.0,0.316,pairwise_exact,18,2.0,153.0,0.008586416020989418,200,1.0,15,False,0,0.0,1,3.94,4.293208010494709e-05,threshold_connected_components,200,153,0,0.0,ratio_collapse_slice,0,0.0,0.019850660335891016,15,2,16
0.7746653771230765,True,false_cluster_injection,linear,0.316,1.0,0698414e42ad7a5673e1,0.33,0.316,pairwise_exact,66,64.0,2145.0,0.018762826919555664,142,0.71,63,False,0,0.0,1,64.91,9.381413459777832e-05,threshold_connected_components,200,2145,0,0.0,ratio_collapse_slice,0,0.0,0.5966551057102577,21,64,64
1.2904677283709856,True,false_cluster_injection,linear,3.16,1.0,08fa4b26f450372948d7,0.33,3.16,pairwise_exact,10,8.0,45.0,0.00741193164139986,110,0.55,7,False,0,0.0,1,8.645,3.70596582069993e-05,threshold_connected_components,200,45,0,0.0,ratio_collapse_slice,0,0.0,0.64730760200227,9,8,8
0.7746653771230765,True,false_cluster_injection,linear,0.316,1.0,0e6b16a448a8fb828753,0.33,0.316,pairwise_exact,18,16.0,153.0,0.010374362580478191,136,0.68,15,False,0,0.0,1,16.86,5.1871812902390955e-05,threshold_connected_components,200,153,0,0.0,ratio_collapse_slice,0,0.0,0.5644925809025385,13,16,16
1.2904677283709856,True,false_cluster_injection,linear,3.16,1.0,117d3fa7a0c1c2f87434,1.0,3.16,pairwise_exact,3,1.0,3.0,0.008137129247188568,200,1.0,0,True,0,0.0,1,3.0,4.068564623594284e-05,threshold_connected_components,200,3,0,0.0,ratio_collapse_slice,0,0.0,0.0,24,1,1
1.0,True,false_cluster_injection,linear,1.0,1.0,12dd5dd0ab397fa4dfe5,0.33,1.0,pairwise_exact,6,4.0,15.0,0.00754422415047884,151,0.755,3,False,0,0.0,1,5.005,3.77211207523942e-05,threshold_connected_components,200,15,0,0.0,ratio_collapse_slice,0,0.0,0.5161290322580645,5,4,4
1.2904677283709856,True,false_cluster_injection,linear,3.16,1.0,15b7e904e318d947f939,0.66,3.16,pairwise_exact,34,13.0,561.0,0.020740610547363758,186,0.93,31,False,0,0.0,1,14.445,0.00010370305273681878,threshold_connected_components,200,561,0,0.0,ratio_collapse_slice,0,0.0,0.2799282664644066,18,13,32
0.7746653771230765,True,false_cluster_injection,linear,0.316,1.0,189eb8269ec1479aed0d,1.0,0.316,pairwise_exact,10,2.0,45.0,0.017030345275998116,200,1.0,7,False,0,0.0,1,3.89,8.515172637999058e-05,threshold_connected_components,200,45,0,0.0,ratio_collapse_slice,0,0.0,0.0644230298995993,11,2,8
1.2904677283709856,True,false_cluster_injection,linear,3.16,1.0,1a2ffaa29385dc33539e,0.66,3.16,pairwise_exact,4,2.0,6.0,0.006957272067666054,158,0.79,1,False,0,0.0,1,3.065,3.478636033833027e-05,threshold_connected_components,200,6,0,0.0,ratio_collapse_slice,0,0.0,0.46245570778355954,2,2,2
1.2904677283709856,True,false_cluster_injection,linear,3.16,1.0,1bc5e211657fa737a6fa,0.0,3.16,pairwise_exact,18,16.0,153.0,0.0076820459216833115,123,0.615,15,False,0,0.0,1,16.765,3.8410229608416556e-05,threshold_connected_components,200,153,0,0.0,ratio_collapse_slice,0,0.0,0.6834655685504089,12,16,16
0.7746653771230765,True,false_cluster_injection,linear,0.316,1.0,1eec19f053fd13113503,0.33,0.316,pairwise_exact,6,4.0,15.0,0.005561511032283306,155,0.775,3,False,0,0.0,1,5.055,2.780755516141653e-05,threshold_connected_components,200,15,0,0.0,ratio_collapse_slice,0,0.0,0.45244775269590726,5,4,4
1.2904677283709856,True,false_cluster_injection,linear,3.16,1.0,237bb7d14dd1e2a98b69,1.0,3.16,pairwise_exact,34,2.0,561.0,0.026602101512253284,200,1.0,31,False,0,0.0,1,3.985,0.00013301050756126643,threshold_connected_components,200,561,0,0.0,ratio_collapse_slice,0,0.0,0.009117305807180955,19,2,32
0.7746653771230765,True,false_cluster_injection,linear,0.316,1.0,272c04b83184ecbbbde9,0.33,0.316,pairwise_exact,10,8.0,45.0,0.01696513034403324,135,0.675,7,False,0,0.0,1,8.87,8.482565172016621e-05,threshold_connected_components,200,45,0,0.0,ratio_collapse_slice,0,0.0,0.5242051843856059,9,8,8
0.7746653771230765,True,false_cluster_injection,linear,0.316,1.0,31892f9fc1f00fbd4dea,0.0,0.316,pairwise_exact,66,64.0,2145.0,0.0265170494094491,138,0.69,63,False,0,0.0,1,64.895,0.0001325852470472455,threshold_connected_components,200,2145,0,0.0,ratio_collapse_slice,0,0.0,0.5966551057102577,20,64,64
1.0,True,false_cluster_injection,linear,1.0,1.0,380c400d8b7051ea5f6b,0.66,1.0,pairwise_exact,10,5.0,45.0,0.011357547715306282,182,0.91,7,False,0,0.0,1,6.365,5.678773857653141e-05,threshold_connected_components,200,45,0,0.0,ratio_collapse_slice,0,0.0,0.35714285714285715,10,5,8
1.0,True,false_cluster_injection,linear,1.0,1.0,418ec59eddb72da7998b,0.0,1.0,pairwise_exact,4,2.0,6.0,0.009478257037699223,170,0.85,1,False,0,0.0,1,3.185,4.739128518849611e-05,threshold_connected_components,200,6,0,0.0,ratio_collapse_slice,0,0.0,0.4,0,2,2
0.7746653771230765,True,false_cluster_injection,linear,0.316,1.0,43f0181a3365e97005e7,0.33,0.316,pairwise_exact,4,2.0,6.0,0.010235200636088848,174,0.87,1,False,0,0.0,1,3.25,5.117600318044424e-05,threshold_connected_components,200,6,0,0.0,ratio_collapse_slice,0,0.0,0.3405623459670575,1,2,2
0.7746653771230765,True,false_cluster_injection,linear,0.316,1.0,45085d7bd906d51fbf31,0.0,0.316,pairwise_exact,18,16.0,153.0,0.018190769478678703,133,0.665,15,False,0,0.0,1,16.87,9.095384739339351e-05,threshold_connected_components,200,153,0,0.0,ratio_collapse_slice,0,0.0,0.5644925809025385,12,16,16
0.7746653771230765,True,false_cluster_injection,linear,0.316,1.0,467e18c84651f1098a31,0.0,0.316,pairwise_exact,4,2.0,6.0,0.0066145602613687515,181,0.905,1,False,0,0.0,1,3.355,3.307280130684376e-05,threshold_connected_components,200,6,0,0.0,ratio_collapse_slice,0,0.0,0.3405623459670575,0,2,2
1.2904677283709856,True,false_cluster_injection,linear,3.16,1.0,47d99b49e86d836eaf08,0.66,3.16,pairwise_exact,6,3.0,15.0,0.006994512863457203,160,0.8,3,False,0,0.0,1,4.095,3.497256431728601e-05,threshold_connected_components,200,15,0,0.0,ratio_collapse_slice,0,0.0,0.4363913018415771,6,3,4
0.7746653771230765,True,false_cluster_injection,linear,0.316,1.0,4936169dc84780c32e21,0.66,0.316,pairwise_exact,34,13.0,561.0,0.01006773579865694,189,0.945,31,False,0,0.0,1,14.59,5.0338678993284705e-05,threshold_connected_components,200,561,0,0.0,ratio_collapse_slice,0,0.0,0.18921080796931875,18,13,32
1.2904677283709856,True,false_cluster_injection,linear,3.16,1.0,4c6b058258f165b04044,0.0,3.16,pairwise_exact,34,32.0,561.0,0.010418899357318878,85,0.425,31,False,0,0.0,1,32.48,5.209449678659439e-05,threshold_connected_components,200,561,0,0.0,ratio_collapse_slice,0,0.0,0.7019823676873722,16,32,32
1.2904677283709856,True,false_cluster_injection,linear,3.16,1.0,4e6878a835d0ce1bacd2,0.33,3.16,pairwise_exact,18,16.0,153.0,0.008356325328350067,98,0.49,15,False,0,0.0,1,16.595,4.1781626641750336e-05,threshold_connected_components,200,153,0,0.0,ratio_collapse_slice,0,0.0,0.6834655685504089,13,16,16
1.2904677283709856,True,false_cluster_injection,linear,3.16,1.0,4f12be00787bf8c513a5,1.0,3.16,pairwise_exact,66,2.0,2145.0,0.016436372883617878,200,1.0,63,False,0,0.0,1,3.995,8.218186441808939e-05,threshold_connected_components,200,2145,0,0.0,ratio_collapse_slice,0,0.0,0.0024006894472977285,23,2,64
0.7746653771230765,True,false_cluster_injection,linear,0.316,1.0,5170c1665c6984df9dd6,1.0,0.316,pairwise_exact,4,2.0,6.0,0.006800240837037563,174,0.87,1,False,0,0.0,1,3.29,3.4001204185187816e-05,threshold_connected_components,200,6,0,0.0,ratio_collapse_slice,0,0.0,0.3405623459670575,3,2,2
1.0,True,false_cluster_injection,linear,1.0,1.0,51a6171f7e784fcfd715,0.33,1.0,pairwise_exact,34,32.0,561.0,0.010608501732349396,124,0.62,31,False,0,0.0,1,32.745,5.304250866174698e-05,threshold_connected_components,200,561,0,0.0,ratio_collapse_slice,0,0.0,0.6460567823343849,17,32,32
1.0,True,false_cluster_injection,linear,1.0,1.0,58ee251d1ab44b84bf4a,0.33,1.0,pairwise_exact,10,8.0,45.0,0.007248741574585438,125,0.625,7,False,0,0.0,1,8.805,3.624370787292719e-05,threshold_connected_components,200,45,0,0.0,ratio_collapse_slice,0,0.0,0.5871559633027523,9,8,8
1.2904677283709856,True,false_cluster_injection,linear,3.16,1.0,5b5a8b22be43db4bf0fd,0.33,3.16,pairwise_exact,4,2.0,6.0,0.00727255642414093,155,0.775,1,False,0,0.0,1,3.09,3.636278212070465e-05,threshold_connected_components,200,6,0,0.0,ratio_collapse_slice,0,0.0,0.46245570778355954,1,2,2
1.0,True,false_cluster_injection,linear,1.0,1.0,5c6bebadbdb3cf5bc0b8,0.33,1.0,pairwise_exact,4,2.0,6.0,0.005394291132688522,171,0.855,1,False,0,0.0,1,3.21,2.6971455663442613e-05,threshold_connected_components,200,6,0,0.0,ratio_collapse_slice,0,0.0,0.4,1,2,2
1.2904677283709856,True,false_cluster_injection,linear,3.16,1.0,5d0a1b9bfe54a63a65ea,0.66,3.16,pairwise_exact,10,5.0,45.0,0.012080816552042961,164,0.82,7,False,0,0.0,1,6.115,6.0404082760214805e-05,threshold_connected_components,200,45,0,0.0,ratio_collapse_slice,0,0.0,0.41756389058014953,10,5,8
1.0,True,false_cluster_injection,linear,1.0,1.0,5ee02b96ab8782feedda,0.0,1.0,pairwise_exact,34,32.0,561.0,0.010876817628741264,120,0.6,31,False,0,0.0,1,32.735,5.438408814370632e-05,threshold_connected_components,200,561,0,0.0,ratio_collapse_slice,0,0.0,0.6460567823343849,16,32,32
1.0,True,false_cluster_injection,linear,1.0,1.0,5ff8506c4aa583fa0431,0.66,1.0,pairwise_exact,34,13.0,561.0,0.025783282704651356,190,0.95,31,False,0,0.0,1,14.58,0.00012891641352325679,threshold_connected_components,200,561,0,0.0,ratio_collapse_slice,0,0.0,0.23150684931506849,18,13,32
1.0,True,false_cluster_injection,linear,1.0,1.0,66b57bd406b8d8286162,1.0,1.0,pairwise_exact,18,2.0,153.0,0.01672385260462761,200,1.0,15,False,0,0.0,1,3.985,8.361926302313805e-05,threshold_connected_components,200,153,0,0.0,ratio_collapse_slice,0,0.0,0.025477707006369428,15,2,16
0.7746653771230765,True,false_cluster_injection,linear,0.316,1.0,6a9510ee1eb495a3a303,0.66,0.316,pairwise_exact,18,7.0,153.0,0.008611224591732025,191,0.955,15,False,0,0.0,1,8.585,4.305612295866013e-05,threshold_connected_components,200,153,0,0.0,ratio_collapse_slice,0,0.0,0.1987792264264176,14,7,16
1.2904677283709856,True,false_cluster_injection,linear,3.16,1.0,6b932acec08d98218c0d,1.0,3.16,pairwise_exact,10,2.0,45.0,0.015930142253637314,199,0.995,7,False,0,0.0,1,3.76,7.965071126818657e-05,threshold_connected_components,200,45,0,0.0,ratio_collapse_slice,0,0.0,0.10290427409270309,11,2,8
1.0,True,false_cluster_injection,linear,1.0,1.0,6ca073db8043cd5c34c2,0.66,1.0,pairwise_exact,66,23.0,2145.0,0.024651193991303444,194,0.97,63,False,0,0.0,1,24.655,0.00012325596995651722,threshold_connected_components,200,2145,0,0.0,ratio_collapse_slice,0,0.0,0.19783096484667165,22,23,64
1.0,True,false_cluster_injection,linear,1.0,1.0,70a3553f37d77b6023c7,1.0,1.0,pairwise_exact,34,2.0,561.0,0.009407082572579384,200,1.0,31,False,0,0.0,1,3.975,4.703541286289692e-05,threshold_connected_components,200,561,0,0.0,ratio_collapse_slice,0,0.0,0.007079646017699115,19,2,32
1.0,True,false_cluster_injection,linear,1.0,1.0,7918811b4b7b0fccbd86,0.66,1.0,pairwise_exact,18,7.0,153.0,0.008217557333409786,191,0.955,15,False,0,0.0,1,8.575,4.1087786667048934e-05,threshold_connected_components,200,153,0,0.0,ratio_collapse_slice,0,0.0,0.24257425742574257,14,7,16
1.2904677283709856,True,false_cluster_injection,linear,3.16,1.0,7cfb35b483fe17cc7ada,0.0,3.16,pairwise_exact,66,64.0,2145.0,0.017618934623897076,90,0.45,63,False,0,0.0,1,64.525,8.809467311948538e-05,threshold_connected_components,200,2145,0,0.0,ratio_collapse_slice,0,0.0,0.711334882576497,20,64,64
0.7746653771230765,True,false_cluster_injection,linear,0.316,1.0,7e1919be7c2f06f850cb,0.33,0.316,pairwise_exact,34,32.0,561.0,0.01070660911500454,125,0.625,31,False,0,0.0,1,32.75,5.3533045575022696e-05,threshold_connected_components,200,561,0,0.0,ratio_collapse_slice,0,0.0,0.5857508164272435,17,32,32
0.7746653771230765,True,false_cluster_injection,linear,0.316,1.0,7e3f33797dc515175c59,1.0,0.316,pairwise_exact,34,2.0,561.0,0.021110355854034424,200,1.0,31,False,0,0.0,1,3.99,0.00010555177927017212,threshold_connected_components,200,561,0,0.0,ratio_collapse_slice,0,0.0,0.005493119767747679,19,2,32
1.2904677283709856,True,false_cluster_injection,linear,3.16,1.0,8d8454c683e6e9e2d74d,1.0,3.16,pairwise_exact,4,2.0,6.0,0.011317268013954163,154,0.77,1,False,0,0.0,1,3.08,5.6586340069770815e-05,threshold_connected_components,200,6,0,0.0,ratio_collapse_slice,0,0.0,0.46245570778355954,3,2,2
1.0,True,false_cluster_injection,linear,1.0,1.0,8e0131f28f5772476c6f,1.0,1.0,pairwise_exact,10,2.0,45.0,0.016262893564999104,198,0.99,7,False,0,0.0,1,3.865,8.131446782499551e-05,threshold_connected_components,200,45,0,0.0,ratio_collapse_slice,0,0.0,0.08163265306122448,11,2,8
0.7746653771230765,True,false_cluster_injection,linear,0.316,1.0,94b356274985f17f64c1,0.66,0.316,pairwise_exact,4,2.0,6.0,0.01328167412430048,171,0.855,1,False,0,0.0,1,3.28,6.64083706215024e-05,threshold_connected_components,200,6,0,0.0,ratio_collapse_slice,0,0.0,0.3405623459670575,2,2,2
1.0,True,false_cluster_injection,linear,1.0,1.0,9b378d538d6ddff34e48,0.0,1.0,pairwise_exact,66,64.0,2145.0,0.01714159082621336,103,0.515,63,False,0,0.0,1,64.635,8.57079541310668e-05,threshold_connected_components,200,2145,0,0.0,ratio_collapse_slice,0,0.0,0.6563050793142124,20,64,64
1.0,True,false_cluster_injection,linear,1.0,1.0,9becfb3c1148a801abd7,0.66,1.0,pairwise_exact,6,3.0,15.0,0.013250566087663174,171,0.855,3,False,0,0.0,1,4.26,6.625283043831587e-05,threshold_connected_components,200,15,0,0.0,ratio_collapse_slice,0,0.0,0.375,6,3,4
1.2904677283709856,True,false_cluster_injection,linear,3.16,1.0,9de3eeccb91a6560ebab,0.0,3.16,pairwise_exact,10,8.0,45.0,0.00721820630133152,112,0.56,7,False,0,0.0,1,8.67,3.60910315066576e-05,threshold_connected_components,200,45,0,0.0,ratio_collapse_slice,0,0.0,0.64730760200227,8,8,8
1.0,True,false_cluster_injection,linear,1.0,1.0,a0028a09e6e9841a2c28,1.0,1.0,pairwise_exact,4,2.0,6.0,0.013813325203955173,170,0.85,1,False,0,0.0,1,3.17,6.906662601977587e-05,threshold_connected_components,200,6,0,0.0,ratio_collapse_slice,0,0.0,0.4,3,2,2
0.7746653771230765,True,false_cluster_injection,linear,0.316,1.0,a14f7b6f0c9b65bddeea,1.0,0.316,pairwise_exact,66,2.0,2145.0,0.022699447348713875,200,1.0,63,False,0,0.0,1,4.0,0.00011349723674356937,threshold_connected_components,200,2145,0,0.0,ratio_collapse_slice,0,0.0,0.0014425135884197635,23,2,64
0.7746653771230765,True,false_cluster_injection,linear,0.316,1.0,ae235b5b4cd6575837f9,1.0,0.316,pairwise_exact,3,1.0,3.0,0.010575723834335804,200,1.0,0,True,0,0.0,1,3.0,5.287861917167902e-05,threshold_connected_components,200,3,0,0.0,ratio_collapse_slice,0,0.0,0.0,24,1,1
0.7746653771230765,True,false_cluster_injection,linear,0.316,1.0,b451e4d30477f8f9ae82,0.0,0.316,pairwise_exact,34,32.0,561.0,0.029767317697405815,136,0.68,31,False,0,0.0,1,32.84,0.00014883658848702908,threshold_connected_components,200,561,0,0.0,ratio_collapse_slice,0,0.0,0.5857508164272435,16,32,32
1.0,True,false_cluster_injection,linear,1.0,1.0,b66fb54a4478840b8ee3,0.66,1.0,pairwise_exact,4,2.0,6.0,0.0106549933552742,162,0.81,1,False,0,0.0,1,3.19,5.3274966776371e-05,threshold_connected_components,200,6,0,0.0,ratio_collapse_slice,0,0.0,0.4,2,2,2
0.7746653771230765,True,false_cluster_injection,linear,0.316,1.0,b9d8a6df1b7758a5c254,0.0,0.316,pairwise_exact,10,8.0,45.0,0.007255331613123417,146,0.73,7,False,0,0.0,1,8.955,3.6276658065617084e-05,threshold_connected_components,200,45,0,0.0,ratio_collapse_slice,0,0.0,0.5242051843856059,8,8,8
1.2904677283709856,True,false_cluster_injection,linear,3.16,1.0,bbe8abbd245763ce0c26,0.33,3.16,pairwise_exact,66,64.0,2145.0,0.021197744645178318,99,0.495,63,False,0,0.0,1,64.565,0.00010598872322589158,threshold_connected_components,200,2145,0,0.0,ratio_collapse_slice,0,0.0,0.711334882576497,21,64,64
1.2904677283709856,True,false_cluster_injection,linear,3.16,1.0,c16d8199976ea887ffc9,0.33,3.16,pairwise_exact,34,32.0,561.0,0.019725585356354713,98,0.49,31,False,0,0.0,1,32.565,9.862792678177356e-05,threshold_connected_components,200,561,0,0.0,ratio_collapse_slice,0,0.0,0.7019823676873722,17,32,32
1.0,True,false_cluster_injection,linear,1.0,1.0,c398b45cd08e81abe3d9,0.33,1.0,pairwise_exact,18,16.0,153.0,0.008811605162918568,124,0.62,15,False,0,0.0,1,16.75,4.405802581459284e-05,threshold_connected_components,200,153,0,0.0,ratio_collapse_slice,0,0.0,0.6259168704156479,13,16,16
0.7746653771230765,True,false_cluster_injection,linear,0.316,1.0,c4f0175a636ff42ff387,0.66,0.316,pairwise_exact,6,3.0,15.0,0.007197665050625801,186,0.93,3,False,0,0.0,1,4.415,3.5988325253129004e-05,threshold_connected_components,200,15,0,0.0,ratio_collapse_slice,0,0.0,0.31731258314233374,6,3,4
1.0,True,false_cluster_injection,linear,1.0,1.0,c5923a9197d98ef3b290,1.0,1.0,pairwise_exact,66,2.0,2145.0,0.016077381558716297,200,1.0,63,False,0,0.0,1,3.995,8.038690779358149e-05,threshold_connected_components,200,2145,0,0.0,ratio_collapse_slice,0,0.0,0.0018613308515588647,23,2,64
1.2904677283709856,True,false_cluster_injection,linear,3.16,1.0,cc626f706c4e73553a51,0.66,3.16,pairwise_exact,66,23.0,2145.0,0.016972295008599758,188,0.94,63,False,0,0.0,1,24.475,8.486147504299879e-05,threshold_connected_components,200,2145,0,0.0,ratio_collapse_slice,0,0.0,0.24142154614417913,22,23,64
1.2904677283709856,True,false_cluster_injection,linear,3.16,1.0,cfa36f3cf3dd664877e7,0.0,3.16,pairwise_exact,6,4.0,15.0,0.013038928620517254,132,0.66,3,False,0,0.0,1,4.87,6.519464310258627e-05,threshold_connected_components,200,15,0,0.0,ratio_collapse_slice,0,0.0,0.5792129355996246,4,4,4
1.0,True,false_cluster_injection,linear,1.0,1.0,d5865b9b1f4d1fba5d28,0.33,1.0,pairwise_exact,66,64.0,2145.0,0.01810590550303459,120,0.6,63,False,0,0.0,1,64.69,9.052952751517296e-05,threshold_connected_components,200,2145,0,0.0,ratio_collapse_slice,0,0.0,0.6563050793142124,21,64,64
1.2904677283709856,True,false_cluster_injection,linear,3.16,1.0,d9af9319ff9d2dd164b4,1.0,3.16,pairwise_exact,6,2.0,15.0,0.013001080602407455,185,0.925,3,False,0,0.0,1,3.47,6.500540301203728e-05,threshold_connected_components,200,15,0,0.0,ratio_collapse_slice,0,0.0,0.2560214245807796,7,2,4
1.2904677283709856,True,false_cluster_injection,linear,3.16,1.0,db0fbb0d4bcf2c611a0c,0.0,3.16,pairwise_exact,4,2.0,6.0,0.006618029437959194,164,0.82,1,False,0,0.0,1,3.14,3.309014718979597e-05,threshold_connected_components,200,6,0,0.0,ratio_collapse_slice,0,0.0,0.46245570778355954,0,2,2
1.0,True,false_cluster_injection,linear,1.0,1.0,dba7fdec3a0df2ac3ecd,0.0,1.0,pairwise_exact,18,16.0,153.0,0.014932503923773766,117,0.585,15,False,0,0.0,1,16.72,7.466251961886883e-05,threshold_connected_components,200,153,0,0.0,ratio_collapse_slice,0,0.0,0.6259168704156479,12,16,16
1.2904677283709856,True,false_cluster_injection,linear,3.16,1.0,dc6bb72058e3327a9524,0.66,3.16,pairwise_exact,18,7.0,153.0,0.018103978596627712,188,0.94,15,False,0,0.0,1,8.425,9.051989298313856e-05,threshold_connected_components,200,153,0,0.0,ratio_collapse_slice,0,0.0,0.29242965906028096,14,7,16
0.7746653771230765,True,false_cluster_injection,linear,0.316,1.0,e6a2633040a1c8c018d3,0.66,0.316,pairwise_exact,10,5.0,45.0,0.007594222202897072,176,0.88,7,False,0,0.0,1,6.37,3.797111101448536e-05,threshold_connected_components,200,45,0,0.0,ratio_collapse_slice,0,0.0,0.3008800227036437,10,5,8
0.7746653771230765,True,false_cluster_injection,linear,0.316,1.0,e88d9577f1e572852393,0.66,0.316,pairwise_exact,66,23.0,2145.0,0.01589100807905197,197,0.985,63,False,0,0.0,1,24.7,7.945504039525985e-05,threshold_connected_components,200,2145,0,0.0,ratio_collapse_slice,0,0.0,0.16040328314984664,22,23,64
1.2904677283709856,True,false_cluster_injection,linear,3.16,1.0,ec8ed65d7625e3beb74f,0.33,3.16,pairwise_exact,6,4.0,15.0,0.006611278280615807,125,0.625,3,False,0,0.0,1,4.8,3.305639140307903e-05,threshold_connected_components,200,15,0,0.0,ratio_collapse_slice,0,0.0,0.5792129355996246,5,4,4
1.0,True,false_cluster_injection,linear,1.0,1.0,f041001300ee415c6088,0.0,1.0,pairwise_exact,10,8.0,45.0,0.0069878846406936646,131,0.655,7,False,0,0.0,1,8.845,3.493942320346832e-05,threshold_connected_components,200,45,0,0.0,ratio_collapse_slice,0,0.0,0.5871559633027523,8,8,8
1.0,True,false_cluster_injection,linear,1.0,1.0,f338d8c5b9bee112baa5,0.0,1.0,pairwise_exact,6,4.0,15.0,0.012620709836483002,142,0.71,3,False,0,0.0,1,4.915,6.310354918241501e-05,threshold_connected_components,200,15,0,0.0,ratio_collapse_slice,0,0.0,0.5161290322580645,4,4,4
1.2904677283709856,True,false_cluster_injection,linear,3.16,1.0,f5a0b35f273fb6d2c922,1.0,3.16,pairwise_exact,18,2.0,153.0,0.012985709123313427,200,1.0,15,False,0,0.0,1,3.92,6.492854561656713e-05,threshold_connected_components,200,153,0,0.0,ratio_collapse_slice,0,0.0,0.03263663286018876,15,2,16
0.7746653771230765,True,false_cluster_injection,linear,0.316,1.0,f7d90f0503931bf691f0,1.0,0.316,pairwise_exact,6,2.0,15.0,0.006622228771448135,197,0.985,3,False,0,0.0,1,3.67,3.3111143857240677e-05,threshold_connected_components,200,15,0,0.0,ratio_collapse_slice,0,0.0,0.17120942932925415,7,2,4
1.0,True,false_cluster_injection,linear,1.0,1.0,f9b4677c9ac765c35a21,1.0,1.0,pairwise_exact,6,2.0,15.0,0.012920530512928963,191,0.955,3,False,0,0.0,1,3.56,6.460265256464482e-05,threshold_connected_components,200,15,0,0.0,ratio_collapse_slice,0,0.0,0.21052631578947367,7,2,4
