run_id,seed,step,total_suppression,c_suppressive,c_protective,population,adapter_active,adapter_score,alarm,defense_fired,x_compute,x_bio_welfare,x_novelty_agency,x_institutional_capacity,x_transfer_comprehension,x_resilience
pilot_defended_seed1835086199,1835086199,0,0.15600000000000003,0.1,0.4,204,False,0.0,False,False,0.09999999999999998,0.09999999999999998,0.09999999999999998,0.29999999999999993,0.29999999999999993,0.09999999999999998
pilot_defended_seed1835086199,1835086199,1,0.8140000000000001,0.8,0.2,204,False,0.0,False,False,0.003537630333073015,0.2825616023049382,0.034393371506957086,0.2731228264366012,0.3888677287378062,0.01751684068062426
pilot_defended_seed1835086199,1835086199,2,0.05600000000000001,0.0,0.4,204,False,0.0,False,False,0.07609131253958082,0.18459823606774378,0.1628716717303915,0.2490228070373031,0.293923619080604,0.033492353544376685
pilot_defended_seed1835086199,1835086199,3,0.8560000000000001,0.8,0.4,209,False,0.0,False,False,0.16395829616848148,0.20606490346174075,0.02382699688779728,0.29823678418695426,0.3006315696563991,0.007281449638627243
pilot_defended_seed1835086199,1835086199,4,0.8140000000000001,0.8,0.2,211,False,0.0,False,False,0.22893895373370934,0.19204626496815835,0.03113213381140723,0.2821535982337106,0.20394594870834648,0.061783100544667915
pilot_defended_seed1835086199,1835086199,5,0.4,0.4,0.0,216,False,0.0,False,False,0.1972250198908332,0.19505468105245613,0.018248822454554912,0.21797865187285734,0.3378151002875959,0.03367772444170264
pilot_defended_seed1835086199,1835086199,6,0.42400000000000004,0.2,0.8,210,False,0.0,False,False,0.18538644300863946,0.2349002896586224,0.12646091454482974,0.16839586195666606,0.26611949080878206,0.01873700002246027
pilot_defended_seed1835086199,1835086199,7,0.256,0.2,0.4,209,False,0.0,False,False,0.21582530186600193,0.19762069767807433,0.07034205403503527,0.2409645622196647,0.1831942530495966,0.09205313115162735
pilot_defended_seed1835086199,1835086199,8,0.726,0.6,0.6,207,False,0.0,False,False,0.010093990623395423,0.2347471646975488,0.18321252111038583,0.2651345051603941,0.30400680496365456,0.002805013444621269
pilot_defended_seed1835086199,1835086199,9,0.6240000000000001,0.4,0.8,204,False,0.0,False,False,0.328785218034551,0.17620331063916933,0.04299073182493072,0.27814400831533925,0.1331565148640278,0.040720216321981875
pilot_defended_seed1835086199,1835086199,10,0.6,0.6,0.0,200,False,0.0,False,False,0.2736559816176446,0.17861351171999307,0.07347286128148885,0.1777746419682639,0.27519828661145723,0.02128471680115228
pilot_defended_seed1835086199,1835086199,11,0.2,0.2,0.0,209,False,0.0,False,False,0.1386472254153228,0.1664909156171961,0.12703477012958267,0.23278220025100485,0.2958576522122137,0.039187236374679864
pilot_defended_seed1835086199,1835086199,12,0.526,0.4,0.6,210,False,0.0,False,False,0.039087416102799234,0.16983039579148707,0.058747812100526084,0.3046337452429531,0.3622369778627611,0.06546365289947344
pilot_defended_seed1835086199,1835086199,13,0.326,0.2,0.6,204,False,0.0,False,False,0.00308870761381969,0.2667003981847451,0.04955477698786414,0.3733321110467902,0.2872319437241366,0.020092062442644228
pilot_defended_seed1835086199,1835086199,14,0.126,0.0,0.6,198,False,0.0,False,False,0.37402361067925105,0.17000255273093123,0.016229474554358036,0.2734917835538921,0.10249681418451351,0.06375576429705414
pilot_defended_seed1835086199,1835086199,15,1.0,1.0,1.0,201,False,0.0,False,False,0.15382385778333565,0.1868735574874766,0.11277719514017803,0.1687446367370021,0.3136022754909692,0.0641784773610384
pilot_defended_seed1835086199,1835086199,16,1.0,1.0,0.4,201,False,0.0,False,False,0.03352083586465267,0.3199824618849805,0.03449321997142209,0.2827250858447053,0.32449963841568663,0.004778758018552901
pilot_defended_seed1835086199,1835086199,17,0.55,0.2,1.0,202,False,0.0,False,False,0.22468131394448868,0.2782100948770766,0.034194008613309186,0.21144862264022346,0.2190952365882478,0.032370723336654326
pilot_defended_seed1835086199,1835086199,18,0.656,0.6,0.4,205,False,0.0,False,False,0.11678811950703094,0.18910367005667578,0.036940508451403224,0.22848846547907586,0.37850974072557064,0.05016949578024362
pilot_defended_seed1835086199,1835086199,19,0.6,0.6,0.0,207,False,0.0,False,False,0.13043716465635577,0.16780463777532492,0.061619026736300486,0.21853104783685928,0.3270491536443892,0.0945589693507704
pilot_defended_seed1835086199,1835086199,20,0.6,0.6,0.0,208,False,0.0,False,False,0.18239539709576677,0.17819299496682792,0.05771833966976796,0.18047798721839306,0.3178126280663801,0.08340265298286416
pilot_defended_seed1835086199,1835086199,21,0.8240000000000001,0.6,0.8,210,False,0.0,False,False,0.043916943638399646,0.18745152098779563,0.005223553848600532,0.2749427369839074,0.41790988678372143,0.07055535775757538
pilot_defended_seed1835086199,1835086199,22,0.41400000000000003,0.4,0.2,213,False,0.0,False,False,0.06387596537531158,0.1833199295972714,0.07636266449665861,0.29307264752441603,0.30281453766280775,0.08055425534353468
pilot_defended_seed1835086199,1835086199,23,0.6,0.6,0.0,213,False,0.0,False,False,0.2648700886011505,0.1967539792615425,0.053543721911096874,0.1953195890615095,0.24381161798078926,0.04570100318391138
pilot_defended_seed1835086199,1835086199,24,0.926,0.8,0.6,213,False,0.0,False,False,0.17141156906988078,0.2190596051174843,0.0023889946411436804,0.2807664145535536,0.24974025754621015,0.07663315907172759
pilot_defended_seed1835086199,1835086199,25,1.0,0.8,0.8,214,False,0.0,False,False,0.2513233633957674,0.16064396587693092,0.03476414814932365,0.19654978888644314,0.31817852201618246,0.03854021167535257
pilot_defended_seed1835086199,1835086199,26,1.0,1.0,0.6,214,False,0.0,False,False,0.14139135514007248,0.22260793691555386,0.03648631424002971,0.2518633499986944,0.24188208701272815,0.10576895669292137
pilot_defended_seed1835086199,1835086199,27,0.8140000000000001,0.8,0.2,217,False,0.0,False,False,0.07210387382667742,0.23621009256090475,0.07106873971112164,0.2162753871406639,0.28954579331618957,0.11479611344444271
pilot_defended_seed1835086199,1835086199,28,1.0,1.0,0.2,219,False,0.0,False,False,0.16894501590709934,0.21419806946041725,0.025461711067708753,0.19264919675925313,0.2882633548146151,0.1104826519909064
pilot_defended_seed1835086199,1835086199,29,0.926,0.8,0.6,219,False,0.0,False,False,0.17779986476314846,0.1696552733423203,0.14983816905061043,0.2519622128983505,0.21902358028809812,0.03172089965747229
pilot_defended_seed1835086199,1835086199,30,0.126,0.0,0.6,224,False,0.0,False,False,0.17960527719165265,0.25702924080113,0.03950346857827091,0.24526097565615093,0.2293603482326536,0.04924068954014199
pilot_defended_seed1835086199,1835086199,31,0.42400000000000004,0.2,0.8,222,False,0.0,False,False,0.17184587364718418,0.17285071531851667,0.003277276203795949,0.22217699754743703,0.419872900556287,0.009976236726779109
pilot_defended_seed1835086199,1835086199,32,0.6240000000000001,0.4,0.8,227,False,0.0,False,False,0.12833618026426183,0.1778889083986935,0.0545228848118303,0.32482439796774876,0.21142998537830676,0.10299764317915888
pilot_defended_seed1835086199,1835086199,33,0.8240000000000001,0.6,0.8,217,False,0.0,False,False,0.09023058048905895,0.21536779415195115,0.0790197943432406,0.27072640419583344,0.26875973278381404,0.07589569403610186
pilot_defended_seed1835086199,1835086199,34,1.0,1.0,0.8,224,False,0.0,False,False,0.078078767850745,0.2637968930613643,0.03739335406210197,0.21482299316531905,0.3116911207593981,0.0942168711010717
pilot_defended_seed1835086199,1835086199,35,0.8140000000000001,0.8,0.2,225,False,0.0,False,False,0.06270547948014178,0.17624841972388433,0.13327624881687045,0.24975339441094407,0.28954892276781447,0.088467534800345
pilot_defended_seed1835086199,1835086199,36,0.656,0.6,0.4,237,False,0.0,False,False,0.1814903493679883,0.21390591278852675,0.07574903380550002,0.2693882323970251,0.2281427829962798,0.031323688644680055
pilot_defended_seed1835086199,1835086199,37,0.4,0.4,0.0,233,False,0.0,False,False,0.28438765162196505,0.18840141999158913,0.03454172760103524,0.2919499895623865,0.19631072720637302,0.004408484016651023
pilot_defended_seed1835086199,1835086199,38,0.21400000000000002,0.2,0.2,231,False,0.0,False,False,0.27580193069293907,0.1875387624073224,0.07395068060311809,0.20014103540406525,0.20109612119215448,0.06147146970040068
pilot_defended_seed1835086199,1835086199,39,0.21400000000000002,0.2,0.2,237,False,0.0,False,False,0.12727658362833932,0.1686257768425903,0.06902907941706808,0.17810486463919745,0.2996498196542771,0.1573138758185279
pilot_defended_seed1835086199,1835086199,40,1.0,0.8,0.8,240,False,0.0,False,False,0.13015151153057025,0.1473291071873495,0.0887558262590165,0.2950008810275251,0.28055099807567363,0.05821167591986499
pilot_defended_seed1835086199,1835086199,41,0.014000000000000002,0.0,0.2,246,False,0.0,False,False,0.19426692697239079,0.23637490382570478,0.08951717809301535,0.2300517581131033,0.21859239482721668,0.03119683816856908
pilot_defended_seed1835086199,1835086199,42,0.22400000000000003,0.0,0.8,245,False,0.0,False,False,0.19133185327371827,0.17314823431203943,0.009425055614753918,0.2496333856421923,0.3371976400951659,0.03926383106213022
pilot_defended_seed1835086199,1835086199,43,0.05600000000000001,0.0,0.4,242,False,0.0,False,False,0.13664424905247952,0.30208217817736005,0.040231850070503096,0.26483391666435246,0.22142166249215314,0.034786143543151654
pilot_defended_seed1835086199,1835086199,44,0.614,0.6,0.2,242,False,0.0,False,False,0.22681474371213348,0.19776360338134819,0.0242799336062411,0.2260438461791778,0.24191919601626233,0.08317867710483706
pilot_defended_seed1835086199,1835086199,45,0.656,0.6,0.4,232,False,0.0,False,False,0.0012848014537252283,0.2936190130995373,0.009185379550628935,0.2957050645170746,0.39037539509421676,0.009830346284817217
pilot_defended_seed1835086199,1835086199,46,1.0,1.0,0.6,236,False,0.0,False,False,0.017310984126691506,0.18299825631857294,0.11203366007188816,0.2650403671869167,0.2947910094407135,0.12782572285521715
pilot_defended_seed1835086199,1835086199,47,1.0,1.0,1.0,238,False,0.0,False,False,0.11150541871133163,0.23468114867645853,0.01974554971789743,0.3173368626941957,0.2503079953667586,0.0664230248333582
pilot_defended_seed1835086199,1835086199,48,0.2,0.2,0.0,240,False,0.0,False,False,0.14364740042442353,0.2462809141509764,0.059766125501318906,0.20766965585409713,0.26824321960710873,0.07439268446207524
pilot_defended_seed1835086199,1835086199,49,0.05600000000000001,0.0,0.4,243,False,0.0,False,False,0.13658594468524415,0.168154059672381,0.06852919623631673,0.20565940024148419,0.37083013666194437,0.050241262502629586
pilot_defended_seed1835086199,1835086199,50,0.3565,0.0065,1.0,247,True,0.03,False,False,0.23768919216201995,0.1685982420656596,0.06574249840152008,0.3192306574551857,0.196909089636189,0.01183032027942561
pilot_defended_seed1835086199,1835086199,51,0.069,0.013,0.4,243,True,0.06,False,False,0.14787787179854112,0.16660297914816535,0.02294921524992409,0.20094655150150625,0.3316517140674315,0.12997166823443168
pilot_defended_seed1835086199,1835086199,52,0.5455000000000001,0.41950000000000004,0.6,246,True,0.09000000000000001,False,False,0.08439591114919089,0.17000603158594632,0.01474048312903691,0.28757750319044323,0.3753019989545995,0.0679780719907831
pilot_defended_seed1835086199,1835086199,53,0.352,0.226,0.6,241,True,0.12000000000000001,False,False,0.21557664487722594,0.1767631722177974,0.0168739657217543,0.2646442206363776,0.1846197550799528,0.14152224146689188
pilot_defended_seed1835086199,1835086199,54,0.4465,0.4325,0.2,242,True,0.15000000000000002,False,False,0.16399274854689935,0.2020799847960748,0.032080727192535984,0.2654702880859679,0.311552897072134,0.02482335430638803
pilot_defended_seed1835086199,1835086199,55,0.439,0.439,0.0,248,True,0.18000000000000005,False,False,0.11696628463308793,0.18064219615679059,0.02210698028709998,0.24739026005320966,0.27585819382765003,0.1570360850421617
pilot_defended_seed1835086199,1835086199,56,0.1015,0.0455,0.4,241,True,0.21000000000000008,False,False,0.07858377379999404,0.3412237173691621,0.006955692735147128,0.25681592516395396,0.2846381310561714,0.03178275987557129
pilot_defended_seed1835086199,1835086199,57,0.052,0.052,0.0,238,True,0.2400000000000001,False,False,0.10249380277637904,0.1669223439263225,0.12324996368018179,0.3311721046887238,0.22633716030075254,0.04982462462764027
pilot_defended_seed1835086199,1835086199,58,0.4585,0.4585,0.0,243,True,0.27000000000000013,False,False,0.10765717396423233,0.16711878584455503,0.11610242984781383,0.2588551726807526,0.28113696870427657,0.06912946895836966
pilot_defended_seed1835086199,1835086199,59,0.864,0.85,0.2,244,True,0.30000000000000016,False,False,0.06010134352545196,0.22381759005649232,0.020241574945295444,0.30143820074763045,0.29912805551206184,0.09527323521306785
pilot_defended_seed1835086199,1835086199,60,0.864,0.85,0.2,237,True,0.3300000000000002,False,False,0.1557279759306049,0.15857572565708547,0.05378785194479198,0.27882237736187904,0.2786918330078196,0.07439423609781912
pilot_defended_seed1835086199,1835086199,61,0.29200000000000004,0.278,0.2,237,True,0.3600000000000002,False,False,0.058363778138058736,0.17909782036803143,0.05823571063732962,0.29420666421359365,0.2502444413398073,0.15985158530317922
pilot_defended_seed1835086199,1835086199,62,0.906,0.85,0.4,238,True,0.39000000000000024,False,False,0.1538740855267224,0.2615219784660302,0.01641739265384845,0.21373426098531223,0.32343705968720476,0.031015222680881895
pilot_defended_seed1835086199,1835086199,63,0.906,0.85,0.4,231,True,0.42000000000000026,False,False,0.176848938918062,0.15279812564175171,0.0058667531069188485,0.28498297936119094,0.22671575636520103,0.15278744660687552
pilot_defended_seed1835086199,1835086199,64,0.4975,0.4975,0.0,226,True,0.45000000000000023,False,False,0.12568857757960958,0.1547718528010412,0.1833594568742937,0.3044250569502479,0.21327581415077254,0.018479241644034982
pilot_defended_seed1835086199,1835086199,65,0.976,0.85,0.6,222,True,0.48000000000000026,False,False,0.08694058714215953,0.22404176746995733,0.015824714149936584,0.21552608406939588,0.31441925070406296,0.14324759646448765
pilot_defended_seed1835086199,1835086199,66,0.656,0.6,0.4,214,True,0.5100000000000002,True,True,0.2938068416113831,0.16474631196882564,0.019490874635703384,0.3549408950788252,0.15651272119459608,0.010502355510666484
pilot_defended_seed1835086199,1835086199,67,0.22400000000000003,0.0,0.8,219,True,0.5400000000000001,True,True,0.16642020247863,0.163479991725333,0.05014992249328972,0.3523352538780939,0.2643511843198755,0.0032634451047780697
pilot_defended_seed1835086199,1835086199,68,0.126,0.0,0.6,216,True,0.5700000000000001,True,True,0.1738421430727825,0.15572905400920872,0.05617516238120374,0.3064207563921536,0.23091669851645283,0.07691618562819855
pilot_defended_seed1835086199,1835086199,69,0.95,0.6,1.0,216,True,0.6,True,True,0.12591412172881805,0.23858729199873654,0.04117313980670393,0.20032629016966594,0.3919119107701334,0.0020872455259422517
pilot_defended_seed1835086199,1835086199,70,1.0,1.0,0.4,220,True,0.6299999999999999,True,True,0.20766153314633526,0.21240517038116682,0.02590666985053951,0.26986267537442965,0.26760633766712727,0.016557613580401642
pilot_defended_seed1835086199,1835086199,71,0.8240000000000001,0.6,0.8,226,True,0.6599999999999998,True,True,0.11772174546044022,0.17317457560778587,0.010908637729055383,0.2928031335135992,0.32055781794400345,0.08483408974511596
pilot_defended_seed1835086199,1835086199,72,0.95,0.6,1.0,232,True,0.6899999999999997,True,True,0.05546256508771079,0.17398713626395917,0.06744749673047001,0.3263761785173942,0.29635605399819887,0.08037056940226692
pilot_defended_seed1835086199,1835086199,73,0.614,0.6,0.2,232,True,0.7199999999999996,True,True,0.0639051775337883,0.2311824749907925,0.07679142055207828,0.27098302960660364,0.2903820052847161,0.06675589203202127
pilot_defended_seed1835086199,1835086199,74,0.2,0.2,0.0,233,True,0.7499999999999996,True,True,0.2215142366796869,0.2772871776088723,0.033513073708166904,0.24453658402750733,0.2111975922526296,0.01195133572313703
pilot_defended_seed1835086199,1835086199,75,0.42400000000000004,0.2,0.8,237,True,0.7799999999999995,True,True,0.11826331496090567,0.20370377983183383,0.03488607282585939,0.26074665961242477,0.28388720538494067,0.09851296738403571
pilot_defended_seed1835086199,1835086199,76,0.656,0.6,0.4,239,True,0.8099999999999994,True,True,0.1905717755395857,0.23894222129224232,0.020490540484861222,0.380513798501406,0.16741927412662405,0.00206239005528082
pilot_defended_seed1835086199,1835086199,77,0.6,0.6,0.0,250,True,0.8399999999999993,True,True,0.10286916128402956,0.22045036295565357,0.012638187113811499,0.3609496008214811,0.26369866465536895,0.03939402316965529
pilot_defended_seed1835086199,1835086199,78,1.0,1.0,0.2,245,True,0.8699999999999992,True,True,0.06038041061424979,0.2778375828534164,0.038608396184916176,0.36600948265598043,0.23144961146672938,0.025714516224707912
pilot_defended_seed1835086199,1835086199,79,0.326,0.2,0.6,245,True,0.8999999999999991,True,True,0.19466064368337788,0.18235630356895133,0.06949250373391166,0.281871618337411,0.22782077979846824,0.0437981508778799
pilot_defended_seed1835086199,1835086199,80,0.42400000000000004,0.2,0.8,247,True,0.929999999999999,True,True,0.2496372506030573,0.2532479114709651,0.08210127317927093,0.138503418178321,0.2723693032074211,0.004140843360964573
pilot_defended_seed1835086199,1835086199,81,0.8,0.8,0.0,248,True,0.9599999999999991,True,True,0.13112754468424814,0.15600494846102303,0.03405754162128807,0.3868690533531319,0.25546952159677894,0.036471390283529755
pilot_defended_seed1835086199,1835086199,82,0.014000000000000002,0.0,0.2,246,True,0.9899999999999991,True,True,0.11209183480498365,0.16010738891062223,0.08042246140724217,0.37552685443050987,0.25923375273006566,0.01261770771657642
pilot_defended_seed1835086199,1835086199,83,0.2,0.2,0.0,250,True,1.0199999999999991,True,True,0.2009032983345102,0.19270732548670005,0.06259462423403461,0.2307073674782069,0.2723933846553462,0.04069399981120212
pilot_defended_seed1835086199,1835086199,84,0.2,0.2,0.0,248,True,1.0499999999999992,True,True,0.22451032841910573,0.15357563869312657,0.0584990090523869,0.29121713547013744,0.25158933764569164,0.020608550719551654
pilot_defended_seed1835086199,1835086199,85,0.6,0.6,0.0,252,True,1.0799999999999992,True,True,0.11685842622593517,0.17217326658006069,0.09848045238720038,0.23921724245618048,0.318964039013583,0.05430657333704026
pilot_defended_seed1835086199,1835086199,86,1.0,0.8,1.0,254,True,1.1099999999999992,True,True,0.20015644322295129,0.1696554532858689,0.04725644007087262,0.35035487790315406,0.21573359628873093,0.016843189228422262
pilot_defended_seed1835086199,1835086199,87,0.526,0.4,0.6,256,True,1.1399999999999992,True,True,0.013842660693508873,0.24009417470853042,0.0023272852695471764,0.28784388305596315,0.4515550538981926,0.004336942374257734
pilot_defended_seed1835086199,1835086199,88,0.41400000000000003,0.4,0.2,257,True,1.1699999999999993,True,True,0.03070365469683902,0.17313425824182077,0.11112840491989977,0.35940035748979443,0.3142352568041657,0.011398067847480427
pilot_defended_seed1835086199,1835086199,89,1.0,1.0,0.2,258,True,1.1999999999999993,True,True,0.02650747925346109,0.1963713047448564,0.19093140126761582,0.27879309960624316,0.30358441260093094,0.0038123025268924963
pilot_defended_seed1835086199,1835086199,90,0.75,0.4,1.0,257,True,1.2299999999999993,True,True,0.16528058388231495,0.17315923420313792,0.027321562691033287,0.2962140538648809,0.23760919865182664,0.10041536670680627
pilot_defended_seed1835086199,1835086199,91,1.0,1.0,0.2,254,True,1.2599999999999993,True,True,0.21840415095490442,0.16536983662623028,0.10101477988191929,0.259372941142757,0.1454631436792088,0.11037514771498011
pilot_defended_seed1835086199,1835086199,92,0.95,0.6,1.0,248,True,1.2899999999999994,True,True,0.22153506178491858,0.16945352909550457,0.027402101854598612,0.264154240968552,0.29440811925661103,0.023046947039815285
pilot_defended_seed1835086199,1835086199,93,0.8140000000000001,0.8,0.2,245,True,1.3199999999999994,True,True,0.10759097494012973,0.20213181781794845,0.01996480303324797,0.2487334732186932,0.37593493438646586,0.045643996603514765
pilot_defended_seed1835086199,1835086199,94,0.656,0.6,0.4,245,True,1.3499999999999994,True,True,0.19807073496856303,0.15825137975389283,0.10946893262276636,0.28104100840369467,0.23170675597826795,0.021461188272815148
pilot_defended_seed1835086199,1835086199,95,0.126,0.0,0.6,246,True,1.3799999999999994,True,True,0.235507837083187,0.21582746102256026,0.0038885359110127143,0.16299943766657815,0.35558172448794834,0.026195003828713648
pilot_defended_seed1835086199,1835086199,96,1.0,1.0,0.2,242,True,1.4099999999999995,True,True,0.13010554435121444,0.1815502202104007,0.06425024920231347,0.2317051119009887,0.26980859594186934,0.12258027839321338
pilot_defended_seed1835086199,1835086199,97,0.326,0.2,0.6,239,True,1.4399999999999995,True,True,0.1457555208372199,0.20193825095718862,0.05990732108568829,0.24644070062863582,0.34068957952255097,0.0052686269687165195
pilot_defended_seed1835086199,1835086199,98,1.0,1.0,0.2,243,True,1.4699999999999995,True,True,0.15108798840977827,0.1603304203715909,0.1050149782729132,0.244477728637588,0.2622933996662138,0.07679548464191605
pilot_defended_seed1835086199,1835086199,99,0.126,0.0,0.6,239,True,1.4999999999999996,True,True,0.17118097987785447,0.16993271468579957,0.04161590802310598,0.20699180321773256,0.3055512946465445,0.10472729954896293
pilot_defended_seed1835086199,1835086199,100,0.8560000000000001,0.8,0.4,238,True,1.5299999999999996,True,True,0.1354506135930537,0.18736877122320456,0.071066078006939,0.2306780781646611,0.2946598108457723,0.08077664816636947
pilot_defended_seed1835086199,1835086199,101,0.614,0.6,0.2,242,True,1.5599999999999996,True,True,0.21284726257734748,0.22359730179751894,0.02674517081900271,0.23248086173855115,0.28398156237220984,0.02034784069537001
pilot_defended_seed1835086199,1835086199,102,1.0,1.0,0.8,233,True,1.5899999999999996,True,True,0.183630884823841,0.15075944351288306,0.08680487271795165,0.2742367363813817,0.25586268936459794,0.0487053731993448
pilot_defended_seed1835086199,1835086199,103,0.0,0.0,0.0,233,True,1.6199999999999997,True,True,0.13502757578993174,0.1791286567269512,0.03697583335733031,0.2295935643976474,0.32075379327829295,0.09852057644984653
pilot_defended_seed1835086199,1835086199,104,0.8560000000000001,0.8,0.4,230,True,1.6499999999999997,True,True,0.1131288840087857,0.19609903325402558,0.16968177354322697,0.2969117738364601,0.21821974916736808,0.005958786190133571
pilot_defended_seed1835086199,1835086199,105,0.614,0.6,0.2,231,True,1.6799999999999997,True,True,0.14801148993266233,0.1794960604276262,0.07299207338835553,0.3175061706393191,0.19520758422375212,0.08678662138828473
pilot_defended_seed1835086199,1835086199,106,0.0,0.0,0.0,230,True,1.7099999999999997,True,True,0.060890182456709546,0.18707065725138974,0.16944898225346028,0.22901276927879313,0.3202010611523576,0.03337634760728976
pilot_defended_seed1835086199,1835086199,107,0.326,0.2,0.6,238,True,1.7399999999999998,True,True,0.044967137387470366,0.17757977912243986,0.008366458176367482,0.2289876595225174,0.45408168480491795,0.08601728098628703
pilot_defended_seed1835086199,1835086199,108,0.95,0.6,1.0,237,True,1.7699999999999998,True,True,0.25085779581307094,0.17201294339066042,0.11274445221251697,0.23301239286230355,0.22477500247353002,0.006597413247918028
pilot_defended_seed1835086199,1835086199,109,0.256,0.2,0.4,236,True,1.7999999999999998,True,True,0.10799014094686757,0.19461597916108211,0.016739317797074525,0.2793513125225474,0.3929254716185663,0.008377777953862162
pilot_defended_seed1835086199,1835086199,110,0.126,0.0,0.6,236,True,1.8299999999999998,True,True,0.091643986124211,0.233075109388478,0.1130593237544842,0.20860537644206914,0.3231615090354572,0.030454695255300444
pilot_defended_seed1835086199,1835086199,111,0.526,0.4,0.6,231,True,1.8599999999999999,True,True,0.14989821083752325,0.15732733677261831,0.011501397430462695,0.27882015686479794,0.40213328401966864,0.0003196140749292354
pilot_defended_seed1835086199,1835086199,112,0.75,0.4,1.0,230,True,1.89,True,True,0.0902939194501705,0.23756102117494585,0.1610900668131069,0.20783775253124268,0.27416211726236406,0.02905512276817002
pilot_defended_seed1835086199,1835086199,113,0.8,0.8,0.0,236,True,1.92,True,True,0.12149314983450635,0.1770455259269619,0.04519571989463824,0.30364126382356227,0.33357819240618836,0.019046148114142774
pilot_defended_seed1835086199,1835086199,114,0.456,0.4,0.4,236,True,1.95,True,True,0.133207022701722,0.2552266220436647,0.03279755735234183,0.3320340517744009,0.235212857593195,0.011521888534675565
pilot_defended_seed1835086199,1835086199,115,0.256,0.2,0.4,235,True,1.9799999999999998,True,True,0.14616359507272358,0.2846418183844279,0.032169127157100144,0.2835917375305665,0.2316727237946488,0.021760998060533124
pilot_defended_seed1835086199,1835086199,116,0.014000000000000002,0.0,0.2,236,True,2.01,True,True,0.16132235690701585,0.1583920150669629,0.02990075680040533,0.25613369086937415,0.3139487327713575,0.08030244758488435
pilot_defended_seed1835086199,1835086199,117,0.526,0.4,0.6,235,True,2.04,True,True,0.040891736821265456,0.15656301081339877,0.02191421226577281,0.30355768255637827,0.45875964252921353,0.018313715013971173
pilot_defended_seed1835086199,1835086199,118,0.926,0.8,0.6,236,True,2.0700000000000003,True,True,0.2995418322503311,0.15119148201763966,0.021731819123010723,0.29989536914772047,0.21675808510757,0.01088141235372817
pilot_defended_seed1835086199,1835086199,119,0.526,0.4,0.6,241,True,2.1000000000000005,True,True,0.016838933996301736,0.19077241213885773,0.0026021865969845146,0.4574473557017339,0.3235202683793329,0.00881884318678917
pilot_defended_seed1835086199,1835086199,120,0.656,0.6,0.4,244,True,2.130000000000001,True,True,0.2967619952475143,0.2370348388411155,0.04587854661239175,0.1492933479235812,0.2674013489268518,0.0036299224485455356
pilot_defended_seed1835086199,1835086199,121,0.456,0.4,0.4,245,True,2.160000000000001,True,True,0.07104776271634665,0.1977479335037416,0.0004460403752446058,0.4212600099673127,0.25993821220476,0.04956004123259451
pilot_defended_seed1835086199,1835086199,122,0.614,0.6,0.2,245,True,2.1900000000000013,True,True,0.015065216388693356,0.21552219063644198,0.021101114673869475,0.2925779698098662,0.28020240138581587,0.17553110710531303
pilot_defended_seed1835086199,1835086199,123,1.0,1.0,0.4,245,True,2.2200000000000015,True,True,0.10985544640964605,0.24524905558775853,0.03238761391587386,0.25908660136510836,0.27079335218111644,0.08262793054049665
pilot_defended_seed1835086199,1835086199,124,0.014000000000000002,0.0,0.2,238,True,2.2500000000000018,True,True,0.2320135032881219,0.2705832741967219,0.03895963062418992,0.23219816197638005,0.22453073820752853,0.0017146917070577797
pilot_defended_seed1835086199,1835086199,125,0.8,0.8,0.0,239,True,2.280000000000002,True,True,0.17145805346129858,0.2011991417533451,0.011305109832154336,0.21355346916885184,0.36568608044241124,0.03679814534193899
pilot_defended_seed1835086199,1835086199,126,0.42400000000000004,0.2,0.8,245,True,2.3100000000000023,True,True,0.026708480144295048,0.1599486587885748,0.02520114974214811,0.29883659896765086,0.4522773666639954,0.03702774569333586
pilot_defended_seed1835086199,1835086199,127,1.0,1.0,0.2,248,True,2.3400000000000025,True,True,0.1279118235490003,0.16692555015406543,0.09246539641313177,0.3327646296624249,0.2507502159738428,0.029182384247534776
pilot_defended_seed1835086199,1835086199,128,0.656,0.6,0.4,250,True,2.3700000000000028,True,True,0.03454053698215683,0.35798422456136025,0.0013359514458304448,0.25692521980869026,0.30603575771085845,0.04317830949110385
pilot_defended_seed1835086199,1835086199,129,0.926,0.8,0.6,246,True,2.400000000000003,True,True,0.13022225404554094,0.18473607800919717,0.05222575608233193,0.24493820116268825,0.29252505152466796,0.09535265917557371
pilot_defended_seed1835086199,1835086199,130,1.0,1.0,0.6,250,True,2.4300000000000033,True,True,0.2466148244370287,0.2500196880237892,0.05009606138144293,0.17489256210139986,0.25646128966392734,0.02191557439241212
pilot_defended_seed1835086199,1835086199,131,0.8240000000000001,0.6,0.8,249,True,2.4600000000000035,True,True,0.09253958023267984,0.16551059592599335,0.024001760911825203,0.27384244408184594,0.32660359688549584,0.11750202196215988
pilot_defended_seed1835086199,1835086199,132,0.326,0.2,0.6,248,True,2.4900000000000038,True,True,0.3003653226205985,0.16180990876038664,0.002464408960685569,0.22951189223731652,0.2808441245876913,0.025004342833321397
pilot_defended_seed1835086199,1835086199,133,0.35,0.0,1.0,247,True,2.520000000000004,True,True,0.0701153705039472,0.274958824086973,0.02634166305104604,0.3096980452534958,0.2983968496164877,0.02048924748805027
pilot_defended_seed1835086199,1835086199,134,0.8560000000000001,0.8,0.4,249,True,2.5500000000000043,True,True,0.13931219284388252,0.21426430522550585,0.035818997229118174,0.21018424406749345,0.3448398228571747,0.05558043777682514
pilot_defended_seed1835086199,1835086199,135,0.926,0.8,0.6,254,True,2.5800000000000045,True,True,0.16186629306904304,0.20467591737625174,0.04306786742326668,0.18792680385009017,0.3561273807108382,0.04633573757051029
pilot_defended_seed1835086199,1835086199,136,0.8240000000000001,0.6,0.8,252,True,2.6100000000000048,True,True,0.31518866913713833,0.17770111997710572,0.05776785423641672,0.12949756879305654,0.27192057962189525,0.04792420823438735
pilot_defended_seed1835086199,1835086199,137,0.326,0.2,0.6,257,True,2.640000000000005,True,True,0.05330245271157947,0.17827773426213883,0.07289773834504357,0.353852749698519,0.3345804663742427,0.007088858608476542
pilot_defended_seed1835086199,1835086199,138,0.4,0.4,0.0,247,True,2.6700000000000053,True,True,0.08700541618472647,0.18870994511061226,0.029492367387825083,0.27125527348475853,0.2536450510125007,0.16989194681957714
pilot_defended_seed1835086199,1835086199,139,0.256,0.2,0.4,252,True,2.7000000000000055,True,True,0.11500124351171831,0.16342915245457904,0.10826842415212072,0.3314579964421196,0.2717449530219461,0.010098230417516372
pilot_defended_seed1835086199,1835086199,140,0.8,0.8,0.0,256,True,2.7300000000000058,True,True,0.30296066415230805,0.2267047749046663,0.05517617178767338,0.09698854654064565,0.29869730796170935,0.01947253465299736
pilot_defended_seed1835086199,1835086199,141,0.014000000000000002,0.0,0.2,255,True,2.760000000000006,True,True,0.15790241466826105,0.2894355962978286,0.06212547351036301,0.26835031478937377,0.20923737340107576,0.012948827333097875
pilot_defended_seed1835086199,1835086199,142,1.0,1.0,1.0,258,True,2.7900000000000063,True,True,0.303170794866158,0.16167891297574907,0.02371236325923036,0.2570583060227582,0.17544670652710626,0.07893291634899814
pilot_defended_seed1835086199,1835086199,143,0.726,0.6,0.6,256,True,2.8200000000000065,True,True,0.12962497540663442,0.26983369184875816,0.004271956280265772,0.31924743268605194,0.25024029678223586,0.026781646996053746
pilot_defended_seed1835086199,1835086199,144,1.0,1.0,0.8,258,True,2.8500000000000068,True,True,0.13974586074779383,0.27669825417002314,0.021037487940122702,0.26557284066897296,0.21596537861949172,0.08098017785359564
pilot_defended_seed1835086199,1835086199,145,1.0,1.0,1.0,264,True,2.880000000000007,True,True,0.10064429233303984,0.19413068981132464,0.05817339025042198,0.3457079913806698,0.2764051084594555,0.02493852776508829
pilot_defended_seed1835086199,1835086199,146,0.4,0.4,0.0,259,True,2.9100000000000072,True,True,0.18795989303568184,0.2086992081035129,0.039383619409913584,0.30477338642406826,0.23527514490864462,0.023908748118178794
pilot_defended_seed1835086199,1835086199,147,0.656,0.6,0.4,263,True,2.9400000000000075,True,True,0.15473144706997125,0.17099953347116592,0.15978477829046706,0.19976347399383287,0.2921716212448105,0.022549145929752473
pilot_defended_seed1835086199,1835086199,148,0.4,0.4,0.0,257,True,2.9700000000000077,True,True,0.12978344551429283,0.16216295954368376,0.1178119053776198,0.2770058708953153,0.28282143738408266,0.030414381285005777
pilot_defended_seed1835086199,1835086199,149,0.926,0.8,0.6,264,True,3.000000000000008,True,True,0.06437911534863637,0.19727143217099266,0.03272151223807217,0.25043092907765907,0.3003466458794902,0.15485036528514942
pilot_defended_seed1835086199,1835086199,150,0.21400000000000002,0.2,0.2,266,True,3.0300000000000082,True,True,0.18940620669990005,0.20517121042356296,0.07008641040851701,0.21801922994541786,0.28437061162728516,0.032946330895317
pilot_defended_seed1835086199,1835086199,151,0.014000000000000002,0.0,0.2,275,True,3.0600000000000085,True,True,0.2520961895417822,0.21116787863929803,0.016291822224104496,0.13184262677052683,0.3480227023959526,0.04057878042833582
pilot_defended_seed1835086199,1835086199,152,0.22400000000000003,0.0,0.8,271,True,3.0900000000000087,True,True,0.07821304902257434,0.16785672597517937,0.07261007411109283,0.29968948477612856,0.3264747972240293,0.05515586889099572
pilot_defended_seed1835086199,1835086199,153,1.0,1.0,0.4,271,True,3.120000000000009,True,True,0.23901862748410793,0.17362908032730523,0.035636518654208894,0.21910712497340168,0.2553901620337499,0.07721848652722618
pilot_defended_seed1835086199,1835086199,154,0.22400000000000003,0.0,0.8,265,True,3.1500000000000092,True,True,0.16093052483426937,0.2249225228456523,0.04311994386720359,0.19619785334892387,0.3367523625769299,0.038076792527020814
pilot_defended_seed1835086199,1835086199,155,0.42400000000000004,0.2,0.8,271,True,3.1800000000000095,True,True,0.24790557887050615,0.2285573577762143,0.003876300806654921,0.33682469111974445,0.18134047442374518,0.0014955970031350048
pilot_defended_seed1835086199,1835086199,156,0.42400000000000004,0.2,0.8,268,True,3.2100000000000097,True,True,0.20907671615487983,0.22554153121304246,0.038808940254732575,0.21259414503826357,0.24456088730855782,0.06941778003052376
pilot_defended_seed1835086199,1835086199,157,0.4,0.4,0.0,266,True,3.24000000000001,True,True,0.10110923785743495,0.18954387133860495,0.07715497995407214,0.2967754538703805,0.21500745867467694,0.12040899830483048
pilot_defended_seed1835086199,1835086199,158,1.0,0.8,1.0,272,True,3.2700000000000102,True,True,0.03280670194202844,0.18236744890258033,0.0006627435532426821,0.19791339736258917,0.39618095235079565,0.19006875588876376
pilot_defended_seed1835086199,1835086199,159,0.456,0.4,0.4,278,True,3.3000000000000105,True,True,0.03844679922319267,0.23040180566084872,0.025991065034952816,0.35414082617127607,0.31224345940850606,0.03877604450122369
pilot_defended_seed1835086199,1835086199,160,0.6240000000000001,0.4,0.8,279,True,3.3300000000000107,True,True,0.18726899035077216,0.18917705696665044,0.14534442897393052,0.20639594156769553,0.2682435189482792,0.0035700631926722792
pilot_defended_seed1835086199,1835086199,161,0.42400000000000004,0.2,0.8,278,True,3.360000000000011,True,True,0.15483493048662308,0.22875954341986401,0.045288261629034626,0.3236884223814741,0.22938632559282254,0.01804251649018153
pilot_defended_seed1835086199,1835086199,162,0.95,0.6,1.0,273,True,3.3900000000000112,True,True,0.027333495641117988,0.17502074369338447,0.02253455476679569,0.34170482556027443,0.3772523403407974,0.056154039997630016
pilot_defended_seed1835086199,1835086199,163,0.4,0.4,0.0,267,True,3.4200000000000115,True,True,0.07816493493391916,0.1872359477959722,0.07850375625656049,0.3353918120225522,0.20911513978924856,0.11158840920174751
pilot_defended_seed1835086199,1835086199,164,0.41400000000000003,0.4,0.2,261,True,3.4500000000000117,True,True,0.12115212614974817,0.18306421979360446,0.06897227484058158,0.30117464786383125,0.3065686315553908,0.01906809979684391
pilot_defended_seed1835086199,1835086199,165,0.21400000000000002,0.2,0.2,261,True,3.480000000000012,True,True,0.06194512075246678,0.1774390582666538,0.06873119747167583,0.2747560277737064,0.3988892498358894,0.01823934589960773
pilot_defended_seed1835086199,1835086199,166,1.0,1.0,0.8,264,True,3.510000000000012,True,True,0.13647267238437671,0.1767170495017406,0.1254894016182929,0.3183161290248817,0.2265161851429131,0.016488562327795102
pilot_defended_seed1835086199,1835086199,167,0.8140000000000001,0.8,0.2,265,True,3.5400000000000125,True,True,0.25081633568085304,0.1666792035383234,0.09380486706539165,0.2276048423103928,0.261094746629652,4.775387178866054e-09
pilot_defended_seed1835086199,1835086199,168,0.456,0.4,0.4,261,True,3.5700000000000127,True,True,0.14954422081325944,0.17387162684815113,0.1707273975854265,0.24673209375075758,0.2481841257944675,0.01094053520793789
pilot_defended_seed1835086199,1835086199,169,0.75,0.4,1.0,261,True,3.600000000000013,True,True,0.30912027623051835,0.18108234110567753,0.004766013703364264,0.22504690507876268,0.19524006338356956,0.08474440049810761
pilot_defended_seed1835086199,1835086199,170,0.95,0.6,1.0,270,True,3.630000000000013,True,True,0.25912664416952136,0.16521954113136425,0.00507312798743893,0.28360273266768765,0.1583617367616744,0.1286162172823135
pilot_defended_seed1835086199,1835086199,171,0.35,0.0,1.0,269,True,3.6600000000000135,True,True,0.10114701169522268,0.28214921650747454,0.008233694372662165,0.3032439988557763,0.30262091092464316,0.0026051676442212703
pilot_defended_seed1835086199,1835086199,172,0.05600000000000001,0.0,0.4,269,True,3.6900000000000137,True,True,0.1265674324237791,0.18934448172283927,0.10424845989374441,0.2547466756374217,0.2632854292573611,0.06180752106485424
pilot_defended_seed1835086199,1835086199,173,0.926,0.8,0.6,272,True,3.720000000000014,True,True,0.24764457086508723,0.20142491380207264,0.012570915376537942,0.31870400676144744,0.17534742763516328,0.04430816555969143
pilot_defended_seed1835086199,1835086199,174,1.0,1.0,0.2,275,True,3.750000000000014,True,True,0.21151764956300495,0.14777195074721355,0.0522096768654697,0.2379047683785399,0.3078039679915631,0.042791986454208834
pilot_defended_seed1835086199,1835086199,175,0.4,0.4,0.0,271,True,3.7800000000000145,True,True,0.10117889659961758,0.2516120931369757,0.1139689609279938,0.2501748140330592,0.20267392467998044,0.08039131062237326
pilot_defended_seed1835086199,1835086199,176,0.8240000000000001,0.6,0.8,278,True,3.8100000000000147,True,True,0.1822276893054347,0.1828087433456599,0.06841023207624082,0.24727032044985137,0.2986868329090617,0.020596181913751562
pilot_defended_seed1835086199,1835086199,177,0.95,0.6,1.0,271,True,3.840000000000015,True,True,0.21474389131623697,0.1500471462606733,0.013152759474822496,0.2557493948327392,0.3430904767927476,0.02321633132278059
pilot_defended_seed1835086199,1835086199,178,0.726,0.6,0.6,270,True,3.870000000000015,True,True,0.01909944678994153,0.22054121210670535,0.053738923404467086,0.3785055223377358,0.2820663249913111,0.04604857036983908
pilot_defended_seed1835086199,1835086199,179,0.41400000000000003,0.4,0.2,268,True,3.9000000000000155,True,True,0.22708856037521863,0.17349358878914173,0.016797781232341224,0.19984039718607932,0.33100322667794496,0.05177644573927409
pilot_defended_seed1835086199,1835086199,180,0.6,0.6,0.0,272,True,3.9300000000000157,True,True,0.19388078405269699,0.18575278630952155,0.01328542287951372,0.2572491562271657,0.26656204065432754,0.08326980987677457
pilot_defended_seed1835086199,1835086199,181,1.0,1.0,1.0,275,True,3.960000000000016,True,True,0.16318433142501348,0.22402746286249786,0.05372154772786407,0.3094420768691709,0.24612206750113938,0.003502513614314302
pilot_defended_seed1835086199,1835086199,182,0.6,0.6,0.0,276,True,3.990000000000016,True,True,0.27614842928148436,0.19064852037499383,0.027988477451000745,0.1945873814418917,0.2795057092110083,0.031121482239621086
pilot_defended_seed1835086199,1835086199,183,0.22400000000000003,0.0,0.8,272,True,4.0200000000000164,True,True,0.0469448974925488,0.31730608758150447,0.0383047768664804,0.3375816560711039,0.25880426860195205,0.001058313386410413
pilot_defended_seed1835086199,1835086199,184,1.0,1.0,0.4,278,True,4.050000000000017,True,True,0.04485122533580691,0.1656898167526278,4.0279006422113904e-05,0.45849752325841453,0.2879032821967166,0.04301787345001192
pilot_defended_seed1835086199,1835086199,185,1.0,0.8,1.0,280,True,4.080000000000017,True,True,0.04545425017113434,0.29030196896345006,0.04219769916913804,0.3354854415566242,0.2675244870235047,0.019036153116148646
pilot_defended_seed1835086199,1835086199,186,0.8140000000000001,0.8,0.2,284,True,4.110000000000017,True,True,0.1859356241802792,0.14913056500959365,0.005084022806612065,0.3421829435770345,0.3059432233153516,0.011723621111128997
pilot_defended_seed1835086199,1835086199,187,0.2,0.2,0.0,280,True,4.140000000000017,True,True,0.06472466573707371,0.16616006146422643,0.03653238573048359,0.30564195938056327,0.3141772018412954,0.11276372584635777
pilot_defended_seed1835086199,1835086199,188,0.8140000000000001,0.8,0.2,285,True,4.170000000000018,True,True,0.05349486129902227,0.2510111495974839,0.003977966768050639,0.33752632432626317,0.32334591881557456,0.030643779193605662
pilot_defended_seed1835086199,1835086199,189,1.0,1.0,0.8,290,True,4.200000000000018,True,True,0.06908750845706106,0.18103154319262055,0.10183930984343231,0.23324700460295467,0.327361227022903,0.08743340688102834
pilot_defended_seed1835086199,1835086199,190,0.41400000000000003,0.4,0.2,294,True,4.230000000000018,True,True,0.13577325573811222,0.22262566663366362,0.04912094188270298,0.2608540858012643,0.25386511950230495,0.07776093044195204
pilot_defended_seed1835086199,1835086199,191,0.326,0.2,0.6,307,True,4.260000000000018,True,True,0.27210027925507063,0.18200103175414883,0.07887265268042241,0.12959727871867904,0.32153877471597636,0.015889982875702754
pilot_defended_seed1835086199,1835086199,192,0.95,0.6,1.0,308,True,4.290000000000019,True,True,0.13636319702144736,0.22194893618203496,0.06497760697107303,0.21959708094380703,0.32204779316914883,0.03506538571248876
pilot_defended_seed1835086199,1835086199,193,1.0,1.0,0.0,314,True,4.320000000000019,True,True,0.17216003898541865,0.15482360614412416,0.05092860526797568,0.317164693424438,0.2768419238352203,0.02808113234282332
pilot_defended_seed1835086199,1835086199,194,1.0,1.0,0.0,313,True,4.350000000000019,True,True,0.1032393937013863,0.20425741606018888,0.043388128473549094,0.25771299374799017,0.32008220007108545,0.07131986794580006
pilot_defended_seed1835086199,1835086199,195,0.014000000000000002,0.0,0.2,304,True,4.380000000000019,True,True,0.12035528576118673,0.21006195910687372,0.04807934410169016,0.2548562651433246,0.25256519387199705,0.1140819520149278
pilot_defended_seed1835086199,1835086199,196,0.656,0.6,0.4,311,True,4.41000000000002,True,True,0.04795554342731765,0.23460156121975373,0.0411648190682539,0.3027041042123031,0.2916010169838517,0.08197295508851993
pilot_defended_seed1835086199,1835086199,197,1.0,1.0,0.0,311,True,4.44000000000002,True,True,0.10343365764347151,0.17410001188912447,0.09015544560273846,0.30066429015257246,0.25666383382572183,0.07498276088637135
pilot_defended_seed1835086199,1835086199,198,0.6240000000000001,0.4,0.8,320,True,4.47000000000002,True,True,0.07425357098428913,0.26010513672767716,0.08516974478133855,0.251816347801221,0.2703165862595566,0.058338613445917724
pilot_defended_seed1835086199,1835086199,199,1.0,1.0,0.4,321,True,4.50000000000002,True,True,0.02104534553159153,0.3931866624590097,0.007957630474473799,0.3220625412636164,0.2228565614709196,0.032891258800388956
pilot_defended_seed1835086199,1835086199,200,0.014000000000000002,0.0,0.2,321,True,4.530000000000021,True,True,0.14611190388746556,0.16061225012046224,0.0772339716090146,0.2784771001578927,0.3247763053551399,0.012788468870025022
pilot_defended_seed1835086199,1835086199,201,1.0,1.0,0.4,319,True,4.560000000000021,True,True,0.06627241774316595,0.17822151240824344,0.02273651847070423,0.30202016938232573,0.35148353668810417,0.07926584530745655
pilot_defended_seed1835086199,1835086199,202,0.456,0.4,0.4,325,True,4.590000000000021,True,True,0.3746814876911178,0.19370052128349124,0.02170486736594501,0.19125248267470812,0.19815675007051117,0.020503890914226674
pilot_defended_seed1835086199,1835086199,203,0.8560000000000001,0.8,0.4,326,True,4.620000000000021,True,True,0.22444061338299962,0.33947401908937247,0.019978054230606737,0.20521162866537493,0.2071238383815379,0.003771846250108425
pilot_defended_seed1835086199,1835086199,204,0.926,0.8,0.6,320,True,4.650000000000022,True,True,0.07989568809103753,0.16555109515122107,0.03896817938994569,0.34161590237108536,0.3403328229467097,0.033636312050000755
pilot_defended_seed1835086199,1835086199,205,1.0,1.0,1.0,320,True,4.680000000000022,True,True,0.05734641591787067,0.22670381258191705,0.12454926763242831,0.2973920860999307,0.2799698474803466,0.014038570287506755
pilot_defended_seed1835086199,1835086199,206,0.256,0.2,0.4,323,True,4.710000000000022,True,True,0.265720240331274,0.15224289042157316,0.029903226817475557,0.22476264824644887,0.3005586643264711,0.026812329856757366
pilot_defended_seed1835086199,1835086199,207,0.21400000000000002,0.2,0.2,324,True,4.740000000000022,True,True,0.17975164600018606,0.19102882091311904,0.007971754609129519,0.20316638758524952,0.40857259415164365,0.00950879674067218
pilot_defended_seed1835086199,1835086199,208,0.35,0.0,1.0,323,True,4.770000000000023,True,True,0.3010650186150691,0.2108333180123195,0.004887057642680442,0.22397107964663454,0.20599604109549544,0.05324748498780097
pilot_defended_seed1835086199,1835086199,209,1.0,1.0,1.0,323,True,4.800000000000023,True,True,0.1212800651031615,0.2116325499791669,0.057634438575536136,0.23008763610221625,0.30010514921482156,0.07926016102509775
pilot_defended_seed1835086199,1835086199,210,0.05600000000000001,0.0,0.4,326,True,4.830000000000023,True,True,0.15157341302316216,0.22417965345419177,0.025480739732496815,0.2964372075897442,0.28013405465841584,0.022194931541989222
pilot_defended_seed1835086199,1835086199,211,0.55,0.2,1.0,329,True,4.860000000000023,True,True,0.14766380974402468,0.24065676119023785,0.045821280393972874,0.27629200869049275,0.19012356456750282,0.09944257541376893
pilot_defended_seed1835086199,1835086199,212,0.8560000000000001,0.8,0.4,331,True,4.890000000000024,True,True,0.12448540020140775,0.20046313939859173,0.06993248645356628,0.3333800086680382,0.24081950975240632,0.030919455525989792
pilot_defended_seed1835086199,1835086199,213,0.2,0.2,0.0,337,True,4.920000000000024,True,True,0.2106407342575012,0.13682101066028793,0.023216227870108918,0.2973371675122848,0.30351109690742417,0.028473762792393133
pilot_defended_seed1835086199,1835086199,214,0.656,0.6,0.4,328,True,4.950000000000024,True,True,0.1261772739067237,0.2882771710290346,0.04825045148417305,0.16731773850624854,0.3537817594695223,0.016195605604297923
pilot_defended_seed1835086199,1835086199,215,1.0,1.0,0.4,328,True,4.980000000000024,True,True,0.23115385935066765,0.18376569459420866,0.04848952218278069,0.3223981918345872,0.18078256849038743,0.03341016354736841
pilot_defended_seed1835086199,1835086199,216,0.256,0.2,0.4,328,True,5.010000000000025,True,True,0.20772943123990492,0.23244196055067826,0.04790551348484252,0.26880343329820194,0.1421828277407375,0.10093683368563477
pilot_defended_seed1835086199,1835086199,217,1.0,1.0,0.4,334,True,5.040000000000025,True,True,0.08372518327262833,0.1945338835277501,0.14729386772128955,0.25803195702298504,0.2584132800685425,0.058001828386804614
pilot_defended_seed1835086199,1835086199,218,0.614,0.6,0.2,323,True,5.070000000000025,True,True,0.12764619600961866,0.16782764863764366,0.11568423122595081,0.29580764985484803,0.2433648244493911,0.049669449822547694
pilot_defended_seed1835086199,1835086199,219,0.95,0.6,1.0,330,True,5.100000000000025,True,True,0.030792626880723418,0.21910208566171951,0.07949757158917443,0.3813944062703601,0.2774291476069077,0.011784161991115004
pilot_defended_seed1835086199,1835086199,220,0.326,0.2,0.6,327,True,5.130000000000026,True,True,0.06480707898107531,0.17072812411654034,0.038247485482020054,0.2933015543396411,0.35441249013081494,0.07850326694990814
pilot_defended_seed1835086199,1835086199,221,0.22400000000000003,0.0,0.8,325,True,5.160000000000026,True,True,0.18599684647163842,0.2563171168072667,0.00712476559207633,0.22968980802039043,0.2773286114245567,0.04354285168407151
pilot_defended_seed1835086199,1835086199,222,1.0,1.0,0.2,323,True,5.190000000000026,True,True,0.06662435062567108,0.3038108236703607,0.02808273156199288,0.2540788526074263,0.32787325577263626,0.01952998576191279
pilot_defended_seed1835086199,1835086199,223,1.0,1.0,0.6,329,True,5.220000000000026,True,True,0.016954568991358998,0.1909202778039514,0.002596311943936287,0.465576037346175,0.308953508048738,0.014999295865840319
pilot_defended_seed1835086199,1835086199,224,0.326,0.2,0.6,326,True,5.250000000000027,True,True,0.16533603876797334,0.24350175068442595,0.02362150501382904,0.25750637439228435,0.22714922052534686,0.08288511061614041
pilot_defended_seed1835086199,1835086199,225,1.0,1.0,0.2,323,True,5.280000000000027,True,True,0.14635138168082756,0.1866784239934615,0.023622620018739125,0.25725533038871434,0.34689691947582285,0.03919532444243484
pilot_defended_seed1835086199,1835086199,226,0.8240000000000001,0.6,0.8,323,True,5.310000000000027,True,True,0.15554033386528032,0.1674210903633707,0.03319963273498007,0.285972348267131,0.3072935629535827,0.05057303181565518
pilot_defended_seed1835086199,1835086199,227,0.4,0.4,0.0,319,True,5.340000000000027,True,True,0.14918948069728716,0.2830811665205252,0.04088870112198333,0.3152459246659029,0.21044966472220716,0.0011450622720943053
pilot_defended_seed1835086199,1835086199,228,0.2,0.2,0.0,316,True,5.370000000000028,True,True,0.032070192698848914,0.18066177748850673,0.0042092040884537454,0.3416718085949941,0.34277171212659285,0.0986153050026037
pilot_defended_seed1835086199,1835086199,229,0.2,0.2,0.0,318,True,5.400000000000028,True,True,0.30393870955838487,0.165818640240759,0.04674673310647443,0.21060305028613371,0.24509320310229862,0.027799663705949346
pilot_defended_seed1835086199,1835086199,230,0.256,0.2,0.4,316,True,5.430000000000028,True,True,0.035547037142724836,0.2067511934716608,0.0770546879453498,0.20126715376142973,0.3956403793832772,0.08373954829555762
pilot_defended_seed1835086199,1835086199,231,0.21400000000000002,0.2,0.2,319,True,5.460000000000028,True,True,0.2747294366948132,0.18043520161771076,0.002126399546378941,0.15593242785034392,0.3304472454604688,0.056329288830284395
pilot_defended_seed1835086199,1835086199,232,0.526,0.4,0.6,313,True,5.490000000000029,True,True,0.07808132452610132,0.1819967490648338,0.15199740874011186,0.23020907773078927,0.32181000625760975,0.03590543368055388
pilot_defended_seed1835086199,1835086199,233,0.95,0.6,1.0,310,True,5.520000000000029,True,True,0.2817239306677613,0.16771697571910232,0.00939382696468016,0.2847289024090508,0.24656067509318227,0.009875689146222997
pilot_defended_seed1835086199,1835086199,234,1.0,1.0,0.4,312,True,5.550000000000029,True,True,0.10843982907716773,0.16221406737628094,0.06460917341172334,0.2929173287759406,0.225217033745311,0.14660256761357643
pilot_defended_seed1835086199,1835086199,235,0.4,0.4,0.0,319,True,5.580000000000029,True,True,0.24714427619290022,0.2025576344888479,0.00010905876098967893,0.25325898891172643,0.27690108229859367,0.020028959346942217
pilot_defended_seed1835086199,1835086199,236,1.0,0.8,1.0,313,True,5.61000000000003,True,True,0.1721668507490608,0.2029796643710316,0.0003810559675189016,0.2711058593882549,0.25638413884419836,0.0969824306799354
pilot_defended_seed1835086199,1835086199,237,0.926,0.8,0.6,313,True,5.64000000000003,True,True,0.09243970724886282,0.18910438977238297,0.14110146255303396,0.26772088899682434,0.2569402417790894,0.05269330964980653
pilot_defended_seed1835086199,1835086199,238,0.456,0.4,0.4,307,True,5.67000000000003,True,True,0.22074491265994134,0.30612017425397053,0.0007112258399419941,0.20248230941472156,0.2699354426691008,5.935162323621546e-06
pilot_defended_seed1835086199,1835086199,239,0.256,0.2,0.4,299,True,5.70000000000003,True,True,0.20296541224227801,0.20093323679554687,0.05765649694619904,0.27876431575356553,0.2068874234499535,0.05279311481245716
pilot_defended_seed1835086199,1835086199,240,0.656,0.6,0.4,296,True,5.730000000000031,True,True,0.15433360115001513,0.21812288297076327,0.048077496278919656,0.20618863563268708,0.34114916885594654,0.03212821511166844
pilot_defended_seed1835086199,1835086199,241,0.8240000000000001,0.6,0.8,295,True,5.760000000000031,True,True,0.11377655791940511,0.35274194345916704,0.009617739484938543,0.22031265210170184,0.29329959367408337,0.010251513360704137
pilot_defended_seed1835086199,1835086199,242,0.014000000000000002,0.0,0.2,300,True,5.790000000000031,True,True,0.13787146628244054,0.29300197276238854,0.09687549797929952,0.19599088044164428,0.27082470502266115,0.0054354775115658905
pilot_defended_seed1835086199,1835086199,243,0.4,0.4,0.0,300,True,5.820000000000031,True,True,0.1677518885506159,0.23734139338869178,0.09509795476054794,0.19901216504336816,0.2513171246930929,0.04947947356368332
pilot_defended_seed1835086199,1835086199,244,0.8560000000000001,0.8,0.4,301,True,5.850000000000032,True,True,0.07119952984870559,0.17206583789899998,0.030421058857701824,0.39444268035302643,0.2616479256824656,0.07022296735910064
pilot_defended_seed1835086199,1835086199,245,0.526,0.4,0.6,306,True,5.880000000000032,True,True,0.05087778092785101,0.30709272182793906,0.053189405040943355,0.27899067457034893,0.3047365299730879,0.005112887659829656
pilot_defended_seed1835086199,1835086199,246,0.726,0.6,0.6,302,True,5.910000000000032,True,True,0.15123095897631475,0.290286704570657,0.026558724560336405,0.2579152110758722,0.25607382163173786,0.017934579185081845
pilot_defended_seed1835086199,1835086199,247,0.95,0.6,1.0,301,True,5.940000000000032,True,True,0.07527357751485941,0.17374020463832698,0.03800908727211649,0.2379524515680632,0.40651891243378424,0.06850576657284971
pilot_defended_seed1835086199,1835086199,248,0.656,0.6,0.4,293,True,5.970000000000033,True,True,0.11968215577172221,0.2670264536047783,0.1079121082062972,0.22630617872426154,0.27757697571998896,0.0014961279729518615
pilot_defended_seed1835086199,1835086199,249,0.614,0.6,0.2,290,True,6.000000000000033,True,True,0.07474236974528639,0.21435096247134613,0.030241949363702652,0.2974697818700184,0.3733588140724902,0.009836122477156189
pilot_defended_seed1835086199,1835086199,250,0.326,0.2,0.6,289,True,6.030000000000033,True,True,0.13944696355472938,0.2229611290153336,0.02889051161841876,0.30000141898336197,0.2797217570987758,0.02897821972938052
pilot_defended_seed1835086199,1835086199,251,1.0,0.8,0.8,292,True,6.060000000000033,True,True,0.08844842267754996,0.20184095876552524,0.0676699131512821,0.31475531527490674,0.30732558394972687,0.01995980618100924
pilot_defended_seed1835086199,1835086199,252,1.0,0.8,0.8,291,True,6.090000000000034,True,True,0.060613525913173504,0.23770182022543387,0.07187268475636509,0.32905157032915794,0.2711280036700643,0.029632395105805426
pilot_defended_seed1835086199,1835086199,253,0.41400000000000003,0.4,0.2,290,True,6.120000000000034,True,True,0.07659892347234223,0.2005617298788911,0.08156135018836701,0.29682645014605974,0.2751971560355022,0.06925439027883774
pilot_defended_seed1835086199,1835086199,254,1.0,1.0,0.8,288,True,6.150000000000034,True,True,0.0858492531852484,0.3416385228258969,0.022060151607711423,0.29026964290745344,0.22352602007393468,0.03665640939975514
pilot_defended_seed1835086199,1835086199,255,1.0,1.0,0.6,290,True,6.180000000000034,True,True,0.0706949072218667,0.2235963432758691,0.04549006866899479,0.3203146651973477,0.3361271280940608,0.0037768875418608774
pilot_defended_seed1835086199,1835086199,256,0.8,0.8,0.0,292,True,6.210000000000035,True,True,0.3157902197646274,0.2042137328662636,0.05298868247069127,0.14430944271754836,0.27164415189223573,0.011053770288633715
pilot_defended_seed1835086199,1835086199,257,0.726,0.6,0.6,301,True,6.240000000000035,True,True,0.22215504911021186,0.18200870906202019,0.0895291733296416,0.272749445392353,0.2315971027881132,0.001960520317660151
pilot_defended_seed1835086199,1835086199,258,0.35,0.0,1.0,301,True,6.270000000000035,True,True,0.08506673032604051,0.17578316392772242,0.06888479975708563,0.30080739208157636,0.2873529749853083,0.08210493892226679
pilot_defended_seed1835086199,1835086199,259,0.21400000000000002,0.2,0.2,299,True,6.300000000000035,True,True,0.20950471360796705,0.17567010600134783,0.023504685076661865,0.205653200699359,0.3265531820875696,0.05911411252709461
pilot_defended_seed1835086199,1835086199,260,0.326,0.2,0.6,293,True,6.330000000000036,True,True,0.09307896478984672,0.17937470706676711,0.045873467181053576,0.33662331929812783,0.2774417030415043,0.06760783862270052
pilot_defended_seed1835086199,1835086199,261,1.0,1.0,0.4,292,True,6.360000000000036,True,True,0.29454361497430687,0.18335495592747114,0.0139696770803222,0.20899167722664622,0.25200412055379673,0.04713595423745682
pilot_defended_seed1835086199,1835086199,262,0.41400000000000003,0.4,0.2,301,True,6.390000000000036,True,True,0.24768521560604015,0.18145607005090963,0.0009038506362282058,0.36114693321300717,0.2066900810508791,0.002117849442935756
pilot_defended_seed1835086199,1835086199,263,0.22400000000000003,0.0,0.8,290,True,6.420000000000036,True,True,0.25349697124836096,0.2434245725418641,0.0329907713127061,0.27046427989848026,0.14500756427630915,0.05461584072227944
pilot_defended_seed1835086199,1835086199,264,0.41400000000000003,0.4,0.2,290,True,6.450000000000037,True,True,0.30916962968848205,0.2410262698936057,0.007962225700878716,0.19037535782418366,0.24784041802372397,0.003626098869125902
pilot_defended_seed1835086199,1835086199,265,0.75,0.4,1.0,286,True,6.480000000000037,True,True,0.08563537957382306,0.22036934231990712,0.10009999932358783,0.3058022245891653,0.2378945762902786,0.05019847790323821
pilot_defended_seed1835086199,1835086199,266,0.2,0.2,0.0,285,True,6.510000000000037,True,True,0.22046089336077138,0.17496388536175098,0.022756726953623033,0.38420740451032354,0.1719178973572538,0.025693192456277436
pilot_defended_seed1835086199,1835086199,267,0.526,0.4,0.6,285,True,6.540000000000037,True,True,0.07302360238892058,0.2077012040102123,0.037425041194181906,0.24846068847803576,0.29318847938713233,0.14020098454151714
pilot_defended_seed1835086199,1835086199,268,0.256,0.2,0.4,282,True,6.570000000000038,True,True,0.24496900124469428,0.2479307661630968,0.026321455476244225,0.24296085047501265,0.20569182026086671,0.03212610638008547
pilot_defended_seed1835086199,1835086199,269,0.926,0.8,0.6,282,True,6.600000000000038,True,True,0.11576904839789669,0.15857576465392345,0.00357666790870273,0.3371206737201788,0.3694814366487643,0.015476408670534068
pilot_defended_seed1835086199,1835086199,270,0.42400000000000004,0.2,0.8,279,True,6.630000000000038,True,True,0.05923718953548459,0.272634229186242,0.06289781920370531,0.23052290965381395,0.3068442563014581,0.06786359611929604
pilot_defended_seed1835086199,1835086199,271,0.21400000000000002,0.2,0.2,291,True,6.660000000000038,True,True,0.020407414963058756,0.20487792978664654,0.02101810335694653,0.2826218325780804,0.3030714329924107,0.16800328632285727
pilot_defended_seed1835086199,1835086199,272,0.8,0.8,0.0,289,True,6.690000000000039,True,True,0.17598081673897217,0.22562228940210113,0.074229500638738,0.21609810992722922,0.28030819369516574,0.027761089597793557
pilot_defended_seed1835086199,1835086199,273,1.0,1.0,0.2,292,True,6.720000000000039,True,True,0.016429208724893164,0.25502875217768295,0.11335989684022743,0.24844457326904457,0.27194080246528063,0.09479676652287125
pilot_defended_seed1835086199,1835086199,274,0.05600000000000001,0.0,0.4,291,True,6.750000000000039,True,True,0.1354270562842451,0.2158233605283054,0.01174865463075998,0.294261318304254,0.29260387901926627,0.050135731233169445
pilot_defended_seed1835086199,1835086199,275,0.22400000000000003,0.0,0.8,296,True,6.780000000000039,True,True,0.009464116442698435,0.18964796265116796,0.0680712088584914,0.264799581370354,0.3856678847242515,0.08234924595303661
pilot_defended_seed1835086199,1835086199,276,0.526,0.4,0.6,302,True,6.81000000000004,True,True,0.15388927657333923,0.21317732324911542,0.006371651184622078,0.20999216507735327,0.2885682957092272,0.12800128820634288
pilot_defended_seed1835086199,1835086199,277,0.656,0.6,0.4,307,True,6.84000000000004,True,True,0.11276927062302539,0.27972984382842986,0.017298163496851343,0.35291864201698664,0.22327093332451145,0.014013146710195433
pilot_defended_seed1835086199,1835086199,278,0.456,0.4,0.4,312,True,6.87000000000004,True,True,0.12559098210000638,0.15891460686628905,0.018336632551815075,0.34393372163093816,0.2917595324784524,0.061464524372498885
pilot_defended_seed1835086199,1835086199,279,0.8,0.8,0.0,318,True,6.90000000000004,True,True,0.32892240748030244,0.1624681030837721,0.02394573636443918,0.30016265535983117,0.18132591255156028,0.0031751851600948953
pilot_defended_seed1835086199,1835086199,280,0.256,0.2,0.4,311,True,6.930000000000041,True,True,0.15594578607997264,0.18803863220188863,0.0486154145413221,0.2667644354131076,0.2629756333013128,0.07766009846239613
pilot_defended_seed1835086199,1835086199,281,0.0,0.0,0.0,311,True,6.960000000000041,True,True,0.283475063852761,0.19541000742531942,0.0316837482014434,0.12829563477016173,0.3044595805457799,0.05667596520453463
pilot_defended_seed1835086199,1835086199,282,0.22400000000000003,0.0,0.8,316,True,6.990000000000041,True,True,0.1481236859629635,0.16993870291500235,0.09427589294636797,0.26396794068058743,0.3189280197066988,0.004765757788379958
pilot_defended_seed1835086199,1835086199,283,0.8560000000000001,0.8,0.4,319,True,7.020000000000041,True,True,0.1820731626563224,0.18322740510210925,0.07864153158476943,0.23622678731066474,0.28673544433982423,0.03309566900630986
pilot_defended_seed1835086199,1835086199,284,1.0,1.0,1.0,319,True,7.050000000000042,True,True,0.11456265067443674,0.15077530989082188,0.04653531056379143,0.2740344090877427,0.3455452591565806,0.06854706062662669
pilot_defended_seed1835086199,1835086199,285,0.126,0.0,0.6,325,True,7.080000000000042,True,True,0.11343660876867076,0.2308691790953752,0.015477768940088428,0.2878667518243289,0.3016606481117754,0.05068904325976123
pilot_defended_seed1835086199,1835086199,286,1.0,1.0,0.4,324,True,7.110000000000042,True,True,0.2613488953895238,0.22912647939868883,0.08135218776096399,0.23303308894403957,0.1875094087071923,0.007629939799591388
pilot_defended_seed1835086199,1835086199,287,0.456,0.4,0.4,333,True,7.140000000000042,True,True,0.21553934420966497,0.16427730984588387,0.08787442599871002,0.15140945442077697,0.3177010265175268,0.0631984390074374
pilot_defended_seed1835086199,1835086199,288,0.326,0.2,0.6,333,True,7.170000000000043,True,True,0.017004970868762584,0.2543752813479897,0.039642235474929705,0.2581840307452017,0.39817313596219905,0.032620345600917394
pilot_defended_seed1835086199,1835086199,289,1.0,1.0,1.0,353,True,7.200000000000043,True,True,0.21507171297294517,0.1663456554800137,0.03659704263670617,0.31222965172308426,0.20642074458433554,0.06333519260291513
pilot_defended_seed1835086199,1835086199,290,0.21400000000000002,0.2,0.2,359,True,7.230000000000043,True,True,0.08866034700583106,0.18430015363417754,0.0578751598660436,0.2424509401709776,0.38004820989712956,0.0466651894258408
pilot_defended_seed1835086199,1835086199,291,0.0,0.0,0.0,358,True,7.260000000000043,True,True,0.18445718906266528,0.16804737239795542,0.07371116606472496,0.3046469495602793,0.20195458892093052,0.06718273399344463
pilot_defended_seed1835086199,1835086199,292,0.05600000000000001,0.0,0.4,352,True,7.290000000000044,True,True,0.17016150768729216,0.17662093529856632,0.11836356457317455,0.205774472900672,0.29330800250630673,0.03577151703398826
pilot_defended_seed1835086199,1835086199,293,1.0,1.0,0.0,347,True,7.320000000000044,True,True,0.06322918783461522,0.16512883347491336,0.028835156876573204,0.24619364653481202,0.32227538353565033,0.17433779174343605
pilot_defended_seed1835086199,1835086199,294,0.95,0.6,1.0,351,True,7.350000000000044,True,True,0.18986816239346843,0.15518242649111746,0.03096698998993284,0.2323289175032192,0.3077295671284876,0.08392393649377447
pilot_defended_seed1835086199,1835086199,295,0.41400000000000003,0.4,0.2,354,True,7.380000000000044,True,True,0.0028041714791108086,0.22846659309064754,0.04368967042236314,0.288892583988143,0.4334269259065893,0.00272005511314642
pilot_defended_seed1835086199,1835086199,296,0.55,0.2,1.0,356,True,7.4100000000000446,True,True,0.05994951501076563,0.16660883770064328,0.04548151656756836,0.27504756408423764,0.34090828013999486,0.11200428649679026
pilot_defended_seed1835086199,1835086199,297,1.0,1.0,1.0,360,True,7.440000000000045,True,True,0.2412508871610758,0.21352158553950018,0.04521423770535606,0.2558068258449773,0.2054262285706517,0.038780235178439044
pilot_defended_seed1835086199,1835086199,298,0.0,0.0,0.0,357,True,7.470000000000045,True,True,0.14323840219043693,0.15888830977846777,0.050569415324247635,0.2801013643068598,0.3553306550756778,0.01187185332431016
pilot_defended_seed1835086199,1835086199,299,0.014000000000000002,0.0,0.2,351,True,7.500000000000045,True,True,0.19920534007765023,0.2032476357047997,0.03876191607254998,0.21464117331045143,0.22328263872601262,0.12086129610853603
