run_id,seed,step,total_suppression,c_suppressive,c_protective,population,adapter_active,adapter_score,H_N,H_eff,c_avg,zero_novelty_agents,novelty_vector_count,all_zero_novelty,H_N_at_maximum,avg_well_being,U_sys,L_t,h_n_estimator_cached
degen_seed1835086204,1835086204,0,0.15600000000000003,0.1,0.4,205,False,0.0,0.9852235644218814,0.6458284224143462,0.15600000000000003,0,200,False,False,0.6395264307774197,15.939519159889297,0.09924445367241261,0.9852235644218814
degen_seed1835086204,1835086204,1,0.8,0.8,0.0,201,False,0.0,0.9831435775980646,0.6491249066592554,0.8,0,205,False,False,0.6569695863646849,17.143578754131553,0.11529034176196563,0.9831435775980646
degen_seed1835086204,1835086204,2,1.0,1.0,0.4,205,False,0.0,1.0,0.6770907932626863,1.0,201,201,True,True,0.6605763836709135,19.12856873734767,0.14108765075636084,1.0
degen_seed1835086204,1835086204,3,0.726,0.6,0.6,202,False,0.0,0.9904491196157601,0.6734605410075142,0.726,0,205,False,False,0.6732224822589613,20.18145296791563,0.1552239564253546,0.9904491196157601
degen_seed1835086204,1835086204,4,0.55,0.2,1.0,211,False,0.0,0.9851222990644044,0.7104172377077336,0.55,0,202,False,False,0.6835509343448453,22.168013256253538,0.1810217159912558,0.9851222990644044
degen_seed1835086204,1835086204,5,0.05600000000000001,0.0,0.4,211,False,0.0,0.9840502304404537,0.7259054650535515,0.05600000000000001,0,211,False,False,0.6992143600997782,23.868546061256627,0.20323433898926718,0.9840502304404537
degen_seed1835086204,1835086204,6,1.0,1.0,0.0,210,False,0.0,1.0,0.7507393242523733,1.0,211,211,True,True,0.7149898326213079,25.697224152495373,0.22704145839491777,1.0
degen_seed1835086204,1835086204,7,0.22400000000000003,0.0,0.8,209,False,0.0,0.9859298626965424,0.7462540168736477,0.22400000000000003,0,210,False,False,0.7243098149811392,26.93818378721288,0.24348840516580877,0.9859298626965424
degen_seed1835086204,1835086204,8,0.95,0.6,1.0,209,False,0.0,0.9864671802822633,0.7579212758122834,0.95,0,209,False,False,0.7352332971849979,28.60309080110435,0.26522763987778053,0.9864671802822633
degen_seed1835086204,1835086204,9,0.75,0.4,1.0,213,False,0.0,0.98650628110051,0.7779644800980857,0.75,0,209,False,False,0.7404748392371167,30.34413714170353,0.2879092796123117,0.98650628110051
degen_seed1835086204,1835086204,10,0.8140000000000001,0.8,0.2,217,False,0.0,0.9826311261729522,0.7982759230503832,0.8140000000000001,0,213,False,False,0.7487430006335091,32.13804857126684,0.3112425234381456,0.9826311261729522
degen_seed1835086204,1835086204,11,0.42400000000000004,0.2,0.8,215,False,0.0,0.9860569090771176,0.8055583007206963,0.42400000000000004,0,217,False,False,0.7599526476735475,33.459966311649474,0.3286669271227165,0.9860569090771176
degen_seed1835086204,1835086204,12,0.41400000000000003,0.4,0.2,215,False,0.0,0.9889508352614391,0.8130748456701955,0.41400000000000003,0,215,False,False,0.7647990847257287,34.73601878224628,0.3455092427167209,0.9889508352614391
degen_seed1835086204,1835086204,13,1.0,1.0,0.4,217,False,0.0,1.0,0.8353861476082007,1.0,215,215,True,True,0.7699411498693095,36.4014783466006,0.36720968490787964,1.0
degen_seed1835086204,1835086204,14,0.22400000000000003,0.0,0.8,214,False,0.0,0.9881141412915218,0.827476886067333,0.22400000000000003,0,217,False,False,0.782645295577163,36.977703716512025,0.3752866498346843,0.9881141412915218
degen_seed1835086204,1835086204,15,0.6,0.6,0.0,213,False,0.0,0.9840676767767151,0.831103774499235,0.6,0,214,False,False,0.7930136812757699,37.51844834559642,0.38291211541008435,0.9840676767767151
degen_seed1835086204,1835086204,16,1.0,1.0,1.0,217,False,0.0,1.0,0.8614603966215841,1.0,213,213,True,True,0.7939727157802619,39.26284914973714,0.4055718971448366,1.0
degen_seed1835086204,1835086204,17,1.0,1.0,1.0,218,False,0.0,1.0,0.8722044480458222,1.0,217,217,True,True,0.8001875670145158,40.64513538968654,0.42369865282849783,1.0
degen_seed1835086204,1835086204,18,0.256,0.2,0.4,213,False,0.0,0.9805027004929705,0.8433722753359987,0.256,0,218,False,False,0.8076457613860771,40.302274263545996,0.42025231196175233,0.9805027004929705
degen_seed1835086204,1835086204,19,0.05600000000000001,0.0,0.4,221,False,0.0,0.9830100628941141,0.8738135271819082,0.05600000000000001,0,213,False,False,0.8044490106587979,42.493834370361945,0.44847776963325325,0.9830100628941141
degen_seed1835086204,1835086204,20,0.6,0.6,0.0,224,False,0.0,0.9838570877130479,0.8877248262051567,0.6,0,221,False,False,0.8056164476197413,44.08465603330599,0.4691862883823992,0.9838570877130479
degen_seed1835086204,1835086204,21,1.0,1.0,1.0,226,False,0.0,1.0,0.9117104089772714,1.0,224,224,True,True,0.8068233707763465,45.7682968322031,0.4910468905938977,1.0
degen_seed1835086204,1835086204,22,1.0,1.0,1.0,228,False,0.0,1.0,0.9208489938614642,1.0,226,226,True,True,0.807762275317074,46.423448620069784,0.5000424488477229,1.0
degen_seed1835086204,1835086204,23,0.656,0.6,0.4,238,False,0.0,0.9803760695927305,0.936349081673173,0.656,0,228,False,False,0.8025980969929796,47.69012921411029,0.5166744701674336,0.9803760695927305
degen_seed1835086204,1835086204,24,1.0,1.0,0.0,238,False,0.0,1.0,0.9583981916923149,1.0,238,238,True,True,0.8053766316742142,49.28483391939525,0.5373986396547616,1.0
degen_seed1835086204,1835086204,25,0.21400000000000002,0.2,0.2,239,False,0.0,0.9839309670762652,0.9425071785078748,0.21400000000000002,0,238,False,False,0.8015897073892176,48.78782895188429,0.531968557314883,0.9839309670762652
degen_seed1835086204,1835086204,26,0.614,0.6,0.2,241,False,0.0,0.991469214863841,0.9628914227152549,0.614,0,239,False,False,0.8059554516380742,50.157865299073045,0.5498711265268301,0.991469214863841
degen_seed1835086204,1835086204,27,1.0,0.8,0.8,249,False,0.0,1.0,0.9968538277632907,1.0,241,241,True,True,0.8006858054323619,51.86599195021476,0.5719887593978481,1.0
degen_seed1835086204,1835086204,28,0.456,0.4,0.4,250,False,0.0,0.9856122404685609,0.9907549249009175,0.456,0,249,False,False,0.8041742050037137,51.817149801754866,0.5721369425760109,0.9856122404685609
degen_seed1835086204,1835086204,29,1.0,1.0,0.6,263,False,0.0,1.0,1.0524829084079128,1.0,250,250,True,True,0.8003672307284508,55.1318255856842,0.6143240945600349,1.0
degen_seed1835086204,1835086204,30,1.0,1.0,0.2,273,False,0.0,1.0,1.0914418279740357,1.0,263,263,True,True,0.7995910827648613,57.73969619742327,0.6476657544250362,1.0
degen_seed1835086204,1835086204,31,0.456,0.4,0.4,274,False,0.0,0.992195201385802,1.0812046397671922,0.456,0,273,False,False,0.7954084699070033,56.89914903441946,0.6378956807283231,0.992195201385802
degen_seed1835086204,1835086204,32,0.8140000000000001,0.8,0.2,274,False,0.0,0.984190065616661,1.0739174950441792,0.8140000000000001,0,274,False,False,0.7964735782541884,56.90483345192128,0.6386969934775412,0.984190065616661
degen_seed1835086204,1835086204,33,0.726,0.6,0.6,270,False,0.0,0.9898352440672841,1.0673390506600162,0.726,0,274,False,False,0.7987405214616473,57.03280640136205,0.641019877009642,0.9898352440672841
degen_seed1835086204,1835086204,34,0.21400000000000002,0.2,0.2,269,False,0.0,0.9905231358051465,1.065366949611223,0.21400000000000002,0,270,False,False,0.7996727766325147,56.46677347823451,0.6346604523229891,0.9905231358051465
degen_seed1835086204,1835086204,35,0.42400000000000004,0.2,0.8,273,False,0.0,0.9894431441281931,1.0823783326326941,0.42400000000000004,0,269,False,False,0.8014115456189725,57.88813379722546,0.6531339861101105,0.9894431441281931
degen_seed1835086204,1835086204,36,1.0,0.8,0.8,275,False,0.0,1.0,1.0978154356933918,1.0,273,273,True,True,0.7984112259588304,58.84026334971927,0.6657370848982854,1.0
degen_seed1835086204,1835086204,37,0.42400000000000004,0.2,0.8,276,False,0.0,0.9941258128833581,1.0994078916137522,0.42400000000000004,0,275,False,False,0.8013798403611426,59.197463983827255,0.6708963080022398,0.9941258128833581
degen_seed1835086204,1835086204,38,0.55,0.2,1.0,273,False,0.0,0.988181035298037,1.0747241209466998,0.55,0,276,False,False,0.7967605633230619,57.7236653674857,0.6531613967580858,0.988181035298037
degen_seed1835086204,1835086204,39,1.0,0.8,1.0,274,False,0.0,1.0,1.0963355292295387,1.0,273,273,True,True,0.8002449118463786,59.027073939537665,0.6701338471359243,1.0
degen_seed1835086204,1835086204,40,0.726,0.6,0.6,269,False,0.0,0.9895815796314847,1.0698731408961941,0.726,0,274,False,False,0.8038192411758329,57.75352420939606,0.6548894764506256,0.9895815796314847
degen_seed1835086204,1835086204,41,0.726,0.6,0.6,263,False,0.0,0.9911194751709848,1.0533465500340695,0.726,0,269,False,False,0.8082012436322631,56.57817333907387,0.6408639343029607,0.9911194751709848
degen_seed1835086204,1835086204,42,0.35,0.0,1.0,265,False,0.0,0.9866515994237703,1.054687397125242,0.35,0,263,False,False,0.8067594365237818,56.288566900200856,0.6379050260264013,0.9866515994237703
degen_seed1835086204,1835086204,43,0.75,0.4,1.0,269,False,0.0,0.9916197134514331,1.0733090079142893,0.75,0,265,False,False,0.8047432413503446,57.50058973177365,0.6537078382415021,0.9916197134514331
degen_seed1835086204,1835086204,44,0.726,0.6,0.6,272,False,0.0,0.9851120479136231,1.0781314516585152,0.726,0,269,False,False,0.8047244129576417,57.407778516204914,0.6531947310671973,0.9851120479136231
degen_seed1835086204,1835086204,45,0.526,0.4,0.6,277,False,0.0,0.9922197778184464,1.1107220225641767,0.526,0,272,False,False,0.8082537530297592,58.66243888878042,0.6695191132831024,0.9922197778184464
degen_seed1835086204,1835086204,46,0.614,0.6,0.2,281,False,0.0,0.9875990350718182,1.1257487881330257,0.614,0,277,False,False,0.8113056621246955,59.153934381849474,0.6762975170226779,0.9875990350718182
degen_seed1835086204,1835086204,47,0.95,0.6,1.0,277,False,0.0,0.9892630825097489,1.1088315439901466,0.95,0,281,False,False,0.8092896691763278,58.31661932918771,0.6664588820719837,0.9892630825097489
degen_seed1835086204,1835086204,48,0.55,0.2,1.0,269,False,0.0,0.9878701068522917,1.0599631350810956,0.55,0,277,False,False,0.7977533431685536,56.35618133387362,0.6425749003714794,0.9878701068522917
degen_seed1835086204,1835086204,49,0.42400000000000004,0.2,0.8,263,False,0.0,0.9868700339546206,1.037453625700727,0.42400000000000004,0,269,False,False,0.7994346684559201,55.12620525338139,0.6278205306757892,0.9868700339546206
degen_seed1835086204,1835086204,50,1.0,1.0,0.6,266,False,0.0,1.0,1.0552410355260131,1.0,263,263,True,True,0.7934143124255737,56.073529632255166,0.6402675067340657,1.0
degen_seed1835086204,1835086204,51,0.256,0.2,0.4,274,False,0.0,0.9906300813964467,1.072208895940495,0.256,0,266,False,False,0.790036811228522,56.19810831396646,0.6424281543707617,0.9906300813964467
degen_seed1835086204,1835086204,52,0.05600000000000001,0.0,0.4,270,False,0.0,0.9900162611259098,1.0577896085717982,0.05600000000000001,0,274,False,False,0.7914494831733685,56.11731081243957,0.6420159047111083,0.9900162611259098
degen_seed1835086204,1835086204,53,0.2,0.2,0.0,261,False,0.0,0.9889747373079589,1.0234361400859016,0.2,0,270,False,False,0.7929851222227746,54.5891239970058,0.6235048300763409,0.9889747373079589
degen_seed1835086204,1835086204,54,0.35,0.0,1.0,262,False,0.0,0.9855852084247595,1.0205059433787076,0.35,0,261,False,False,0.7904057040011553,54.24798600259163,0.6198305154973079,0.9855852084247595
degen_seed1835086204,1835086204,55,0.526,0.4,0.6,263,False,0.0,0.9884691812795089,1.0293998756250726,0.526,0,262,False,False,0.7919453721540745,54.562570615970735,0.62434269808761,0.9884691812795089
degen_seed1835086204,1835086204,56,0.0,0.0,0.0,269,False,0.0,0.9868106148719977,1.0410887740593133,0.0,0,263,False,False,0.7843893108970729,54.97995782136426,0.6301299189240311,0.9868106148719977
degen_seed1835086204,1835086204,57,0.95,0.6,1.0,274,False,0.0,0.9905104365812883,1.0674855189253794,0.95,0,269,False,False,0.7866514893612278,56.65774477152823,0.6516705802791344,0.9905104365812883
degen_seed1835086204,1835086204,58,0.014000000000000002,0.0,0.2,275,False,0.0,0.9873042815062442,1.0735420933253412,0.014000000000000002,0,274,False,False,0.790797630152742,57.09923341255444,0.6577524432889787,0.9873042815062442
degen_seed1835086204,1835086204,59,0.526,0.4,0.6,274,False,0.0,0.9925670124182211,1.0738039148541842,0.526,0,275,False,False,0.7896680709609347,57.005882008794494,0.6571459336518094,0.9925670124182211
degen_seed1835086204,1835086204,60,0.256,0.2,0.4,270,False,0.0,0.9879626446648188,1.04292608051736,0.256,0,274,False,False,0.7819504528760414,56.27930704121784,0.6486111701009941,0.9879626446648188
degen_seed1835086204,1835086204,61,0.35,0.0,1.0,270,False,0.0,0.9837194584576441,1.0388931987362675,0.35,0,270,False,False,0.7822865665267866,56.705395304041446,0.6544837090896036,0.9837194584576441
degen_seed1835086204,1835086204,62,0.35,0.0,1.0,270,False,0.0,0.988471339378738,1.0424606527615277,0.35,0,270,False,False,0.7811992572338814,56.434399741784745,0.6516365960973772,0.988471339378738
degen_seed1835086204,1835086204,63,0.014000000000000002,0.0,0.2,270,False,0.0,0.9896823396790764,1.0411317702593985,0.014000000000000002,0,270,False,False,0.7792487425417177,57.06828977249151,0.6600957465472566,0.9896823396790764
degen_seed1835086204,1835086204,64,0.55,0.2,1.0,275,False,0.0,0.9888088801680516,1.059573997728968,0.55,0,270,False,False,0.7793207428968953,58.0787980536226,0.6732568312013696,0.9888088801680516
degen_seed1835086204,1835086204,65,0.126,0.0,0.6,270,False,0.0,0.9895145871571505,1.0583418011602066,0.126,0,275,False,False,0.7922641059800732,58.16977341511028,0.6749199276331818,0.9895145871571505
degen_seed1835086204,1835086204,66,0.6,0.6,0.0,269,False,0.0,0.9881763341430645,1.060014443832551,0.6,0,270,False,False,0.7975447305280137,58.68342520005581,0.6818591370023006,0.9881763341430645
degen_seed1835086204,1835086204,67,0.656,0.6,0.4,278,False,0.0,0.9874942018071741,1.089612506722213,0.656,0,269,False,False,0.7938212581842381,59.951679338715,0.6982267663574956,0.9874942018071741
degen_seed1835086204,1835086204,68,0.75,0.4,1.0,278,False,0.0,0.9921683811145849,1.1025651641754701,0.75,0,278,False,False,0.799473520247234,60.089013879901216,0.7004524322517195,0.9921683811145849
degen_seed1835086204,1835086204,69,0.6240000000000001,0.4,0.8,282,False,0.0,0.9879826535617775,1.1156000077706227,0.6240000000000001,0,278,False,False,0.8008295251111632,59.9248061565803,0.6989042205459833,0.9879826535617775
degen_seed1835086204,1835086204,70,0.6240000000000001,0.4,0.8,284,False,0.0,0.9906756134468304,1.127335725900896,0.6240000000000001,0,282,False,False,0.8013706885945934,60.82799980270205,0.7106926225002104,0.9906756134468304
degen_seed1835086204,1835086204,71,1.0,1.0,0.0,285,False,0.0,1.0,1.1436324454534892,1.0,284,284,True,True,0.8025490845287644,61.162970746272684,0.7153738921687852,1.0
degen_seed1835086204,1835086204,72,0.8560000000000001,0.8,0.4,283,False,0.0,0.9887448051001468,1.1250326954985452,0.8560000000000001,0,285,False,False,0.8041267127693622,60.015702744997206,0.7015271593352073,0.9887448051001468
degen_seed1835086204,1835086204,73,0.21400000000000002,0.2,0.2,280,False,0.0,0.992126276189458,1.1183042806214818,0.21400000000000002,0,283,False,False,0.8051281283875089,60.15365961298263,0.7037314672430878,0.992126276189458
degen_seed1835086204,1835086204,74,0.8,0.8,0.0,281,False,0.0,0.9886246936745408,1.114001585051509,0.8,0,280,False,False,0.8020067630327075,59.58447191044217,0.6970966815761146,0.9886246936745408
degen_seed1835086204,1835086204,75,0.526,0.4,0.6,284,False,0.0,0.9810995209057375,1.1199157680602307,0.526,0,281,False,False,0.8038665388101117,59.127888182024094,0.6918630950170819,0.9810995209057375
degen_seed1835086204,1835086204,76,1.0,1.0,0.2,286,False,0.0,1.0,1.1425103521302105,1.0,284,284,True,True,0.7989582882029443,60.14305846420669,0.705022641114923,1.0
degen_seed1835086204,1835086204,77,0.21400000000000002,0.2,0.2,282,False,0.0,0.9851780789069857,1.1105233246163777,0.21400000000000002,0,286,False,False,0.7994546484806115,58.21904885898091,0.6814379934094414,0.9851780789069857
degen_seed1835086204,1835086204,78,0.456,0.4,0.4,284,False,0.0,0.9879318130479309,1.1179029986044389,0.456,0,282,False,False,0.7968724383833893,58.64877611648538,0.6872705016443755,0.9879318130479309
degen_seed1835086204,1835086204,79,0.8140000000000001,0.8,0.2,280,False,0.0,0.9899614534935304,1.1129906785688477,0.8140000000000001,0,284,False,False,0.8030548452461405,58.36348563620527,0.6841611285011335,0.9899614534935304
degen_seed1835086204,1835086204,80,0.526,0.4,0.6,278,False,0.0,0.9866321332851546,1.0969688657906966,0.526,0,280,False,False,0.7998789090256673,57.63046759084567,0.6754500948194607,0.9866321332851546
degen_seed1835086204,1835086204,81,0.0,0.0,0.0,280,False,0.0,0.9888725510056511,1.1099227517274008,0.0,0,278,False,False,0.8017230984046614,58.47607455549795,0.6864671142822092,0.9888725510056511
degen_seed1835086204,1835086204,82,0.656,0.6,0.4,279,False,0.0,0.9915118839666892,1.1070224454964288,0.656,0,280,False,False,0.8003580087044448,58.71997733380111,0.6899582869670526,0.9915118839666892
degen_seed1835086204,1835086204,83,0.526,0.4,0.6,276,False,0.0,0.9896571471226057,1.0961193616988947,0.526,0,279,False,False,0.8025904676632714,58.45361393666386,0.6870674794022873,0.9896571471226057
degen_seed1835086204,1835086204,84,0.726,0.6,0.6,270,False,0.0,0.9873874440940151,1.068899814842146,0.726,0,276,False,False,0.8018915425345654,57.20016493164487,0.671833730836637,0.9873874440940151
degen_seed1835086204,1835086204,85,1.0,1.0,0.4,277,False,0.0,1.0,1.1030655370394034,1.0,270,270,True,True,0.7964372108587751,58.55395999717327,0.6891849816893114,1.0
degen_seed1835086204,1835086204,86,0.2,0.2,0.0,277,False,0.0,0.9889977185955997,1.0998270931574616,0.2,0,277,False,False,0.8029330799234337,58.709410042577574,0.6915523541144972,0.9889977185955997
degen_seed1835086204,1835086204,87,0.0,0.0,0.0,277,False,0.0,0.9894021613906828,1.0923795924047222,0.0,0,277,False,False,0.797170006440475,58.532278779340494,0.689759335811741,0.9894021613906828
degen_seed1835086204,1835086204,88,0.95,0.6,1.0,283,False,0.0,0.9902109542869342,1.1130334517742928,0.95,0,277,False,False,0.7943722250163076,59.909959138931114,0.7073973284929049,0.9902109542869342
degen_seed1835086204,1835086204,89,0.014000000000000002,0.0,0.2,290,False,0.0,0.990028347692634,1.1385450194923372,0.014000000000000002,0,283,False,False,0.7931120998190133,60.74666200960631,0.718269237332922,0.990028347692634
degen_seed1835086204,1835086204,90,0.8240000000000001,0.6,0.8,290,False,0.0,0.9898797497046726,1.1356200410509818,0.8240000000000001,0,290,False,False,0.7911933095320263,60.712038332033785,0.7182449391551905,0.9898797497046726
degen_seed1835086204,1835086204,91,1.0,1.0,0.6,287,False,0.0,1.0,1.1317311085374713,1.0,290,290,True,True,0.7886627934059033,61.26546143817516,0.725567061427943,1.0
degen_seed1835086204,1835086204,92,0.22400000000000003,0.0,0.8,283,False,0.0,0.9881905006300267,1.1128017848754659,0.22400000000000003,0,287,False,False,0.7958307191792016,60.53007548158631,0.7167750327048062,0.9881905006300267
degen_seed1835086204,1835086204,93,0.126,0.0,0.6,286,False,0.0,0.9929428432099527,1.1207867869590467,0.126,0,283,False,False,0.7893374621178689,61.16177991398005,0.7250695825888411,0.9929428432099527
degen_seed1835086204,1835086204,94,0.8560000000000001,0.8,0.4,296,False,0.0,0.9894776509283991,1.1514868962225477,0.8560000000000001,0,286,False,False,0.7863054672400649,63.64611107693602,0.7565148395783156,0.9894776509283991
degen_seed1835086204,1835086204,95,0.256,0.2,0.4,297,False,0.0,0.990779752642783,1.1531858749311719,0.256,0,296,False,False,0.7837828161742586,63.271761508318484,0.7522243700273371,0.990779752642783
degen_seed1835086204,1835086204,96,0.456,0.4,0.4,296,False,0.0,0.9892644874922094,1.1473579838142114,0.456,0,297,False,False,0.783654817045733,61.66826523846591,0.7325651842761896,0.9892644874922094
degen_seed1835086204,1835086204,97,0.926,0.8,0.6,301,False,0.0,0.9899035171884079,1.1657605624188,0.926,0,296,False,False,0.7824921544136888,62.18522032801213,0.739409081081503,0.9899035171884079
degen_seed1835086204,1835086204,98,0.4,0.4,0.0,296,False,0.0,0.9889016256246047,1.1537902963234539,0.4,0,301,False,False,0.7883373005520024,61.299409906014084,0.7287138166855535,0.9889016256246047
degen_seed1835086204,1835086204,99,1.0,1.0,1.0,300,False,0.0,1.0,1.188478472295465,1.0,296,296,True,True,0.7923189815303101,62.98922725618997,0.7502140688769455,1.0
degen_seed1835086204,1835086204,100,0.014000000000000002,0.0,0.2,304,False,0.0,0.9929893828280539,1.1988319335338802,0.014000000000000002,0,300,False,False,0.7942735673406053,63.71449078786705,0.7596444989136766,0.9929893828280539
degen_seed1835086204,1835086204,101,0.256,0.2,0.4,302,False,0.0,0.9929262166245655,1.1954319061876681,0.256,0,304,False,False,0.7973168054278711,63.956939204487604,0.7630419797848533,0.9929262166245655
degen_seed1835086204,1835086204,102,1.0,1.0,0.0,302,False,0.0,1.0,1.20674419927799,1.0,302,302,True,True,0.7991683438927085,65.61141165303637,0.7840844910974242,1.0
degen_seed1835086204,1835086204,103,0.6,0.6,0.0,301,False,0.0,0.9895812489132316,1.1949070469041372,0.6,0,302,False,False,0.8023173150990447,64.1453375021836,0.7661171046289932,0.9895812489132316
degen_seed1835086204,1835086204,104,0.926,0.8,0.6,295,False,0.0,0.9915230100533479,1.1689798701193883,0.926,0,301,False,False,0.7993044210461931,63.33759818401007,0.7563755554662989,0.9915230100533479
degen_seed1835086204,1835086204,105,0.42400000000000004,0.2,0.8,285,False,0.0,0.9861943700028017,1.1326418731932961,0.42400000000000004,0,295,False,False,0.8059632324190327,61.627805244303694,0.7353550427522804,0.9861943700028017
degen_seed1835086204,1835086204,106,1.0,1.0,0.6,284,False,0.0,1.0,1.1459483394083734,1.0,285,285,True,True,0.8070058728227981,61.77182619594912,0.7375032608772645,1.0
degen_seed1835086204,1835086204,107,1.0,1.0,1.0,283,False,0.0,1.0,1.1410053765808137,1.0,284,284,True,True,0.8063642237320238,61.06828049042817,0.7290540305275621,1.0
degen_seed1835086204,1835086204,108,0.656,0.6,0.4,283,False,0.0,0.9923268951492572,1.1348768367276245,0.656,0,283,False,False,0.8082347702973732,61.08791283539271,0.7296416967880077,0.9923268951492572
degen_seed1835086204,1835086204,109,0.21400000000000002,0.2,0.2,285,False,0.0,0.9900114977266038,1.1423333204524146,0.21400000000000002,0,283,False,False,0.8097253614752659,61.53039015554154,0.7355100402695938,0.9900114977266038
degen_seed1835086204,1835086204,110,0.014000000000000002,0.0,0.2,291,False,0.0,0.9891853047966015,1.156518976029477,0.014000000000000002,0,285,False,False,0.8035485352593673,62.7816492563757,0.7514846989859083,0.9891853047966015
degen_seed1835086204,1835086204,111,1.0,1.0,0.6,292,False,0.0,1.0,1.1729591190108364,1.0,291,291,True,True,0.8033966568567372,63.18592872932684,0.7568697905001822,1.0
degen_seed1835086204,1835086204,112,0.35,0.0,1.0,288,False,0.0,0.9910928290257742,1.1483808173126793,0.35,0,292,False,False,0.8046538682691057,61.85583258135455,0.7405762143153305,0.9910928290257742
degen_seed1835086204,1835086204,113,0.526,0.4,0.6,289,False,0.0,0.9884282105125305,1.149274454925475,0.526,0,288,False,False,0.8046569645504453,61.73977464396537,0.7394501334348932,0.9884282105125305
degen_seed1835086204,1835086204,114,1.0,1.0,0.4,294,False,0.0,1.0,1.1865835617771723,1.0,289,289,True,True,0.8071997018892328,63.87351161139922,0.7664395845446074,1.0
degen_seed1835086204,1835086204,115,1.0,1.0,0.6,294,False,0.0,1.0,1.1882404107115296,1.0,294,294,True,True,0.8083268100078432,64.02098176257574,0.7685997495556163,1.0
degen_seed1835086204,1835086204,116,0.8,0.8,0.0,293,False,0.0,0.9879375124944867,1.1790186736486787,0.8,0,294,False,False,0.8146172134737598,63.28501833154705,0.7597152857525488,0.9879375124944867
degen_seed1835086204,1835086204,117,1.0,0.8,0.8,299,False,0.0,1.0,1.2118626337636127,1.0,293,293,True,True,0.810610457366965,65.61891510200648,0.7892014150352835,1.0
degen_seed1835086204,1835086204,118,0.8140000000000001,0.8,0.2,296,False,0.0,0.9910306098837853,1.1944989376524633,0.8140000000000001,0,299,False,False,0.8143985349623559,65.17471915344106,0.783957972336066,0.9910306098837853
degen_seed1835086204,1835086204,119,0.42400000000000004,0.2,0.8,307,False,0.0,0.9923184125551536,1.2332762770259558,0.42400000000000004,0,296,False,False,0.8096567632506451,66.9736378296672,0.80675515245385,0.9923184125551536
degen_seed1835086204,1835086204,120,0.05600000000000001,0.0,0.4,303,False,0.0,0.9896614522715108,1.207360085200913,0.05600000000000001,0,307,False,False,0.8052625957477041,65.27578281095366,0.785829281981335,0.9896614522715108
degen_seed1835086204,1835086204,121,0.8240000000000001,0.6,0.8,299,False,0.0,0.9906492099608841,1.1941609972218765,0.8240000000000001,0,303,False,False,0.8063095289187326,64.25088539865196,0.7733200718227309,0.9906492099608841
degen_seed1835086204,1835086204,122,0.456,0.4,0.4,296,False,0.0,0.9909271815706899,1.1846267518347016,0.456,0,299,False,False,0.8077520688257486,63.51973844901331,0.764476195787228,0.9909271815706899
degen_seed1835086204,1835086204,123,0.926,0.8,0.6,297,False,0.0,0.9883840748177262,1.1837115594411973,0.926,0,296,False,False,0.80648017460911,63.164584700455904,0.760329685234299,0.9883840748177262
degen_seed1835086204,1835086204,124,0.456,0.4,0.4,286,False,0.0,0.990156198131679,1.1435186991201094,0.456,0,297,False,False,0.8076134123757439,61.14455320892625,0.7353696289228512,0.990156198131679
degen_seed1835086204,1835086204,125,0.2,0.2,0.0,294,False,0.0,0.9895162595596724,1.1656051196867405,0.2,0,286,False,False,0.801329584216201,62.113300620397624,0.7477670409507691,0.9895162595596724
degen_seed1835086204,1835086204,126,1.0,1.0,0.0,293,False,0.0,1.0,1.1765196828432924,1.0,294,294,True,True,0.8030851077428617,62.50421843976715,0.7529395806240607,1.0
degen_seed1835086204,1835086204,127,1.0,0.8,0.8,287,False,0.0,1.0,1.1601462910907945,1.0,293,293,True,True,0.8084643143489857,61.96078175000272,0.7464280720874837,1.0
degen_seed1835086204,1835086204,128,0.41400000000000003,0.4,0.2,287,False,0.0,0.9867099602390245,1.1423220300090222,0.41400000000000003,0,287,False,False,0.8067651676428672,60.76606561329225,0.7317731740988499,0.9867099602390245
degen_seed1835086204,1835086204,129,0.42400000000000004,0.2,0.8,288,False,0.0,0.9895436179463696,1.153104139684693,0.42400000000000004,0,287,False,False,0.8092283646190168,61.19448788319496,0.7374060476998257,0.9895436179463696
degen_seed1835086204,1835086204,130,0.0,0.0,0.0,286,False,0.0,0.9900410770789115,1.142661963748636,0.0,0,288,False,False,0.8071021787008558,60.62039825287028,0.7305072168384029,0.9900410770789115
degen_seed1835086204,1835086204,131,0.2,0.2,0.0,292,False,0.0,0.989024110507668,1.1592037285918642,0.2,0,286,False,False,0.8027864519523401,61.61420758766349,0.7431968285072753,0.989024110507668
degen_seed1835086204,1835086204,132,0.126,0.0,0.6,299,False,0.0,0.9799470569745028,1.1685738439034774,0.126,0,292,False,False,0.7976499745804899,62.066069374684055,0.7491133996790714,0.9799470569745028
degen_seed1835086204,1835086204,133,0.614,0.6,0.2,300,False,0.0,0.9900634915929319,1.1894200140173015,0.614,0,299,False,False,0.800904874025551,63.38177341135533,0.7658270306042204,0.9900634915929319
degen_seed1835086204,1835086204,134,0.126,0.0,0.6,305,False,0.0,0.9881383874957351,1.2043465821128225,0.126,0,300,False,False,0.799215447627722,64.81544669220472,0.7840098434516182,0.9881383874957351
degen_seed1835086204,1835086204,135,1.0,1.0,0.0,306,False,0.0,1.0,1.217719613557066,1.0,305,305,True,True,0.7958951722595203,65.8972328643906,0.797792779927016,1.0
degen_seed1835086204,1835086204,136,0.21400000000000002,0.2,0.2,309,False,0.0,0.987367785666013,1.2084328689380026,0.21400000000000002,0,306,False,False,0.7921639819310439,64.9229694950382,0.7858769612981381,0.987367785666013
degen_seed1835086204,1835086204,137,1.0,0.8,1.0,304,False,0.0,1.0,1.2139516099134484,1.0,309,309,True,True,0.7986523749430582,65.18052122031109,0.7893469045707975,1.0
degen_seed1835086204,1835086204,138,0.526,0.4,0.6,309,False,0.0,0.9920305681229781,1.229195286858551,0.526,0,304,False,False,0.8019870359740786,65.65973205267923,0.7955900511472516,0.9920305681229781
degen_seed1835086204,1835086204,139,0.614,0.6,0.2,308,False,0.0,0.9941301045916459,1.232001746254298,0.614,0,309,False,False,0.804724784247405,66.1526366222875,0.802002726634543,0.9941301045916459
degen_seed1835086204,1835086204,140,1.0,1.0,0.8,315,False,0.0,1.0,1.2540050277755335,1.0,308,308,True,True,0.7961936684289102,67.40023888733283,0.8178455860059908,1.0
degen_seed1835086204,1835086204,141,1.0,1.0,1.0,310,False,0.0,1.0,1.22124609549545,1.0,315,315,True,True,0.7879007067712581,65.9578490107299,0.8000609835461153,1.0
degen_seed1835086204,1835086204,142,0.614,0.6,0.2,304,False,0.0,0.9902513186402088,1.1950957591474571,0.614,0,310,False,False,0.7939875415112697,64.3700358191719,0.7804553470192868,0.9902513186402088
degen_seed1835086204,1835086204,143,0.456,0.4,0.4,306,False,0.0,0.9865250861751654,1.1976142150228026,0.456,0,304,False,False,0.7934460054519163,64.79329525503574,0.7859866043485917,0.9865250861751654
degen_seed1835086204,1835086204,144,0.456,0.4,0.4,295,False,0.0,0.9929604847757678,1.1737277217118451,0.456,0,306,False,False,0.8013889979921317,63.25978127733006,0.7670562093027601,0.9929604847757678
degen_seed1835086204,1835086204,145,0.726,0.6,0.6,302,False,0.0,0.9908576238456499,1.1863106857277437,0.726,0,295,False,False,0.792885069264118,63.55206136101048,0.7709456852516821,0.9908576238456499
degen_seed1835086204,1835086204,146,0.55,0.2,1.0,304,False,0.0,0.990698372959239,1.1975703490983003,0.55,0,302,False,False,0.7952725584039598,64.15603727764503,0.7787286268361829,0.990698372959239
degen_seed1835086204,1835086204,147,0.41400000000000003,0.4,0.2,305,False,0.0,0.9884787925087571,1.2015759456073165,0.41400000000000003,0,304,False,False,0.7971022330762614,64.48054277108999,0.7830155316852419,0.9884787925087571
degen_seed1835086204,1835086204,148,1.0,1.0,1.0,306,False,0.0,1.0,1.221286141501615,1.0,305,305,True,True,0.7982262362755653,65.10429811584082,0.7910447030713607,1.0
degen_seed1835086204,1835086204,149,0.0,0.0,0.0,306,False,0.0,0.9920744104708435,1.2136292204672223,0.0,0,306,False,False,0.799558686678762,63.77561113742026,0.7746589228828734,0.9920744104708435
degen_seed1835086204,1835086204,150,0.8560000000000001,0.8,0.4,308,False,0.0,0.9872843794462685,1.2163761584712909,0.8560000000000001,0,306,False,False,0.8000274944094442,63.76376789206268,0.7747352386383229,0.9872843794462685
degen_seed1835086204,1835086204,151,1.0,1.0,0.4,305,False,0.0,1.0,1.2228226637536095,1.0,308,308,True,True,0.8018509270515473,63.838414966452525,0.7758923203336371,1.0
degen_seed1835086204,1835086204,152,0.4,0.4,0.0,308,False,0.0,0.9910547568932507,1.2248433948532587,0.4,0,305,False,False,0.8025316949126828,63.88103727938057,0.7766482696519904,0.9910547568932507
degen_seed1835086204,1835086204,153,0.256,0.2,0.4,302,False,0.0,0.9906024091742982,1.2099225287097886,0.256,0,308,False,False,0.8088746710084638,63.17128267346864,0.7679921107281417,0.9906024091742982
degen_seed1835086204,1835086204,154,0.21400000000000002,0.2,0.2,309,False,0.0,0.9889531798183208,1.2292791285586013,0.21400000000000002,0,302,False,False,0.8045375025168742,63.539220169370566,0.7728042693113081,0.9889531798183208
degen_seed1835086204,1835086204,155,1.0,1.0,1.0,307,False,0.0,1.0,1.232427782968495,1.0,309,309,True,True,0.8028845491651434,63.73443267885014,0.7754567040084549,1.0
degen_seed1835086204,1835086204,156,0.526,0.4,0.6,304,False,0.0,0.9906867401641225,1.2107870376363268,0.526,0,307,False,False,0.8040588282887678,62.73694948947272,0.7631993490984404,0.9906867401641225
degen_seed1835086204,1835086204,157,0.656,0.6,0.4,296,False,0.0,0.9928802263201306,1.183727553507381,0.656,0,304,False,False,0.8055512571706032,61.77505177926477,0.7513853736744627,0.9928802263201306
degen_seed1835086204,1835086204,158,1.0,1.0,0.4,292,False,0.0,1.0,1.1819115395862096,1.0,296,296,True,True,0.8095284517713766,61.68605645139354,0.7504844607467998,1.0
degen_seed1835086204,1835086204,159,0.8140000000000001,0.8,0.2,289,False,0.0,0.983154791321442,1.1457603286990985,0.8140000000000001,1,292,False,False,0.8064993725122074,61.20837073848226,0.7447131605173287,0.983154791321442
degen_seed1835086204,1835086204,160,0.926,0.8,0.6,290,False,0.0,0.9870691848098258,1.1605114175192188,0.926,1,289,False,False,0.8108374914891024,61.44382631452011,0.7478595379953863,0.9870691848098258
degen_seed1835086204,1835086204,161,0.75,0.4,1.0,293,False,0.0,0.9899164607712079,1.174027915614555,0.75,0,290,False,False,0.8095473451527225,61.909299477476125,0.7538794204071865,0.9899164607712079
degen_seed1835086204,1835086204,162,0.126,0.0,0.6,293,False,0.0,0.9918003586269608,1.1775716314317537,0.126,0,293,False,False,0.8104485488386395,61.679659376295525,0.7512073914224053,0.9918003586269608
degen_seed1835086204,1835086204,163,0.526,0.4,0.6,292,False,0.0,0.9892034593063842,1.1756045383152145,0.526,0,293,False,False,0.8139969389631273,61.348426930245665,0.7472641278507218,0.9892034593063842
degen_seed1835086204,1835086204,164,0.2,0.2,0.0,285,False,0.0,0.986949043267015,1.1540153909826762,0.2,0,292,False,False,0.8205442495920313,60.32129923963133,0.7346192980716548,0.986949043267015
degen_seed1835086204,1835086204,165,0.55,0.2,1.0,282,False,0.0,0.9888165479001105,1.1438773826993793,0.55,0,285,False,False,0.8204358602500812,60.68425772096594,0.7393496036013418,0.9888165479001105
degen_seed1835086204,1835086204,166,0.41400000000000003,0.4,0.2,280,False,0.0,0.988601345661681,1.1366696344288696,0.41400000000000003,0,282,False,False,0.8212682344585414,60.167016014975005,0.7330799182458143,0.988601345661681
degen_seed1835086204,1835086204,167,0.6,0.6,0.0,282,False,0.0,0.9905620296656938,1.1354101834462453,0.6,0,280,False,False,0.8129278380723144,60.80982411319565,0.741299502789726,0.9905620296656938
degen_seed1835086204,1835086204,168,1.0,1.0,0.6,284,False,0.0,1.0,1.1539368047653373,1.0,282,282,True,True,0.812631552651646,62.2009746293884,0.7588764726386894,1.0
degen_seed1835086204,1835086204,169,0.726,0.6,0.6,283,False,0.0,0.9876889007971107,1.1367185593830949,0.726,0,284,False,False,0.8133478773465899,61.37543241767402,0.7487424198129298,0.9876889007971107
degen_seed1835086204,1835086204,170,0.8560000000000001,0.8,0.4,275,False,0.0,0.9881244384600542,1.1045354221810522,0.8560000000000001,0,283,False,False,0.8129527593820575,58.85034739710558,0.7173635384089155,0.9881244384600542
degen_seed1835086204,1835086204,171,0.22400000000000003,0.0,0.8,271,False,0.0,0.9925081416813885,1.0909572776249439,0.22400000000000003,0,275,False,False,0.8112120076601774,57.37131190656926,0.699055723764757,0.9925081416813885
degen_seed1835086204,1835086204,172,0.8,0.8,0.0,273,False,0.0,0.988403828742071,1.091569200287101,0.8,0,271,False,False,0.8090664691500377,57.45452418015438,0.7002786512496861,0.988403828742071
degen_seed1835086204,1835086204,173,1.0,1.0,0.0,273,False,0.0,1.0,1.0935671425753897,1.0,273,273,True,True,0.8011480897988202,57.21002667535347,0.6973991506343559,1.0
degen_seed1835086204,1835086204,174,0.95,0.6,1.0,272,False,0.0,0.9895011671877312,1.0779570021029898,0.95,0,273,False,False,0.8010252731439266,56.27398223703575,0.6858784578328048,0.9895011671877312
degen_seed1835086204,1835086204,175,0.95,0.6,1.0,267,False,0.0,0.9885273318588128,1.0551410235157248,0.95,0,272,False,False,0.7995406726799866,54.980565659270965,0.6698810039534351,0.9885273318588128
degen_seed1835086204,1835086204,176,0.05600000000000001,0.0,0.4,267,False,0.0,0.9900207331309546,1.0576923164503584,0.05600000000000001,0,267,False,False,0.8002649461908409,55.6927597161084,0.6789563841214528,0.9900207331309546
degen_seed1835086204,1835086204,177,0.22400000000000003,0.0,0.8,268,False,0.0,0.9909412803252609,1.0611460567989446,0.22400000000000003,0,267,False,False,0.7991392205674823,55.929929875504556,0.6820918397257226,0.9909412803252609
degen_seed1835086204,1835086204,178,0.6,0.6,0.0,276,False,0.0,0.9905973393579677,1.0882839551946162,0.6,0,268,False,False,0.7960969915852482,56.751871602937854,0.6925360752822116,0.9905973393579677
degen_seed1835086204,1835086204,179,0.21400000000000002,0.2,0.2,269,False,0.0,0.9885157021791768,1.065953480383212,0.21400000000000002,0,276,False,False,0.8017378651034823,55.53129087152929,0.6774478064928051,0.9885157021791768
degen_seed1835086204,1835086204,180,0.256,0.2,0.4,269,False,0.0,0.9878002799472135,1.0648702149422062,0.256,0,269,False,False,0.8015031813048659,55.52610448366251,0.6775473367653128,0.9878002799472135
degen_seed1835086204,1835086204,181,0.526,0.4,0.6,271,False,0.0,0.989132462628876,1.0757396119910245,0.526,0,269,False,False,0.8026263444807967,55.97825884540385,0.6833675583465005,0.989132462628876
degen_seed1835086204,1835086204,182,0.4,0.4,0.0,264,False,0.0,0.9903096592526329,1.0551343869276646,0.4,0,271,False,False,0.8071659455732334,54.826829593279925,0.6691383673058898,0.9903096592526329
degen_seed1835086204,1835086204,183,0.126,0.0,0.6,265,False,0.0,0.987700124447576,1.0587734199433116,0.126,0,264,False,False,0.8090251883378311,54.93002353674162,0.6705855390644978,0.987700124447576
degen_seed1835086204,1835086204,184,0.656,0.6,0.4,269,False,0.0,0.9893324947384096,1.077983937912985,0.656,0,265,False,False,0.8101169738565722,55.910282608048796,0.6829980134018498,0.9893324947384096
degen_seed1835086204,1835086204,185,0.8240000000000001,0.6,0.8,276,False,0.0,0.9903386653336788,1.0961308577046953,0.8240000000000001,0,269,False,False,0.8020465632398498,56.69231552160298,0.692931712747356,0.9903386653336788
degen_seed1835086204,1835086204,186,0.05600000000000001,0.0,0.4,282,False,0.0,0.990382925693124,1.1149624961615061,0.05600000000000001,0,276,False,False,0.798432124446756,57.80964738336794,0.7070557512814681,0.990382925693124
degen_seed1835086204,1835086204,187,0.35,0.0,1.0,276,False,0.0,0.9885084445016027,1.0953284055847592,0.35,0,282,False,False,0.8029433034648175,56.88362146574825,0.695633967546608,0.9885084445016027
degen_seed1835086204,1835086204,188,0.05600000000000001,0.0,0.4,277,False,0.0,0.9890482133425799,1.097555524226777,0.05600000000000001,0,276,False,False,0.8012338039410766,57.520152585913216,0.7037438687697595,0.9890482133425799
degen_seed1835086204,1835086204,189,0.8,0.8,0.0,280,False,0.0,0.9921826126707701,1.1091261877142375,0.8,0,277,False,False,0.7984749794112117,57.79981701507065,0.7073919188547412,0.9921826126707701
degen_seed1835086204,1835086204,190,0.014000000000000002,0.0,0.2,284,False,0.0,0.9865885604347966,1.1208896203617897,0.014000000000000002,0,280,False,False,0.8000892360143008,58.02257853650218,0.710326793609106,0.9865885604347966
degen_seed1835086204,1835086204,191,0.8560000000000001,0.8,0.4,284,False,0.0,0.9915550237617985,1.1291747412636348,0.8560000000000001,0,284,False,False,0.8019660641184474,58.90012005590271,0.7214452448471783,0.9915550237617985
degen_seed1835086204,1835086204,192,1.0,1.0,0.4,284,False,0.0,1.0,1.135390634317735,1.0,284,284,True,True,0.7995708692378416,59.750312536349576,0.7322192652383029,1.0
degen_seed1835086204,1835086204,193,0.8140000000000001,0.8,0.2,289,False,0.0,0.9925821034181621,1.138866922823637,0.8140000000000001,0,284,False,False,0.7940332557596732,59.954099659441916,0.7349132462034281,0.9925821034181621
degen_seed1835086204,1835086204,194,0.614,0.6,0.2,294,False,0.0,0.9913343608059767,1.1558167850869787,0.614,0,289,False,False,0.7931430130078634,60.69367394006763,0.7443020096425345,0.9913343608059767
degen_seed1835086204,1835086204,195,0.6240000000000001,0.4,0.8,296,False,0.0,0.9891109557222824,1.161683342162786,0.6240000000000001,0,294,False,False,0.7935623122927008,60.78701065980353,0.7456127098779792,0.9891109557222824
degen_seed1835086204,1835086204,196,0.35,0.0,1.0,302,False,0.0,0.9866042745728507,1.1833716191907908,0.35,0,296,False,False,0.794330446594643,61.470180412722186,0.7542925289674096,0.9866042745728507
degen_seed1835086204,1835086204,197,1.0,1.0,0.6,299,False,0.0,1.0,1.2013121395351185,1.0,302,302,True,True,0.8035532705920524,62.54339354997235,0.7678498796984278,1.0
degen_seed1835086204,1835086204,198,0.8240000000000001,0.6,0.8,300,False,0.0,0.9899252724461615,1.192340244831848,0.8240000000000001,0,299,False,False,0.8029833348837923,61.869827795707664,0.7595701338281367,0.9899252724461615
degen_seed1835086204,1835086204,199,0.05600000000000001,0.0,0.4,299,False,0.0,0.9914374435440809,1.1932202855019252,0.05600000000000001,0,300,False,False,0.8050338066166909,61.63850293873664,0.7568136527190065,0.9914374435440809
degen_seed1835086204,1835086204,200,1.0,1.0,0.4,297,False,0.0,1.0,1.1984824905235645,1.0,299,299,True,True,0.8070589161774844,62.14986071959622,0.7633413575394276,1.0
degen_seed1835086204,1835086204,201,1.0,1.0,0.6,298,False,0.0,1.0,1.2079342295407511,1.0,297,297,True,True,0.810694113785739,62.743222180014264,0.7708935205829327,1.0
degen_seed1835086204,1835086204,202,0.4,0.4,0.0,305,False,0.0,0.9884742607075949,1.2219028342723344,0.4,0,298,False,False,0.8105904139628384,63.824163712062365,0.784537667443404,0.9884742607075949
degen_seed1835086204,1835086204,203,0.8,0.8,0.0,300,False,0.0,0.9889852277992399,1.2079232124786494,0.8,0,305,False,False,0.8142509301624291,62.45620991053338,0.7675701828270769,0.9889852277992399
degen_seed1835086204,1835086204,204,0.456,0.4,0.4,301,False,0.0,0.9909755122824401,1.2124561779013392,0.456,0,300,False,False,0.8129552273219256,61.8958174615178,0.7606963484143201,0.9909755122824401
degen_seed1835086204,1835086204,205,1.0,0.8,1.0,305,False,0.0,1.0,1.2357413636766914,1.0,301,301,True,True,0.8103222056896338,63.31711233965813,0.7785917827512432,1.0
degen_seed1835086204,1835086204,206,1.0,1.0,0.6,311,False,0.0,1.0,1.2580006489996867,1.0,305,305,True,True,0.8090036327972262,65.10342354820526,0.801048901980442,1.0
degen_seed1835086204,1835086204,207,0.456,0.4,0.4,315,False,0.0,0.9924696069430933,1.2597498720780842,0.456,0,311,False,False,0.8059100077478419,65.0340403466184,0.8003135349682842,0.9924696069430933
degen_seed1835086204,1835086204,208,0.75,0.4,1.0,318,False,0.0,0.9880390483324971,1.2689540074000827,0.75,0,315,False,False,0.8077456885237663,65.42390751889468,0.8053076687186601,0.9880390483324971
degen_seed1835086204,1835086204,209,1.0,1.0,1.0,315,False,0.0,1.0,1.264740288333142,1.0,318,318,True,True,0.8030097068781854,64.88093132662746,0.7986440916319075,1.0
degen_seed1835086204,1835086204,210,0.0,0.0,0.0,325,False,0.0,0.9870541275667082,1.2843249524698788,0.0,0,315,False,False,0.8007198337267741,65.72178248486357,0.8092779110968515,0.9870541275667082
degen_seed1835086204,1835086204,211,0.526,0.4,0.6,330,False,0.0,0.992488705780473,1.3134626191434842,0.526,0,325,False,False,0.8020624782526498,66.9979589497556,0.82535213281125,0.992488705780473
degen_seed1835086204,1835086204,212,0.42400000000000004,0.2,0.8,336,False,0.0,0.9930829378572665,1.331898422381287,0.42400000000000004,0,330,False,False,0.7983187000467913,67.76880334840438,0.835109314823471,0.9930829378572665
degen_seed1835086204,1835086204,213,0.41400000000000003,0.4,0.2,335,False,0.0,0.9890867608647109,1.321043056074878,0.41400000000000003,0,336,False,False,0.797384468929433,67.00481342972837,0.8256777484013386,0.9890867608647109
degen_seed1835086204,1835086204,214,0.456,0.4,0.4,328,False,0.0,0.9911560752364589,1.3068283201122526,0.456,0,335,False,False,0.8039566689471281,65.33763457779558,0.8049573352495015,0.9911560752364589
degen_seed1835086204,1835086204,215,0.05600000000000001,0.0,0.4,321,False,0.0,0.9891451287412077,1.279062725421382,0.05600000000000001,0,328,False,False,0.8056692524747006,63.7738876557611,0.7855269229493083,0.9891451287412077
degen_seed1835086204,1835086204,216,0.8560000000000001,0.8,0.4,325,False,0.0,0.9903193699530204,1.2984640686015612,0.8560000000000001,0,321,False,False,0.8068657805663448,64.43921252577746,0.7939587627206729,0.9903193699530204
degen_seed1835086204,1835086204,217,0.22400000000000003,0.0,0.8,328,False,0.0,0.9862617617206682,1.3075169208978519,0.22400000000000003,0,325,False,False,0.8083720226470882,64.6102872682486,0.7962129650291982,0.9862617617206682
degen_seed1835086204,1835086204,218,1.0,1.0,0.8,331,False,0.0,1.0,1.331247479708325,1.0,328,328,True,True,0.804379141817719,66.30446868758335,0.817502823148111,1.0
degen_seed1835086204,1835086204,219,0.726,0.6,0.6,335,False,0.0,0.9917991559863161,1.3241205670075975,0.726,0,331,False,False,0.7970562756840862,66.71433376522816,0.8227389433788815,0.9917991559863161
degen_seed1835086204,1835086204,220,1.0,1.0,0.0,330,False,0.0,1.0,1.3175807931422723,1.0,335,335,True,True,0.7985338140256196,66.83553487108955,0.8243670718440456,1.0
degen_seed1835086204,1835086204,221,0.656,0.6,0.4,329,False,0.0,0.9901545770942569,1.3039049758237253,0.656,0,330,False,False,0.8005289477554927,65.8733832652882,0.8124486157235506,0.9901545770942569
degen_seed1835086204,1835086204,222,0.75,0.4,1.0,325,False,0.0,0.9906946182522711,1.29195522897919,0.75,0,329,False,False,0.8025170996508327,65.36967975966752,0.8062627512370754,0.9906946182522711
degen_seed1835086204,1835086204,223,0.8140000000000001,0.8,0.2,319,False,0.0,0.9881863047828174,1.275941615279056,0.8140000000000001,0,325,False,False,0.8095268992167401,64.29155762593388,0.7928934514450543,0.9881863047828174
degen_seed1835086204,1835086204,224,0.456,0.4,0.4,323,False,0.0,0.9932664508547663,1.3033897442098643,0.456,0,319,False,False,0.8125236410637292,65.65094070461784,0.8099923761628962,0.9932664508547663
degen_seed1835086204,1835086204,225,0.22400000000000003,0.0,0.8,321,False,0.0,0.9921297256118001,1.2924585207115515,0.22400000000000003,0,323,False,False,0.8116580781467514,65.184921775737,0.8042747223630199,0.9921297256118001
degen_seed1835086204,1835086204,226,0.35,0.0,1.0,316,False,0.0,0.9905144327857416,1.2723645802454346,0.35,0,321,False,False,0.8130058598593033,63.76989478218336,0.7866900183815603,0.9905144327857416
degen_seed1835086204,1835086204,227,1.0,0.8,1.0,320,False,0.0,1.0,1.2943180314057448,1.0,316,316,True,True,0.8089487696285904,65.07001505135351,0.8030487128904056,1.0
degen_seed1835086204,1835086204,228,0.8560000000000001,0.8,0.4,315,False,0.0,0.9929891175041393,1.267595156785647,0.8560000000000001,0,320,False,False,0.8105046748060759,63.88624312614314,0.7883512994887907,0.9929891175041393
degen_seed1835086204,1835086204,229,0.2,0.2,0.0,321,False,0.0,0.9934364842091902,1.284959830399088,0.2,0,315,False,False,0.8058874803738209,65.00832937832305,0.8024787658750909,0.9934364842091902
degen_seed1835086204,1835086204,230,0.4,0.4,0.0,330,False,0.0,0.9914507708152579,1.3141130230474858,0.4,0,321,False,False,0.8032997286646901,66.76129021505622,0.8244919055633287,0.9914507708152579
degen_seed1835086204,1835086204,231,0.21400000000000002,0.2,0.2,331,False,0.0,0.9917271354562994,1.316904343522501,0.21400000000000002,0,330,False,False,0.8023503298690143,67.67880481852225,0.8360603538907551,0.9917271354562994
degen_seed1835086204,1835086204,232,0.8560000000000001,0.8,0.4,335,False,0.0,0.9892090667072739,1.3270009872483524,0.8560000000000001,0,331,False,False,0.8008816558962956,68.13306145781496,0.8418428351608892,0.9892090667072739
degen_seed1835086204,1835086204,233,0.55,0.2,1.0,337,False,0.0,0.9886704165567306,1.3331380658171486,0.55,0,335,False,False,0.8002463184592322,67.42859301600467,0.8331317039877693,0.9886704165567306
degen_seed1835086204,1835086204,234,0.42400000000000004,0.2,0.8,335,False,0.0,0.9879440684370165,1.3260553312134706,0.42400000000000004,0,337,False,False,0.8013356726333015,66.27443021875703,0.8187991744450922,0.9879440684370165
degen_seed1835086204,1835086204,235,0.926,0.8,0.6,337,False,0.0,0.9893356188994069,1.3306691058375306,0.926,0,335,False,False,0.7982272019574725,66.96959511449104,0.8275854323727911,0.9893356188994069
degen_seed1835086204,1835086204,236,0.05600000000000001,0.0,0.4,332,False,0.0,0.9898944083806158,1.312533854041996,0.05600000000000001,0,337,False,False,0.7987549357886596,66.15937308932864,0.8175512182754302,0.9898944083806158
degen_seed1835086204,1835086204,237,1.0,1.0,1.0,327,False,0.0,1.0,1.3108940927782964,1.0,332,332,True,True,0.8017700873261752,66.18503088139586,0.8179672101218011,1.0
degen_seed1835086204,1835086204,238,0.8560000000000001,0.8,0.4,333,False,0.0,0.9903298232358154,1.3219792619963193,0.8560000000000001,0,327,False,False,0.8017344526112153,66.54337987897767,0.8225392088290728,0.9903298232358154
degen_seed1835086204,1835086204,239,0.256,0.2,0.4,327,False,0.0,0.9908231939010445,1.3025021771827554,0.256,0,333,False,False,0.804015713540837,64.98182224212347,0.8031118065277937,0.9908231939010445
degen_seed1835086204,1835086204,240,0.6,0.6,0.0,338,False,0.0,0.9916193728924222,1.3406617209473752,0.6,0,327,False,False,0.7999954224638978,67.77735210180373,0.8381467875237655,0.9916193728924222
degen_seed1835086204,1835086204,241,0.95,0.6,1.0,339,False,0.0,0.9891161564433071,1.342527738031647,0.95,0,338,False,False,0.8007671876462034,67.24871621269004,0.8316286803214546,0.9891161564433071
degen_seed1835086204,1835086204,242,0.614,0.6,0.2,335,False,0.0,0.9921255072527311,1.3289473319487919,0.614,0,339,False,False,0.7996986131373853,66.11719849704279,0.817574313533966,0.9921255072527311
degen_seed1835086204,1835086204,243,0.526,0.4,0.6,339,False,0.0,0.9913927577535636,1.3458915589005263,0.526,0,335,False,False,0.8009301174790224,66.97389361206051,0.8283713591060583,0.9913927577535636
degen_seed1835086204,1835086204,244,0.526,0.4,0.6,330,False,0.0,0.991786241306183,1.3245749535484928,0.526,0,339,False,False,0.8094210886239425,65.99231885431854,0.8161946070777321,0.991786241306183
degen_seed1835086204,1835086204,245,1.0,1.0,0.0,330,False,0.0,1.0,1.3326933706500872,1.0,330,330,True,True,0.8076929519091438,66.66670733151352,0.82470589858192,1.0
degen_seed1835086204,1835086204,246,0.526,0.4,0.6,329,False,0.0,0.990603376928628,1.317312644357571,0.526,0,330,False,False,0.8083941350762067,66.43363339980395,0.8218785254260941,0.990603376928628
degen_seed1835086204,1835086204,247,0.256,0.2,0.4,329,False,0.0,0.9909552395064932,1.2919339768086124,0.256,0,329,False,False,0.7925385197609659,66.88220745316691,0.8275703140147558,0.9909552395064932
degen_seed1835086204,1835086204,248,0.42400000000000004,0.2,0.8,336,False,0.0,0.9887793400529687,1.3199578113584063,0.42400000000000004,0,329,False,False,0.7946051678077473,67.96571838314087,0.8412003156749284,0.9887793400529687
degen_seed1835086204,1835086204,249,0.726,0.6,0.6,329,False,0.0,0.9921657497315776,1.2965232430147962,0.726,0,336,False,False,0.7943834247070538,67.10260460629425,0.8304938054270541,0.9921657497315776
degen_seed1835086204,1835086204,250,0.8240000000000001,0.6,0.8,338,False,0.0,0.9909430093075645,1.3246077889151662,0.8240000000000001,0,329,False,False,0.7909552655523029,69.34069663806845,0.8585517514894865,0.9909430093075645
degen_seed1835086204,1835086204,251,0.8240000000000001,0.6,0.8,337,False,0.0,0.9872307584042235,1.318549408371568,0.8240000000000001,0,338,False,False,0.7926433586236349,69.15151017820445,0.8562692171828843,0.9872307584042235
degen_seed1835086204,1835086204,252,0.8140000000000001,0.8,0.2,332,False,0.0,0.993324847563127,1.3151775704485529,0.8140000000000001,0,337,False,False,0.7975997447281976,68.86166782147862,0.8527259988246984,0.993324847563127
degen_seed1835086204,1835086204,253,0.456,0.4,0.4,326,False,0.0,0.9892734502866656,1.294212066990523,0.456,0,332,False,False,0.80260430813436,68.52946280606076,0.8486536463142664,0.9892734502866656
degen_seed1835086204,1835086204,254,0.55,0.2,1.0,330,False,0.0,0.9890439617826317,1.3048872300365046,0.55,0,326,False,False,0.7996012068576558,69.09382220845691,0.8557877106764599,0.9890439617826317
degen_seed1835086204,1835086204,255,1.0,1.0,0.0,335,False,0.0,1.0,1.3304101401492938,1.0,330,330,True,True,0.7942747105368918,70.684156055639,0.8757453689909016,1.0
degen_seed1835086204,1835086204,256,0.6,0.6,0.0,342,False,0.0,0.9906123958780695,1.3424018237792805,0.6,0,335,False,False,0.7924696981081378,70.33126507555257,0.8714119147181959,0.9906123958780695
degen_seed1835086204,1835086204,257,0.456,0.4,0.4,344,False,0.0,0.9913427642106338,1.3452946299161412,0.456,0,342,False,False,0.7889784128012598,70.5391699673397,0.8740900494668158,0.9913427642106338
degen_seed1835086204,1835086204,258,0.2,0.2,0.0,340,False,0.0,0.9899124646919052,1.326628907266895,0.2,0,344,False,False,0.7883221732074994,69.01058487835473,0.8550560205081688,0.9899124646919052
degen_seed1835086204,1835086204,259,0.22400000000000003,0.0,0.8,333,False,0.0,0.9927737127150899,1.3045797492195408,0.22400000000000003,0,340,False,False,0.7892346169902043,67.31329054070925,0.8339156204713969,0.9927737127150899
degen_seed1835086204,1835086204,260,0.95,0.6,1.0,339,False,0.0,0.99236809846173,1.316890487745257,0.95,0,333,False,False,0.782901569132405,67.98968733890514,0.8424506431306626,0.99236809846173
degen_seed1835086204,1835086204,261,0.6,0.6,0.0,341,False,0.0,0.9863258346127405,1.3234208861585177,0.6,0,339,False,False,0.786960967655846,68.16662430395351,0.8447319721470832,0.9863258346127405
degen_seed1835086204,1835086204,262,0.21400000000000002,0.2,0.2,335,False,0.0,0.9884017077558281,1.3134104714661896,0.21400000000000002,0,341,False,False,0.7933268917422677,68.1205694806994,0.844228668372211,0.9884017077558281
degen_seed1835086204,1835086204,263,1.0,1.0,0.4,331,False,0.0,1.0,1.3195186626236461,1.0,335,335,True,True,0.7972922432771276,68.53902231472381,0.8495320930534198,1.0
degen_seed1835086204,1835086204,264,0.42400000000000004,0.2,0.8,326,False,0.0,0.991689150525681,1.2954629637030353,0.42400000000000004,0,331,False,False,0.8014230608429539,67.1973230439381,0.8328316730122323,0.991689150525681
degen_seed1835086204,1835086204,265,0.55,0.2,1.0,325,False,0.0,0.9871846383226377,1.2859372829785982,0.55,0,326,False,False,0.8016190584561036,66.87813759410248,0.828912948420102,0.9871846383226377
degen_seed1835086204,1835086204,266,0.8240000000000001,0.6,0.8,321,False,0.0,0.9900618589192022,1.282799851045978,0.8240000000000001,0,325,False,False,0.8072750570503292,66.43905523057339,0.8234952870926602,0.9900618589192022
degen_seed1835086204,1835086204,267,0.05600000000000001,0.0,0.4,320,False,0.0,0.9908634196177709,1.2852778211671823,0.05600000000000001,0,321,False,False,0.8107057161716235,65.85447957633106,0.8162570287834455,0.9908634196177709
degen_seed1835086204,1835086204,268,0.55,0.2,1.0,321,False,0.0,0.9891704019268268,1.2847909355465663,0.55,0,320,False,False,0.8092567197459262,65.40890991385967,0.8107563438582649,0.9891704019268268
degen_seed1835086204,1835086204,269,0.05600000000000001,0.0,0.4,320,False,0.0,0.9912646664138672,1.2809046931259949,0.05600000000000001,0,321,False,False,0.8076202656349896,65.46761321055877,0.8115590165975843,0.9912646664138672
degen_seed1835086204,1835086204,270,0.42400000000000004,0.2,0.8,324,False,0.0,0.9907723887863256,1.2951445573439124,0.42400000000000004,0,320,False,False,0.8069178733947756,66.16578946210726,0.8203529008182927,0.9907723887863256
degen_seed1835086204,1835086204,271,0.05600000000000001,0.0,0.4,319,False,0.0,0.9926270586979739,1.2751468812922084,0.05600000000000001,0,324,False,False,0.8054033207451184,65.82036655335659,0.8161024295674445,0.9926270586979739
degen_seed1835086204,1835086204,272,0.326,0.2,0.6,321,False,0.0,0.9893266916578639,1.2864189260872991,0.326,0,319,False,False,0.8101541440415216,66.16790528201612,0.8205129675265216,0.9893266916578639
degen_seed1835086204,1835086204,273,0.05600000000000001,0.0,0.4,322,False,0.0,0.9907480402258865,1.292634695260183,0.05600000000000001,0,321,False,False,0.8103762612794421,67.22444353469082,0.8337853920630532,0.9907480402258865
degen_seed1835086204,1835086204,274,1.0,1.0,0.8,313,False,0.0,1.0,1.273778799174666,1.0,322,322,True,True,0.8139161656068155,66.31729163489578,0.8225103988223781,1.0
degen_seed1835086204,1835086204,275,0.014000000000000002,0.0,0.2,314,False,0.0,0.9923924923916314,1.2675573583793256,0.014000000000000002,0,313,False,False,0.8135504661247374,65.50909131980251,0.8124719704270733,0.9923924923916314
degen_seed1835086204,1835086204,276,1.0,1.0,0.8,307,False,0.0,1.0,1.257546771589827,1.0,314,314,True,True,0.8192487111334378,64.3517852263672,0.7980705779113112,1.0
degen_seed1835086204,1835086204,277,0.256,0.2,0.4,306,False,0.0,0.9914759650214927,1.2352313828798618,0.256,0,307,False,False,0.8142817391509753,63.60488945699246,0.7887963449024049,0.9914759650214927
degen_seed1835086204,1835086204,278,0.75,0.4,1.0,318,False,0.0,0.9890624047203178,1.2696989031019592,0.75,0,306,False,False,0.8073836043463062,65.56519979348921,0.8133656406871135,0.9890624047203178
degen_seed1835086204,1835086204,279,0.526,0.4,0.6,323,False,0.0,0.9870385427588779,1.276015010702491,0.526,0,318,False,False,0.800477529075179,65.87319913459906,0.8172782599159254,0.9870385427588779
degen_seed1835086204,1835086204,280,0.6240000000000001,0.4,0.8,319,False,0.0,0.993511235832202,1.2708576828778635,0.6240000000000001,0,323,False,False,0.8019798347408965,66.10353216154658,0.8202149228368097,0.993511235832202
degen_seed1835086204,1835086204,281,0.8,0.8,0.0,312,False,0.0,0.9906387043850946,1.2396635335656472,0.8,0,319,False,False,0.8021654188782035,64.39414941148507,0.7989129131210672,0.9906387043850946
degen_seed1835086204,1835086204,282,0.126,0.0,0.6,313,False,0.0,0.985769493910195,1.2388731233917236,0.126,0,312,False,False,0.803039883370289,64.26602204867932,0.7973659335633981,0.985769493910195
degen_seed1835086204,1835086204,283,0.726,0.6,0.6,316,False,0.0,0.9886487743988825,1.2610721175709376,0.726,0,313,False,False,0.8073108777586989,66.17613498954063,0.821301504349256,0.9886487743988825
degen_seed1835086204,1835086204,284,0.6240000000000001,0.4,0.8,317,False,0.0,0.987750001250965,1.2616262849532602,0.6240000000000001,0,316,False,False,0.8058503950078918,65.9448594572585,0.8184693490687769,0.987750001250965
degen_seed1835086204,1835086204,285,1.0,1.0,0.6,325,False,0.0,1.0,1.3022430715626871,1.0,317,317,True,True,0.8013803517308844,68.18493423403154,0.8465285758869429,1.0
degen_seed1835086204,1835086204,286,0.75,0.4,1.0,330,False,0.0,0.9910120514149544,1.3120963056754271,0.75,0,325,False,False,0.8024220099968926,68.88285321486913,0.8553101630502001,0.9910120514149544
degen_seed1835086204,1835086204,287,0.526,0.4,0.6,326,False,0.0,0.9902062077972233,1.2976799867073134,0.526,0,330,False,False,0.8039968695030767,68.01194801132678,0.8444807980996165,0.9902062077972233
degen_seed1835086204,1835086204,288,0.0,0.0,0.0,330,False,0.0,0.9908819184969773,1.2956182049803864,0.0,0,326,False,False,0.7924487669778414,67.97831650387968,0.844116860375194,0.9908819184969773
degen_seed1835086204,1835086204,289,0.8,0.8,0.0,333,False,0.0,0.9906194918354693,1.309354407081693,0.8,0,330,False,False,0.793845719545886,68.72475396420398,0.8535030003560182,0.9906194918354693
degen_seed1835086204,1835086204,290,0.614,0.6,0.2,329,False,0.0,0.9926033384484803,1.2959638889864238,0.614,0,333,False,False,0.7936906544524055,68.10705350105965,0.8458374552512713,0.9926033384484803
degen_seed1835086204,1835086204,291,1.0,0.8,0.8,331,False,0.0,1.0,1.3201173404240314,1.0,329,329,True,True,0.797653982129324,69.63915328485517,0.865045292929536,1.0
degen_seed1835086204,1835086204,292,1.0,0.8,1.0,333,False,0.0,1.0,1.3338388925237052,1.0,331,331,True,True,0.8011044399541773,70.61566838448594,0.8773043020161032,1.0
degen_seed1835086204,1835086204,293,0.456,0.4,0.4,316,False,0.0,0.9910271751267059,1.265924077277049,0.456,0,333,False,False,0.8084720485349696,67.32900821616781,0.8362754154809934,0.9910271751267059
degen_seed1835086204,1835086204,294,0.41400000000000003,0.4,0.2,320,False,0.0,0.9913236328414942,1.2840685461770411,0.41400000000000003,0,316,False,False,0.8095669413834823,68.03482515501567,0.8451556559309465,0.9913236328414942
degen_seed1835086204,1835086204,295,0.75,0.4,1.0,322,False,0.0,0.9916479260053136,1.2892184546683982,0.75,0,320,False,False,0.8075011131900168,67.95007296363055,0.8441450337393562,0.9916479260053136
degen_seed1835086204,1835086204,296,0.05600000000000001,0.0,0.4,323,False,0.0,0.9909155638789198,1.2871759264779759,0.05600000000000001,0,322,False,False,0.8043197489517778,67.4827108853352,0.8383532364050591,0.9909155638789198
degen_seed1835086204,1835086204,297,1.0,1.0,0.2,321,False,0.0,1.0,1.297985008969314,1.0,323,323,True,True,0.8087134012269869,67.81720116035193,0.8425860063719374,1.0
degen_seed1835086204,1835086204,298,0.726,0.6,0.6,320,False,0.0,0.9906029749244664,1.279899304610525,0.726,0,321,False,False,0.8075254018317211,67.19997563066768,0.8349215184027268,0.9906029749244664
degen_seed1835086204,1835086204,299,1.0,0.8,1.0,320,False,0.0,1.0,1.2867108551343849,1.0,320,320,True,True,0.8041942844589904,67.88732042352704,0.8435642624672409,1.0
