arm,defense_arm,seed,step,novelty_vector_count,h_n_latest,h_n_shape_latest,V,H_N,L_t,total_suppression,avg_wb,theta_capability,transfer_state,g,population,x_compute,x_bio_welfare,x_novelty_agency,x_institutional_capacity,x_transfer_comprehension,x_resilience,c_protective,c_suppressive,adapter_active,action_modified,adapter_score,resilience_stock,shape_fallback_increase
M1,OFF,1835088200,0,200,0.9836830269171354,0.9837532218883644,0.076001631124545,0.9836830269171354,0.09741423975275214,0.126,0.6523631261221963,0.5130994578308141,0.5302585243936428,1.483284613270014,205,0.16374322288517612,0.24049793819144677,0.08052869538986857,0.24696885589016396,0.20129262196821412,0.0669686656751306,0.6,0.0,False,False,0.0,0.31612683958355486,2
M1,OFF,1835088200,1,205,0.9833782455569355,0.9833801318771964,0.10478740643675824,0.9833782455569355,0.11681405648308968,0.014000000000000002,0.6678883325423264,0.5263752305631689,0.5534222098428638,1.4240820216333037,207,0.17413432029869388,0.19604268933039545,0.049424981071108674,0.379710931965389,0.18094768944292644,0.019739387891486326,0.2,0.0,False,False,0.0,0.3104821617479525,0
M1,OFF,1835088200,2,207,0.9809407080246463,0.9814370538698225,0.06041299064460086,0.9809407080246463,0.13366385101060643,0.256,0.6804392929776084,0.535951715258357,0.5980799888585775,1.3169734172131713,204,0.13619057779183152,0.27764450490166975,0.03736835273966177,0.18898604081340978,0.3001449384054564,0.0596655853479707,0.4,0.2,False,False,0.0,0.3222838481843459,0
M1,OFF,1835088200,3,204,0.9844746491183395,0.9846022074100493,0.07125397063767341,0.9844746491183395,0.15566207685685907,0.2,0.6911660049352404,0.5488751164165231,0.6287151925813499,1.2630984961424772,205,0.18401233651354915,0.199592463464384,0.10232581456686038,0.2523817384765319,0.25221601304315044,0.0094716339355241,0.0,0.2,False,False,0.0,0.31158787265514454,0
M1,OFF,1835088200,4,205,0.9889277405619437,0.9889287954815851,0.10945829855908248,0.9889277405619437,0.179468393443297,0.014000000000000002,0.7036860665657316,0.5551616633777252,0.6486294155893864,1.2163088768665207,210,0.10912878477535301,0.1749645681523582,0.011822724805890934,0.4421281323175003,0.21392871133085734,0.04802707861804022,0.2,0.0,False,False,0.0,0.3183687009561041,0
M1,OFF,1835088200,5,210,0.9893516947843446,0.98935217525556,0.11572192697485512,0.9893516947843446,0.20289470937791032,0.014000000000000002,0.7158367658775298,0.5682096640162447,0.6837664740304478,1.160878619410516,210,0.19757604759257189,0.17226909492154133,0.01318815921502843,0.21993884077965256,0.32637423089238915,0.07065362659881676,0.2,0.0,False,False,0.0,0.33383898001287465,0
M1,OFF,1835088200,6,210,0.9834061270873493,0.9834063071609314,0.12348597532960598,0.9834061270873493,0.22331714943019795,0.0,0.7266782426828502,0.5825009398577184,0.7035661863929347,1.1393299505304952,213,0.2212719880285738,0.16898632126317126,0.10661639050661667,0.1997008009655625,0.24088179882765828,0.06254270040841758,0.0,0.0,False,False,0.0,0.3440462365828651,0
M1,OFF,1835088200,7,213,0.9870961346416336,0.9870990433002075,0.10137023068006178,0.9870961346416336,0.24162025200262355,0.126,0.7431983529347007,0.5958165175413644,0.7291089539764184,1.0995509764727338,207,0.21800780845664852,0.18226841417952205,0.07761329878661721,0.21887659394482423,0.27949693111388574,0.02373695351850225,0.6,0.0,False,False,0.0,0.33673020867069225,0
M1,OFF,1835088200,8,207,0.9791012675716863,0.9827816319048371,0.04447592549385061,0.9791012675716863,0.2516411512375308,0.41400000000000003,0.7538541754477631,0.5940268843148405,0.7561980585787765,1.0420371392328729,203,0.03751490813180355,0.21091734007404497,0.02903360979991557,0.22036302476107103,0.32667321572884717,0.1754979015043178,0.2,0.4,False,False,0.0,0.39403170226202267,0
M1,OFF,1835088200,9,203,0.9860876913917532,0.9860885361698938,0.11120370139359255,0.9860876913917532,0.26907494938174825,0.126,0.762393650017006,0.5978180125911137,0.7593492944239084,1.03263807062323,204,0.10615590615019005,0.17631068987976534,0.11790599646916239,0.31745195681689803,0.19385520851504756,0.08832024216893661,0.6,0.0,False,False,0.0,0.4078423997015333,0
M1,OFF,1835088200,10,204,0.9853030409090792,0.9853180689779355,0.08828360007489694,0.9853030409090792,0.28384232023386596,0.2,0.7696257318888259,0.599097078146091,0.7834143649815176,0.9936331935654058,202,0.07712457730666263,0.1605820001879,0.1403662856459786,0.24517267073764867,0.30043136822186606,0.07632309789994401,0.0,0.2,False,False,0.0,0.41495701285532577,0
M1,OFF,1835088200,11,202,0.9905555901231846,0.9905664901448941,0.09088230520370372,0.9905555901231846,0.30406196361903487,0.2,0.7753580061964637,0.5982500117211295,0.8003147941241916,0.964094477246033,204,0.05134734352928695,0.16963540015007075,0.01752585537733815,0.3367986920768466,0.2762093282041285,0.1484833806623289,0.0,0.2,False,False,0.0,0.4515251911908648,0
M1,OFF,1835088200,12,204,0.9822590905410512,0.9822591128801491,0.1400895766195615,0.9822590905410512,0.31748102670782863,0.05600000000000001,0.782902937315159,0.6084655039447706,0.8018320089436516,0.9692697296788519,204,0.18909991012122063,0.2942745930732205,0.004082730433532989,0.29250035688130566,0.20774347115939584,0.012298938331324446,0.4,0.0,False,False,0.0,0.4265077223471173,0
M1,OFF,1835088200,13,204,0.9787845073500319,0.978784509933247,0.15723366764195693,0.9787845073500319,0.3361875158349419,0.0,0.7866850266995047,0.6142578263055151,0.7995741993326617,0.9765422608695974,210,0.14019496947478743,0.2615453663331201,0.05260693230849023,0.3480703454094999,0.18962695641687635,0.007955430057226058,0.0,0.0,False,False,0.0,0.4026680762894982,0
M1,OFF,1835088200,14,210,0.9800542675602355,0.9800741626053368,0.08600791606699917,0.9800542675602355,0.35601676110286296,0.256,0.7875445583131779,0.6223764413162666,0.8196167793993956,0.9642000934086391,216,0.17289382907534123,0.16404251669646566,0.10178162452161506,0.16038784586833385,0.3423205962934418,0.05857358754480228,0.4,0.2,False,False,0.0,0.40294881390357534,0
M1,OFF,1835088200,15,216,0.9852068646539608,0.9852073666406301,0.1153398078741455,0.9852068646539608,0.37562449627611433,0.126,0.7883749951963455,0.6412576192504532,0.820949002453386,0.9907943411610551,221,0.32336872884734114,0.18707119989976292,0.08404769035814541,0.17190280370462055,0.21646950496964998,0.017140072220480078,0.6,0.0,False,False,0.0,0.38579378656774793,0
M1,OFF,1835088200,16,221,0.9878762067539836,0.9878762410979396,0.13671143743304118,0.9878762067539836,0.38362940425686604,0.05600000000000001,0.79591655721401,0.6394170058340687,0.8253274804291708,0.9733977486362188,218,0.06527834432672648,0.21422531561049685,0.03280668512038939,0.33626223208983624,0.23236689110561745,0.11906053174693361,0.4,0.0,False,False,0.0,0.4135039555133303,0
M1,OFF,1835088200,17,218,0.9879684982619134,0.9879685059203069,0.14865725884223965,0.9879684982619134,0.40627057178410353,0.0,0.7981030821731976,0.6492989373914263,0.8427947323862537,0.965303523872139,222,0.2106597731132637,0.2212664156024726,0.009375264735439433,0.2039014306460069,0.3542466628677285,0.0005504530350888242,0.0,0.0,False,False,0.0,0.38811467112646797,0
M1,OFF,1835088200,18,222,0.9777561069851042,0.9885279659383902,0.035973806448820145,0.9777561069851042,0.40998137557103437,0.526,0.8039222681147955,0.6425883368970589,0.8585152591476283,0.9310451917511277,219,0.009429329690048553,0.18682807910094282,6.493940494532181e-07,0.28335347435329306,0.4149038644445165,0.10548460301714963,0.6,0.4,False,False,0.0,0.40984444385849467,0
M1,OFF,1835088200,19,219,0.9854021683737234,0.9854021852549685,0.14234490381044815,0.9854021683737234,0.4234300327279684,0.014000000000000002,0.8042470130596812,0.6389937813346276,0.8588527047405542,0.9250995875376572,222,0.044185766030271384,0.1976073758100778,0.015992946483053844,0.3991611175075224,0.23094485753844385,0.1121079366306307,0.2,0.0,False,False,0.0,0.4317484439803402,0
M1,OFF,1835088200,20,222,0.9836189019980144,0.9837653834581225,0.0701461217079708,0.9836189019980144,0.4338738725681509,0.326,0.8052435573159175,0.6368193295222266,0.8565949824746152,0.9232375338509905,226,0.059690465679130146,0.2356548651142982,0.030986041570967113,0.2695140183093083,0.2181377410405819,0.18601686828571437,0.6,0.2,False,False,0.0,0.4820657153826994,0
M1,OFF,1835088200,21,226,0.9899018240839152,0.9899188192338392,0.0873415263328843,0.9899018240839152,0.44811616657823056,0.256,0.8033280189567278,0.6440432726499462,0.8628646912865894,0.9291363167355562,228,0.17581137004788674,0.1640901572828495,0.0902422148542464,0.2258790626907715,0.2596460352971788,0.0843311598270672,0.4,0.2,False,False,0.0,0.48363691666414366,0
M1,OFF,1835088200,22,228,0.9877000807034498,0.991102352469661,0.0451684459342782,0.9877000807034498,0.4835346315631488,0.456,0.7861160597516598,0.6566183821109423,0.8765782221579305,0.9528744700570512,241,0.24721591366866721,0.13486552893971868,0.018115726256248483,0.2606794576116938,0.31991154148769724,0.01921183203597462,0.4,0.4,False,False,0.0,0.4576694561195558,0
M1,OFF,1835088200,23,241,0.985556094052178,0.9878258235307306,0.048364187600124633,0.985556094052178,0.49578675779049525,0.41400000000000003,0.7840138309557503,0.6674942203025591,0.8889203999421375,0.9577693003370353,248,0.23383446621454948,0.21030641386803128,0.0901086153810594,0.10899241348330954,0.32477745957136156,0.03198063148168867,0.2,0.4,False,False,0.0,0.4401809866075183,0
M1,OFF,1835088200,24,248,0.9893672650231856,0.9901704607284055,0.056652124128735874,0.9893672650231856,0.5181854746321312,0.4,0.7816499075130487,0.667550154576493,0.8912631350414724,0.9582209827153955,259,0.10538306611327317,0.2695911699214103,0.1541320334789101,0.2036272844087844,0.2561738754677434,0.011092570609878661,0.0,0.4,False,False,0.0,0.41601814787076513,0
M1,OFF,1835088200,25,259,0.9883619962926952,0.9883620048893316,0.14774049262909034,0.9883619962926952,0.5488539648989905,0.0,0.7782943506259951,0.6637047759443884,0.9021368215373251,0.9452760519387777,270,0.0566516137089999,0.17250442451973977,0.05329342834001051,0.30709765110042936,0.39252047905045817,0.017932403280362164,0.0,0.0,False,False,0.0,0.39762757950402544,0
M1,OFF,1835088200,26,270,0.9864373185634345,0.9864373299448158,0.1454913174987777,0.9864373185634345,0.5784529233814608,0.0,0.7773233051730358,0.6763416277597061,0.9094989539495503,0.9566701555958259,280,0.2602761326567145,0.18645945736428665,0.0135873737373011,0.18889932255631164,0.2878790728297882,0.0628986408555978,0.0,0.0,False,False,0.0,0.40032969912289346,0
M1,OFF,1835088200,27,280,0.9883587531005743,0.9891618008782153,0.05664547745493899,0.9883587531005743,0.5815116594709635,0.4,0.7778306940558534,0.6870887506728881,0.9185490585545952,0.9616685313204284,284,0.244552553764591,0.24780507373200095,0.061399118167949546,0.07105165916647066,0.3547371678476937,0.02045442732129417,0.0,0.4,False,False,0.0,0.3848809947030898,0
M1,OFF,1835088200,28,284,0.9899141731065544,0.9899227813941822,0.09275602178943995,0.9899141731065544,0.585776818432649,0.2,0.7851107689989125,0.6834861463271946,0.9065878054287156,0.9602601552810275,283,0.07189791484938643,0.19152241863074068,0.1288732488846281,0.3267132698861201,0.19946826364789963,0.08152488410122512,0.0,0.2,False,False,0.0,0.39693572666123356,0
M1,OFF,1835088200,29,283,0.9718896073776366,0.9850209128861869,0.03436892723303446,0.9718896073776366,0.5743565377254859,0.526,0.7904342555769627,0.6745976031568007,0.915929024885844,0.931788227019188,277,0.003572051824573087,0.17393561014007872,0.002771775058692034,0.4397029786608006,0.3724002950024049,0.007617289313450601,0.6,0.4,False,False,0.0,0.3765027009735348,0
M1,OFF,1835088200,30,277,0.9875058411406322,0.9877897763962206,0.06491026371303348,0.9875058411406322,0.599799839487116,0.35,0.7919696299640685,0.669265529758408,0.9194019656825572,0.9191460002686985,283,0.0424725844930914,0.33274444450906415,0.048320770542237525,0.24794335436653794,0.27532921642648744,0.05318962966258162,1.0,0.0,False,False,0.0,0.3776620213149949,0
M1,OFF,1835088200,31,283,0.9893595869354231,0.9893595911964032,0.1533354752697836,0.9893595869354231,0.6109511628407636,0.014000000000000002,0.796224489640375,0.665664391096276,0.9274617691143014,0.9014129183922935,287,0.060776722822354266,0.21630032441661606,0.05201726262732084,0.19389405462139486,0.3900257963589123,0.08698583915340166,0.2,0.0,False,False,0.0,0.3928766312016242,0
M1,OFF,1835088200,32,287,0.9885541870240299,0.9887622722533743,0.0673920759423945,0.9885541870240299,0.6214484791234601,0.326,0.799225884241155,0.6627268993794869,0.9347155922028713,0.8871265364301201,288,0.06682159797530934,0.18268169737812595,0.08205137874863154,0.24501727040927757,0.36689392385999336,0.05653413162866226,0.6,0.2,False,False,0.0,0.39347577074146745,0
M1,OFF,1835088200,33,288,0.9764736289766227,0.9902418495478603,0.034033986119058314,0.9764736289766227,0.6260940512526798,0.526,0.7835222163893275,0.6729525184239089,0.9257279473911879,0.927790096537439,294,0.2295245501674546,0.1314848234029586,0.0856439262856428,0.2931752688736936,0.22241957204301918,0.03775185922723124,0.6,0.4,False,False,0.0,0.38611445912792847,0
M1,OFF,1835088200,34,294,0.9899045232331483,0.9899118670982321,0.09402047260798171,0.9899045232331483,0.6438780795442872,0.2,0.7759250504225199,0.6879690981960028,0.895368685161083,0.9902554857859506,301,0.29580257116611686,0.15348286412932632,0.111289276567999,0.29767563199343006,0.11106766254506943,0.030681993598058215,0.0,0.2,False,False,0.0,0.3766671613437615,0
M1,OFF,1835088200,35,301,0.9880207209685093,0.988020736610289,0.142973045695049,0.9880207209685093,0.6696853157476002,0.014000000000000002,0.78376155871969,0.6830260909357344,0.9055943779137116,0.9623202333718693,306,0.0556930956191465,0.21632234824726282,0.10592050472813812,0.29641285744629686,0.2988128063436841,0.026838387615471648,0.2,0.0,False,False,0.0,0.36673922478100823,0
M1,OFF,1835088200,36,306,0.9911671178874346,0.9911671247360923,0.1495725235562293,0.9911671178874346,0.6803463365351232,0.0,0.7950568558783836,0.690844898588967,0.9103974371776331,0.9544459546653481,301,0.21212640250024115,0.25374956673314664,0.016245366626901687,0.22570340398803582,0.27681248527646324,0.015362774875211342,0.0,0.0,False,False,0.0,0.353182883254876,0
M1,OFF,1835088200,37,301,0.9876255439403108,0.9879395978929665,0.06410894768920136,0.9876255439403108,0.684845063058384,0.35,0.7957509538634405,0.6917497614163249,0.9145713181658904,0.9505047089683546,305,0.13058884696007886,0.3201152613494549,0.006615270214488929,0.1923893839768627,0.27606812353010296,0.0742231139690117,1.0,0.0,False,False,0.0,0.3659746451312758,0
M1,OFF,1835088200,38,305,0.9897476250199104,0.9897512389363541,0.0996634567774726,0.9897476250199104,0.6944794720360765,0.22400000000000003,0.7993024824244996,0.703566088952081,0.8952641455875766,0.9832015289623782,307,0.2675476950821538,0.2719052298107562,0.017341716452607403,0.2502721853428943,0.1607497961913761,0.03218337712021219,0.8,0.0,False,False,0.0,0.35957470610601183,0
M1,OFF,1835088200,39,307,0.9916384967756564,0.9916422131501238,0.0994561144674305,0.9916384967756564,0.7041174565337436,0.2,0.7930145236883585,0.7041955748838132,0.8886941033417288,0.9992170865244059,312,0.1350973797417048,0.17665946130147048,0.14171350391366191,0.2877496051091766,0.21478186156454906,0.043998188369437266,0.0,0.2,False,False,0.0,0.35890498048845404,0
M1,OFF,1835088200,40,312,0.9928647249760386,0.9928652119043528,0.11564387814878044,0.9928647249760386,0.7157855720808723,0.126,0.7889249708607132,0.7101305143571495,0.8808326353823867,1.0219015905559519,317,0.20180897771908568,0.17270634979240856,0.05016747282067782,0.2558146456317496,0.2050397118741533,0.11446284216192512,0.6,0.0,False,False,0.0,0.3879107765378481,0
M1,OFF,1835088200,41,317,0.9871731350452946,0.9885974269147474,0.052079685553503154,0.9871731350452946,0.7219788765595055,0.41400000000000003,0.7890564579340058,0.7241735394821218,0.8850762463158733,1.0369406219254214,323,0.3068693855353732,0.2634646002708667,0.0428455639821662,0.11762741226445417,0.2616343723586269,0.007558665588512854,0.2,0.4,False,False,0.0,0.36853612290048177,0
M1,OFF,1835088200,42,323,0.990404439099523,0.9914340790275342,0.05468526375081595,0.990404439099523,0.7185644145149419,0.4,0.7914379768918293,0.7217838118890197,0.8762721848438996,1.0407615166759734,320,0.11023686726255048,0.25094577970827237,0.02049206598668995,0.27571551497695035,0.19851781579806782,0.14409195626746898,0.0,0.4,False,False,0.0,0.40883040978476093,0
M1,OFF,1835088200,43,320,0.9894561027426664,0.9894565121209254,0.11699739532305234,0.9894561027426664,0.7188659936319666,0.126,0.7924587595597973,0.7356946212945688,0.8864853266637596,1.047247564798191,318,0.31469768868052334,0.20848231064107403,0.052176197634673314,0.13101598213371704,0.28920180152124997,0.00442601938876243,0.6,0.0,False,False,0.0,0.3856296887538698,0
M1,OFF,1835088200,44,318,0.9895962453500978,0.9896008313958751,0.09776594945918034,0.9895962453500978,0.7180613111570718,0.22400000000000003,0.799611730055606,0.7377816280035234,0.8859998180409862,1.041393942588276,318,0.1733967221710384,0.37789650849400835,0.034003628067071676,0.17000240403602915,0.24081512021801282,0.003885617013839575,0.8,0.0,False,False,0.0,0.36498608524921805,0
M1,OFF,1835088200,45,318,0.991348551156831,0.9913487471669782,0.12287498501207805,0.991348551156831,0.7190234921592836,0.126,0.8052286112489176,0.7268212774146612,0.888271836848954,1.0161610451445564,319,0.011609135141423654,0.29251194767225586,0.07127989863310846,0.22234192827408342,0.25436000306033274,0.1478970872187961,0.6,0.0,False,False,0.0,0.4073045316512063,0
M1,OFF,1835088200,46,319,0.9871328569788484,0.9871328667222571,0.14673382646570465,0.9871328569788484,0.7248495450026545,0.014000000000000002,0.8056143887606984,0.7182329946951254,0.8939635230110088,0.9972828242498318,320,0.034409764389965306,0.192965279404039,0.07598871839286808,0.30312881862212676,0.27259434923475095,0.12091306995624991,0.2,0.0,False,False,0.0,0.4332114772346865,0
M1,OFF,1835088200,47,320,0.991395278958093,0.9914027842200824,0.09385940755147698,0.991395278958093,0.7303606237888564,0.21400000000000002,0.8060230112401159,0.7135899828708727,0.8972600620379263,0.9866950897134645,321,0.07835797388129505,0.27246792157893984,0.12435684038158545,0.23133647608622449,0.263464456640092,0.03001633143186323,0.2,0.2,False,False,0.0,0.4178329591679067,0
M1,OFF,1835088200,48,321,0.9899222365759651,0.9911326727446129,0.053395129309512436,0.9899222365759651,0.7443025887904193,0.41400000000000003,0.8080420292325737,0.705550516015801,0.8957788563247764,0.9747502515365041,327,0.0330004036058993,0.19660255889431597,0.1414081909957814,0.3324804006045469,0.2412240024532137,0.055284443446242705,0.2,0.4,False,False,0.0,0.4149124703151798,0
M1,OFF,1835088200,49,327,0.9917773228648145,0.9917853215080282,0.09335567987217193,0.9917773228648145,0.7465000950923016,0.256,0.8034249651383233,0.7202729902150109,0.9062009706922988,0.9892983475356605,327,0.32809041819356366,0.14562033694501703,0.055031876096830766,0.12477812460796478,0.3312313848438593,0.015247859312764591,0.4,0.2,False,False,0.0,0.39552707478871935,0
M1,OFF,1835088200,50,327,0.9899121393616818,0.9904910474130955,0.05926126524089615,0.9899121393616818,0.755673785748619,0.40650000000000003,0.8094475645305175,0.7183701307622066,0.9155808736230688,0.9693103142220111,325,0.11388487572432705,0.21616799561330388,0.03315196858871013,0.23766110561115808,0.30092591107531524,0.09820814338718564,0.0,0.40650000000000003,True,True,0.03,0.413311246036691,0
M1,OFF,1835088200,51,325,0.9906783592376979,0.992388858555455,0.050652581476176795,0.9906783592376979,0.7603181030878595,0.43700000000000006,0.8073391100795761,0.7186807587050259,0.924022786260762,0.9633793766879429,328,0.14036418101162104,0.1740734516309342,0.05485393561482075,0.17602823671809997,0.3163869146020759,0.13829328042244812,0.8,0.21300000000000002,True,True,0.06,0.44579707428971627,0
M1,OFF,1835088200,52,328,0.991594099869001,0.9928159144587445,0.05333415913822108,0.991594099869001,0.7616409301101554,0.43350000000000005,0.8095520145838183,0.7141834431878519,0.9316205076346857,0.9469476702094914,326,0.0804590302259655,0.22665589916017856,0.07158661896456238,0.22400004996192116,0.3224443036125851,0.07485409807478725,0.2,0.41950000000000004,True,True,0.09000000000000001,0.44774014656636096,0
M1,OFF,1835088200,53,326,0.9927208359951095,0.9927275146697725,0.09479885667648086,0.9927208359951095,0.762170733337116,0.25000000000000006,0.8100795129026511,0.7106052961115709,0.919279556112385,0.9542302700364561,327,0.0891378135388947,0.2093694272223932,0.026988197876199885,0.31986727685505933,0.20410549620583898,0.15053178830161393,0.8,0.026,True,True,0.12000000000000001,0.48123468006507547,0
M1,OFF,1835088200,54,327,0.9642138547144486,0.9940374889228412,0.027911793922280957,0.9642138547144486,0.7380359955447187,0.5825,0.8101395082623235,0.707196535679534,0.9177149430025764,0.951201462188504,324,0.08901880466927142,0.16070060798197486,0.0055173191335958745,0.4236127054166856,0.2518167125071496,0.06933385029132283,1.0,0.2325,True,True,0.15000000000000002,0.476606735579622,0
M1,OFF,1835088200,55,324,0.9890694588989148,0.9890993250723584,0.08284705551011459,0.9890694588989148,0.7627862537122161,0.29500000000000004,0.8103475086778416,0.7115150370423229,0.9204083849086169,0.9539645034596015,323,0.18347910183456925,0.18484287110650116,0.06354965440080772,0.23216730245840742,0.2723246810314908,0.0636363891682236,0.4,0.23900000000000002,True,True,0.18000000000000005,0.4701412107607213,0
M1,OFF,1835088200,56,323,0.9893555936163356,0.9893663328981833,0.09099091437562107,0.9893555936163356,0.7814078775541861,0.2595,0.7998847102006077,0.7163489446148223,0.9209429825602432,0.9724437447802696,329,0.1926207428076944,0.14446928385413524,0.05754173901443803,0.30659362288637043,0.2628771807124399,0.03589743072492196,0.2,0.2455,True,True,0.21000000000000008,0.452801186373902,0
M1,OFF,1835088200,57,329,0.9753131442998281,0.9854679782523691,0.03641867065821297,0.9753131442998281,0.7504476195675205,0.508,0.8068360404143273,0.7068076521761849,0.9206043146322421,0.9515748327960061,319,0.015951934901295598,0.34286099519063573,0.0013356866825369902,0.37824821153750054,0.2587781516401164,0.002825020047914711,0.4,0.452,True,True,0.2400000000000001,0.4236515524291579,0
M1,OFF,1835088200,58,319,0.9891975175597741,0.9899667669163944,0.056994228146924286,0.9891975175597741,0.7652163421109506,0.4085,0.8042405032285368,0.7088789642624458,0.9214292777105425,0.9565862636171123,321,0.1551461836883771,0.18982021637101307,0.040262190917141304,0.22960602018467818,0.2644269727076228,0.12073841613116763,1.0,0.058499999999999996,True,True,0.27000000000000013,0.4475235009127494,0
M1,OFF,1835088200,59,321,0.8817072585099344,0.9914458981769045,0.01752062526810461,0.8817072585099344,0.7060327896897101,0.665,0.7941130885281864,0.7039803241716859,0.9292863499394882,0.9539565823174345,333,0.06931635152952917,0.15141134052598157,0.002927140138656897,0.31782898245496466,0.3842312648153219,0.07428492053554586,0.0,0.665,True,True,0.30000000000000016,0.4490203474281487,0
M1,OFF,1835088200,60,333,0.990745078506927,0.990745118413489,0.13553959622506243,0.990745078506927,0.8040354003686367,0.0715,0.7929397515845373,0.6972023295102239,0.9363577149455394,0.9390243322775034,336,0.04276276933902836,0.18738847747078402,0.03889039138216033,0.34674645864405046,0.30282207034090985,0.08138983282306704,0.0,0.0715,True,True,0.3300000000000002,0.453321635522459,0
M1,OFF,1835088200,61,336,0.9911525048247074,0.9911526693986638,0.1242648823168456,0.9911525048247074,0.7977742509204651,0.092,0.7963593907694761,0.6992912673833995,0.9208603809414592,0.9535757779558753,334,0.14936317935858553,0.3116362127610769,0.03392324548385211,0.29325882701374933,0.19069218745236827,0.021126347930367922,0.2,0.078,True,True,0.3600000000000002,0.4317961053905185,0
M1,OFF,1835088200,62,334,0.9908957385825734,0.9910833572998189,0.06823489395625072,0.9908957385825734,0.7969830792360602,0.34049999999999997,0.797497602904007,0.6921470440772984,0.9197001855046609,0.9436755612433199,335,0.0352542507883606,0.1765713504474165,0.062343272686911436,0.37966554279384246,0.2546292132867381,0.09153636999673083,0.4,0.2845,True,True,0.39000000000000024,0.4424258481422832,0
M1,OFF,1835088200,63,335,0.9905935668363187,0.9905941932016291,0.11362116890132534,0.9905935668363187,0.8036810559312888,0.14700000000000002,0.7953741837697689,0.700779837748283,0.9277194882346991,0.9497152853288852,339,0.22800182343561895,0.20748522289949334,0.0452495869803541,0.15622498260336434,0.29994660640252097,0.0630917776786483,0.4,0.091,True,True,0.42000000000000026,0.4398332929902415,0
M1,OFF,1835088200,64,339,0.991515672420403,0.9915235385271871,0.09348658086607865,0.991515672420403,0.7929030555150494,0.22349999999999998,0.785911601363088,0.6973679256399425,0.9225548294736905,0.9618250469713815,339,0.08283849723842049,0.14623700893110494,0.09568570945101,0.27669361572412554,0.2380364503123066,0.16050871834303237,0.6,0.09749999999999999,True,True,0.45000000000000023,0.4784669595354861,0
M1,OFF,1835088200,65,339,0.9867597457169791,0.9867794702824644,0.08613069392029696,0.9867597457169791,0.796046575406392,0.22999999999999998,0.7705214355244591,0.7003213470354707,0.9302993465263214,0.9769895616185459,342,0.16027272096906536,0.13318965994984258,0.047831238365038366,0.29362184168304006,0.3439113595651074,0.021173179467906353,0.6,0.104,True,True,0.48000000000000026,0.4539436597677485,0
M1,OFF,1835088200,66,342,0.9908104745718976,0.991019022563314,0.06739254050352081,0.9908104745718976,0.8024149334109633,0.3345,0.775321893668122,0.7023241960150834,0.9277241418217674,0.9764201307779355,339,0.15023645414232853,0.17900773866986935,0.10014917746312495,0.2791000163997614,0.252273649740391,0.039232963584524716,0.8,0.1105,True,True,0.5100000000000002,0.439948265301119,0
M1,OFF,1835088200,67,339,0.9895654351663444,0.9895660975714103,0.11316758883759362,0.9895654351663444,0.7969223671670667,0.131,0.7755144939506773,0.7104396141470739,0.9032421602482111,1.0142220541515192,342,0.22789534915930743,0.15395330710164926,0.019399180757834155,0.25060611503427094,0.1414521630431023,0.20669388490383597,0.2,0.11699999999999999,True,True,0.5400000000000001,0.4979659051245959,0
M1,OFF,1835088200,68,342,0.9875099219270992,0.9877351004152013,0.0667553893295952,0.9875099219270992,0.7921210320264567,0.3235,0.7811852149624845,0.716056716827298,0.9016880474830381,1.0165695457377812,337,0.2017385423447218,0.22733387139917974,0.05505153214750963,0.23685234547603237,0.24385051629824023,0.03517319233431627,0.0,0.3235,True,True,0.5700000000000001,0.4769827372900572,0
M1,OFF,1835088200,69,337,0.8906084273447158,0.9899633653355483,0.018299967725496198,0.8906084273447158,0.7205467007040907,0.656,0.7823220126884622,0.7169044675125005,0.8911167362059267,1.0283504348320822,341,0.14563233158209282,0.231404950570507,0.05653115857596958,0.32096191727507384,0.19798746735596193,0.04748217464039488,0.6,0.53,True,True,0.6,0.46368732216421615,0
M1,OFF,1835088200,70,341,0.9872244408113765,0.991517796452845,0.04332006743465707,0.9872244408113765,0.7835872073482222,0.4625,0.7838294342421886,0.7097520637709969,0.902005062585334,1.0038668682060148,337,0.04616024542651753,0.18900436843868662,0.14431217411194158,0.20098325975477704,0.3363375748454941,0.0832023774225831,0.6,0.3365,True,True,0.6299999999999999,0.4669898420219951,0
M1,OFF,1835088200,71,337,0.990809335874315,0.9910739539171758,0.06549754259603305,0.990809335874315,0.791252984197565,0.357,0.7771585357471422,0.7082558106469481,0.9059316084261336,1.0059701917984294,339,0.11239187580626353,0.1492754975927945,0.11650962642191488,0.3020770507463094,0.2706352604966652,0.0491106889360525,0.2,0.34299999999999997,True,True,0.6599999999999998,0.45557755033249775,0
M1,OFF,1835088200,72,339,0.9900622454934178,0.9901155791954955,0.07823964473944216,0.9900622454934178,0.7688567892684572,0.27549999999999997,0.7714164035769939,0.7124018094976039,0.911268910762669,1.013420278788984,331,0.18198486728753982,0.1379463059378284,0.10879411489816011,0.21185152760551954,0.27965231589574374,0.07977086837520839,0.6,0.1495,True,True,0.6899999999999997,0.45841200901018553,0
M1,OFF,1835088200,73,331,0.9549916466677325,0.9912709297465603,0.02632986653343756,0.9549916466677325,0.7159057554134894,0.5800000000000001,0.759299924192131,0.7093294540768617,0.9201420196864021,1.015265838598146,328,0.09434668817672434,0.13180193993967199,0.26860989093150917,0.1776375357040493,0.30875562657349165,0.018848318674553707,0.8,0.356,True,True,0.7199999999999996,0.4353188617722758,0
M1,OFF,1835088200,74,328,0.9889642249980736,0.9907083556991741,0.05048410038959327,0.9889642249980736,0.7561481463025124,0.41850000000000004,0.7539406296168248,0.7172405384306619,0.9134989297049956,1.0414049487815773,333,0.2297194632205419,0.15187671602687558,0.07818617664052081,0.27044008869234026,0.22685555993616868,0.04292199548355281,0.4,0.36250000000000004,True,True,0.7499999999999996,0.4251078364626949,0
M1,OFF,1835088200,75,333,0.9892602788498813,0.9902557427606256,0.05494449426945732,0.9892602788498813,0.7526134805979852,0.383,0.7461850665691452,0.7270816733664625,0.9056713000892718,1.0758854623940328,336,0.25878952321666976,0.14119132529351788,0.13682859600807246,0.2044015033651915,0.2176113167738785,0.041177735342669976,0.2,0.369,True,True,0.7799999999999995,0.4153895449310929,0
M1,OFF,1835088200,76,336,0.9882532182919047,0.9899486410543514,0.050703456214182485,0.9882532182919047,0.7414512261566857,0.3895,0.730078339861297,0.7405623303464897,0.9151041700803446,1.1084640666223693,332,0.3104342581043797,0.118077107112445,0.004464247678907226,0.20015451025998907,0.3077359733568192,0.05913390348745984,0.2,0.3755,True,True,0.8099999999999994,0.4143790390040949,0
M1,OFF,1835088200,77,332,0.9875602296309262,0.9909305709423281,0.0452421245293154,0.9875602296309262,0.7239434245059406,0.406,0.7219161647929918,0.7386755407363996,0.9145655896820944,1.1187990661670275,326,0.12676658634043025,0.1322534241549937,0.1225483395084175,0.3082650007820065,0.2548591830489213,0.05530746616523078,0.8,0.182,True,True,0.8399999999999993,0.41188269011300044,0
M1,OFF,1835088200,78,326,0.989364014950251,0.9917045451616934,0.04815087348957983,0.989364014950251,0.7304916269028939,0.4025,0.7271877837172047,0.7392043282904133,0.9226104797966064,1.1017918190692975,325,0.1557820573854205,0.2574053706524919,0.019481177448638268,0.21019164432014684,0.29750724541360674,0.059632504779695734,0.2,0.3885,True,True,0.8699999999999992,0.4115024193069126,0
M1,OFF,1835088200,79,325,0.9877265360821537,0.9900957850611032,0.048040872712301896,0.9877265360821537,0.7462830473432313,0.395,0.7212586801462201,0.7522441118758926,0.9167768799903381,1.137638004379065,331,0.35498607928733483,0.1381358605260671,0.009738555295404492,0.2420998706364147,0.23213724086696189,0.02290239338781686,0.0,0.395,True,True,0.8999999999999991,0.3957411342129662,0
M1,OFF,1835088200,80,331,0.8537009187572473,0.9906175998842607,0.015752638231625368,0.8537009187572473,0.6452801034782657,0.6575000000000001,0.7225137830762046,0.7561220643671476,0.9229062370233567,1.1339350878194305,330,0.20612697606312075,0.15952485449342188,0.14589203450667762,0.19338933189005494,0.2890352251602622,0.006031577886462501,0.4,0.6015,True,True,0.929999999999999,0.3747854608197245,0
M1,OFF,1835088200,81,330,0.9883920460179513,0.9884241232649958,0.08227310765184787,0.9883920460179513,0.7247056995553358,0.208,0.7271868783124176,0.7564389703928471,0.9076328137736409,1.1460872273891458,322,0.1640376155507119,0.1939911292034965,0.1693071030450138,0.24749906712672803,0.18508600226309918,0.04007908281095051,0.0,0.208,True,True,0.9599999999999991,0.37064442030195677,0
M1,OFF,1835088200,82,322,0.986763649212414,0.9873877272313596,0.05863823205868412,0.986763649212414,0.7255511810395043,0.3405,0.7309229212930182,0.7484642144479084,0.9092832678400395,1.1261604208358673,321,0.06058990718379639,0.2449882677147194,0.07670488397582952,0.30729990413501324,0.26206867721881355,0.048348359771827866,0.6,0.2145,True,True,0.9899999999999991,0.3704734009698897,0
M1,OFF,1835088200,83,321,0.9790033225008808,0.9882963811124809,0.03714740046508157,0.9790033225008808,0.680604206907814,0.47700000000000004,0.7304999091143537,0.761041003725513,0.9091799772372492,1.1458770664175015,305,0.355923682442545,0.14063722743342766,0.07405969160313386,0.15022634060286122,0.25412518090606795,0.0250278770119644,0.4,0.42100000000000004,True,True,1.0199999999999991,0.36052830119852797,0
M1,OFF,1835088200,84,305,0.9819921803773738,0.9891832439853236,0.03919573160477182,0.9819921803773738,0.7057826836248782,0.4515,0.7177894606560914,0.7696497976988573,0.9117966236425499,1.1759750362964163,313,0.27076055199525034,0.12212575238370231,0.019613937529753094,0.2913757238776729,0.26767322064512816,0.028450813568493123,0.8,0.22749999999999998,True,True,1.0499999999999992,0.35321424675347174,0
M1,OFF,1835088200,85,313,0.9844515118199004,0.9927947844954557,0.038041743035005376,0.9844515118199004,0.7051425162979217,0.448,0.7061537113019013,0.7663931354894117,0.9157703583450487,1.185129416477038,314,0.12782284594371457,0.13972222672028523,0.06970748144062935,0.3044161418693135,0.275766985333769,0.0825643186922884,0.2,0.434,True,True,1.0799999999999992,0.36950555099381627,0
M1,OFF,1835088200,86,314,0.9882869427599968,0.9884340092133072,0.07015208193363634,0.9882869427599968,0.6959343678640887,0.2405,0.7060108453043202,0.7743669099870533,0.9181428378844712,1.1946072972443817,305,0.26616789090140275,0.14497045323734206,0.048209497086832774,0.23373672973072956,0.2697475768696366,0.0371678521740562,0.0,0.2405,True,True,1.1099999999999992,0.3647753827876619,0
M1,OFF,1835088200,87,305,0.76069187969056,0.9905255999107825,0.011628711296282804,0.76069187969056,0.5373063248544303,0.7030000000000001,0.7146645132000866,0.7789773225864962,0.9234093411116321,1.1803976428888923,302,0.22910947623494454,0.18618540705549178,0.06380967361180187,0.19101108670601116,0.2854039350780402,0.044480421313710536,0.4,0.647,True,True,1.1399999999999992,0.3636841138049009,0
M1,OFF,1835088200,88,302,0.9883088208239384,0.9914297135724104,0.04585822242825824,0.9883088208239384,0.6734367108220207,0.3795,0.7063206418140776,0.7755952984010442,0.9053863212098715,1.212828351221823,299,0.13208552429841006,0.11969180505312828,0.11237699951348167,0.3065330184418888,0.17158957104701308,0.15772308164607812,0.6,0.2535,True,True,1.1699999999999993,0.4102857144396656,0
M1,OFF,1835088200,89,299,0.9597631463580307,0.9879330801437557,0.028316850167639383,0.9597631463580307,0.6536850357079541,0.516,0.7079275834906084,0.7715636608358171,0.9148476890888844,1.1913356425123358,300,0.12185159193531303,0.14979345722556844,0.18900537932228245,0.18913615117093963,0.3410887629799111,0.009124657365985375,0.4,0.46,True,True,1.1999999999999993,0.3888837848006196,0
M1,OFF,1835088200,90,300,0.9527738247874525,0.986626964456874,0.026843444590138463,0.9527738247874525,0.6552553662865616,0.5225000000000001,0.7063845662287436,0.7774271493246793,0.9162101385340701,1.2012223606575743,305,0.24302089413316252,0.1456978210017607,0.11012587462246068,0.17502101136849693,0.2642360917703707,0.06189830710374832,0.4,0.4665,True,True,1.2299999999999993,0.3922150196081195,0
M1,OFF,1835088200,91,305,0.6460864372712292,0.99020552997063,0.008413200094981928,0.6460864372712292,0.4436048805204094,0.7290000000000001,0.7091275848795054,0.7776066617690548,0.9034978910623253,1.2136918893563589,304,0.1756358738826185,0.16117991124484482,0.04176293476715143,0.27650596497718755,0.1945438319083109,0.1503714832198869,0.4,0.673,True,True,1.2599999999999993,0.43230524020749767,0
M1,OFF,1835088200,92,304,0.9891614480164621,0.9896727762844713,0.06024278550012914,0.9891614480164621,0.647827723468782,0.27949999999999997,0.6944651273849282,0.7841371012589794,0.9014431133440058,1.2525735455894798,296,0.2551346572297166,0.11172035728590528,0.019209946510901292,0.2066431845367693,0.2414750569395654,0.16581679749714218,0.0,0.27949999999999997,True,True,1.2899999999999994,0.47407166633139763,0
M1,OFF,1835088200,93,296,0.882107812800267,0.986657056142999,0.01786769635274,0.882107812800267,0.5867045378812592,0.612,0.6978635433330576,0.7754140800636954,0.9112988020096052,1.219276973764838,296,0.0685479233458118,0.18180002380766946,0.00927754587849151,0.29444533638969533,0.40222041371309386,0.043708756865238126,0.6,0.486,True,True,1.3199999999999994,0.45954074425502994,0
M1,OFF,1835088200,94,296,0.9883856126227565,0.989197888131669,0.05655482106690928,0.9883856126227565,0.6498483637257872,0.3065,0.7069247941009638,0.7847754547431031,0.9201689218086447,1.2064369668800201,289,0.2891509835324056,0.1798174213956708,0.004025613904230763,0.14148833066423996,0.3438021424008192,0.0417155081026336,0.2,0.2925,True,True,1.3499999999999994,0.44591636834753245,0
M1,OFF,1835088200,95,289,0.8706640301422625,0.991094903217117,0.01677772363950647,0.8706640301422625,0.5584524533361513,0.625,0.6851000221673209,0.7854933220461139,0.9262911820186424,1.237772945428779,291,0.18695800050207495,0.10270824522506938,0.20854675567321346,0.19170373354520356,0.2906957619543107,0.019387503100127976,0.6,0.499,True,True,1.3799999999999994,0.4245491554478823,0
M1,OFF,1835088200,96,291,0.7039129603260839,0.9908284759291679,0.00986534785913531,0.7039129603260839,0.4471922936585428,0.7055,0.6679574538749727,0.7787772331141979,0.9336620638167781,1.2487477914163698,292,0.09448221462987072,0.11226175853236743,0.0710057238656289,0.30990198540498953,0.3419986344470603,0.07034968312008318,0.0,0.7055,True,True,1.4099999999999995,0.42715012370457134,0
M1,OFF,1835088200,97,292,0.8240234834530898,0.9869783364362945,0.014337487270364609,0.8240234834530898,0.5043308605198231,0.638,0.6541505776397363,0.7727327737972584,0.9309583671231915,1.2688823121970434,287,0.0986800292346294,0.11499284351746301,0.043636249590134416,0.41273022093069617,0.2533125484404562,0.07664810828662076,0.6,0.512,True,True,1.4399999999999995,0.4320843143404035,0
M1,OFF,1835088200,98,287,0.6174280653204148,0.9901844851420727,0.007776723386299848,0.6174280653204148,0.3818247770936954,0.7325,0.6514348696077232,0.7778599477369333,0.9378625304108723,1.2731841499085268,289,0.23454765786922385,0.14083653606498858,0.02082231879123207,0.20378418776025484,0.3418586368043307,0.05815066270996998,0.2,0.7185,True,True,1.4699999999999995,0.4286574749577425,0
M1,OFF,1835088200,99,289,0.9844894967676925,0.9893728422932992,0.04227787422052407,0.9844894967676925,0.5971537956660098,0.381,0.6615398294336557,0.7889669503500867,0.9290047677546995,1.2837630496467338,282,0.3151852294711049,0.20672628948266636,0.06681025134409381,0.16693769445530948,0.22464245192457244,0.019698083322252962,0.4,0.325,True,True,1.4999999999999996,0.40949177295815964,0
M1,OFF,1835088200,100,282,0.940721612056015,0.9889984968949789,0.024037356324489494,0.940721612056015,0.5601408722581198,0.5315,0.6603622742802545,0.7842433233036881,0.9361042909792295,1.268657348623293,275,0.12155900588882129,0.14558912956807563,0.060311508247998996,0.2489691918853314,0.3001088521435009,0.12346231226627184,0.0,0.5315,True,True,1.5299999999999996,0.43620693135501465,0
M1,OFF,1835088200,101,275,0.8899683868975604,0.9904167219450919,0.01821649044028232,0.8899683868975604,0.5507837191517773,0.5940000000000001,0.6689429937956595,0.7771757653605517,0.9406649586828605,1.2350802411456265,280,0.08930760277559993,0.19389332800838177,0.03538466306097185,0.28650878220917475,0.29085548400776967,0.104050139938102,0.4,0.538,True,True,1.5599999999999996,0.45156315836641575,0
M1,OFF,1835088200,102,280,0.7642957850589833,0.9915040660510094,0.011728023542274337,0.7642957850589833,0.4786149228779301,0.6705,0.6814095502375848,0.7757057527140665,0.9465984628145745,1.202604989209867,276,0.15485969526928034,0.19757807865689964,0.0415222432194509,0.24270092730968723,0.32639938532301077,0.036939670221671106,0.6,0.5445,True,True,1.5899999999999996,0.43689024085554773,0
M1,OFF,1835088200,103,276,0.9883238510219032,0.9900972764266152,0.050346600696624756,0.9883238510219032,0.6175134348500387,0.351,0.6913290257394793,0.7869204650783632,0.9194533493805176,1.2379877561130572,273,0.33696344931225436,0.22864220495717397,0.0069648834038488145,0.2675571799206578,0.1375736642370025,0.022298618169062694,0.0,0.351,True,True,1.6199999999999997,0.41782883158388834,0
M1,OFF,1835088200,104,273,0.5554216361695056,0.9874837074540683,0.006579724233647476,0.5554216361695056,0.3400412775613844,0.7575000000000001,0.6889248982214657,0.797574441824445,0.9220138543153503,1.2556306288784642,274,0.36493237655431565,0.14386497972284149,0.048866708049142914,0.08403797196182791,0.27252919936442255,0.0857687643474494,0.0,0.7575000000000001,True,True,1.6499999999999997,0.4277122528197505,0
M1,OFF,1835088200,105,274,0.9777060627273391,0.9873720216391458,0.036826781933709966,0.9777060627273391,0.5711816057183577,0.42,0.6686733681220752,0.8076957197332227,0.9077521839302038,1.3306580096756222,270,0.35296674677990836,0.09663148864840966,0.10877755982776073,0.22185424023379657,0.1896985752319429,0.030071389278181905,0.4,0.364,True,True,1.6799999999999997,0.41301676597821685,0
M1,OFF,1835088200,106,270,0.13774166485694156,0.9900990981260863,0.0011924118739556197,0.13774166485694156,0.08100836222281133,0.8965,0.6763016407037997,0.8173109337465616,0.9073249835875872,1.3319379656969415,267,0.3664639169870659,0.17341767827944726,0.0026411045581721504,0.19995048684774808,0.2517400902520183,0.005786723075548337,0.6,0.7705,True,True,1.7099999999999997,0.38988517775256115,0
M1,OFF,1835088200,107,267,0.8905381470468181,0.9914681745330803,0.01818685587659307,0.8905381470468181,0.4890203966697199,0.591,0.6516179698585128,0.8176575606997109,0.9031968822048688,1.3892998048383067,260,0.20265217050596698,0.09264571401524421,0.21567836427507245,0.2146197562833247,0.23302198488020176,0.041382010040189904,0.2,0.577,True,True,1.7399999999999998,0.38447940063913355,0
M1,OFF,1835088200,108,260,0.9505241560408535,0.9852418664768107,0.026631523077624664,0.9505241560408535,0.5354299171197207,0.5095000000000001,0.6585089501078158,0.8208804773262406,0.9128771939843819,1.3655445952528322,260,0.23882243326894154,0.1671282501908374,0.023794876375869557,0.21862316496493314,0.33370172117155344,0.017929554027864936,0.6,0.3835,True,True,1.7699999999999998,0.3698722852541408,0
M1,OFF,1835088200,109,260,0.8695369356841662,0.9869792470283308,0.01694462566141288,0.8695369356841662,0.47640098366716216,0.59,0.638449167913778,0.8255916531792992,0.9085733402518728,1.4232427455672494,257,0.2594399964921321,0.09625664726835305,0.027029452527443733,0.37306309690742906,0.23491932832964532,0.00929147847499676,0.0,0.59,True,True,1.7999999999999998,0.35339003198314256,0
M1,OFF,1835088200,110,257,0.41371837642257814,0.9862894050060829,0.00432879249488542,0.41371837642257814,0.23154596357053792,0.7965,0.6489465091429538,0.8169905346951865,0.9177160062266855,1.3718284898677846,258,0.09598080218565262,0.18912928802225765,0.02324178884959543,0.2291855507158609,0.3830274304416847,0.07943513978494872,0.0,0.7965,True,True,1.8299999999999998,0.36834598685484393,0
M1,OFF,1835088200,111,258,0.5096315532525592,0.9864966480759716,0.0057863878226672065,0.5096315532525592,0.26874362577390704,0.7529999999999999,0.6221995676370952,0.8261410079604271,0.9194638115526601,1.444075282156281,254,0.401707617056145,0.08950303464384594,0.020284182504701945,0.16375069658672486,0.2675970297432159,0.05715743946536639,1.0,0.40299999999999997,True,True,1.8599999999999999,0.3721505930077165,0
M1,OFF,1835088200,112,254,0.782640703397024,0.98695645757102,0.01253679419258812,0.782640703397024,0.38638075989738524,0.6234999999999999,0.599547260843946,0.8289078063656882,0.9205978964793158,1.5018025185646344,245,0.23842311004103006,0.08536168436031337,0.12719518960648327,0.235399725088217,0.26540233040960814,0.048217960494348115,0.2,0.6094999999999999,True,True,1.89,0.3717440652544168,0
M1,OFF,1835088200,113,245,0.9554423530597491,0.9861348546431974,0.027619667053338886,0.9554423530597491,0.4488328928155808,0.416,0.584290553149096,0.8274282795924878,0.9285381068313842,1.5251120891429328,240,0.18707329431354977,0.08983418345767973,0.04857029198121105,0.35194565932121363,0.314943363695758,0.0076332072305878565,0.0,0.416,True,True,1.92,0.35434072446073367,0
M1,OFF,1835088200,114,240,0.1490580685214515,0.9825419381443777,0.0013096606163997585,0.1490580685214515,0.07257679452112063,0.8785000000000001,0.5990836918091789,0.8216826286619965,0.9342789250980631,1.4680473240163496,237,0.1328220381141637,0.1718158704976253,0.03173132441924548,0.22099630594344807,0.292973144749087,0.1496613162764305,0.4,0.8225,True,True,1.95,0.39867759036154643,0
M1,OFF,1835088200,115,237,0.24317192065940776,0.9823593333021977,0.00226389045152489,0.24317192065940776,0.11769396166123716,0.843,0.5905535240286456,0.825082487277485,0.9408510325882568,1.4849684882480507,237,0.24354987560735494,0.12455229574755905,0.0005050466640468468,0.2129749835468977,0.313350383278335,0.10506741515580632,0.2,0.829,True,True,1.9799999999999998,0.4189645938835995,0
M1,OFF,1835088200,116,237,0.9554901136571434,0.9830408871525176,0.02845424401350666,0.9554901136571434,0.4773783255494697,0.4355,0.6061674475809936,0.8218846137981362,0.9277920636293719,1.46139489818338,240,0.1632031360565679,0.1782791154019809,0.06869322585978452,0.2677457392935017,0.2051306714997042,0.11694811188846067,0.0,0.4355,True,True,2.01,0.44180704961072104,0
M1,OFF,1835088200,117,240,0.39253564943897,0.9890350125157208,0.004025024321068327,0.39253564943897,0.19273566705116596,0.792,0.6185511655891899,0.8307903831082294,0.9350128572664348,1.4364755826415199,235,0.3380450573707421,0.18454134943832234,0.04239399637622387,0.08642170813392176,0.3164804613666907,0.032117427314099174,1.0,0.442,True,True,2.04,0.4262795231293562,0
M1,OFF,1835088200,118,235,0.23023015008739575,0.9850466974507275,0.0021190858865702275,0.23023015008739575,0.11780594139534799,0.8485,0.6311081756275656,0.8276636892250068,0.9325678558898755,1.4062730511551564,238,0.16766031590236036,0.22127157260414249,0.01062831441494054,0.2929547858450913,0.2552814217504206,0.052203589483044516,0.0,0.8485,True,True,2.0700000000000003,0.42105148793671215,0
M1,OFF,1835088200,119,238,0.4607009833745647,0.9868211083966382,0.0050065624978973865,0.4607009833745647,0.2347407815619813,0.781,0.6357936099033458,0.8317416594792358,0.9134700970205035,1.4321152217848825,237,0.255764433943493,0.15421930541630025,0.1654996295806922,0.25311322958168025,0.17079513359807785,0.0006082678797564626,0.6,0.655,True,True,2.1000000000000005,0.3947807818938044,0
M1,OFF,1835088200,120,237,0.7391801195505837,0.9849915602097187,0.011049127991616505,0.7391801195505837,0.37734180954438157,0.6615,0.6392462907084668,0.8333699388059039,0.9221230873184532,1.413776369152249,234,0.22769202875787323,0.14328339844084986,0.08791089449948405,0.21396042504358162,0.3126870377365767,0.014466215521634553,0.0,0.6615,True,True,2.130000000000001,0.3774828985856344,0
M1,OFF,1835088200,121,234,0.948864525646283,0.9895264766846623,0.02540803180751878,0.948864525646283,0.49817079319009244,0.482,0.6390829984331767,0.8247143428662791,0.9209209850206569,1.401276743051731,244,0.10016126250837917,0.13287335754006793,0.1541107162318627,0.21472503301262394,0.2550510321702451,0.14307859853682103,0.2,0.46799999999999997,True,True,2.160000000000001,0.4162779621408231,0
M1,OFF,1835088200,122,244,0.23538569686655275,0.9879298586931546,0.0021663504855036464,0.23538569686655275,0.11887666734427021,0.85,0.6211604234072549,0.8334786257229652,0.9080423451945115,1.4776942656220027,241,0.3299657612092226,0.09170416463078494,0.09680475985428855,0.24346243996980374,0.19606729337960171,0.04199558095629856,0.0,0.85,True,True,2.1900000000000013,0.4079627506855697,0
M1,OFF,1835088200,123,241,0.526959699697329,0.986296833530379,0.006082873740850244,0.526959699697329,0.24695943106269655,0.7370000000000001,0.5957815147973649,0.8418046944368169,0.9172381106750604,1.5404309220483121,244,0.31977185038483685,0.08521298493159352,0.07742666760583303,0.12335218179148957,0.3845037824605195,0.009732532825727584,0.4,0.681,True,True,2.2200000000000015,0.3870948843901069,0
M1,OFF,1835088200,124,244,0.24527649764784173,0.9816286713431838,0.002288558175814734,0.24527649764784173,0.09941019631463209,0.8374999999999999,0.5711460733187963,0.8497144597149761,0.9255142996075544,1.6074692736745335,234,0.3316828119278257,0.07980492867751006,0.09604523082742286,0.16449918766147595,0.30148118719115546,0.026486653714610026,1.0,0.4875,True,True,2.2500000000000018,0.3757678928234303,0
M1,OFF,1835088200,125,234,0.9016021726564407,0.9814327106127553,0.019972682551258145,0.9016021726564407,0.3662792291713385,0.494,0.5764343415499918,0.8459638707888864,0.932962869646799,1.573032188051711,228,0.17168917574573833,0.14004759150752433,0.09955908639399519,0.13537379082909423,0.33350175347893213,0.11982860204471574,0.0,0.494,True,True,2.280000000000002,0.40500375854339926,0
M1,OFF,1835088200,126,228,0.8821980245577131,0.9881146380185368,0.01777601437991864,0.8821980245577131,0.4017222659276928,0.5565,0.5943166952960316,0.8383638510868578,0.9396665826821191,1.501207865371097,230,0.1212271729676982,0.2696498500264816,0.008824153273685735,0.21992977610277142,0.37768604674675454,0.0026830008826083437,0.4,0.5005,True,True,2.3100000000000023,0.38153016788888683,0
M1,OFF,1835088200,127,230,0.19978041333770066,0.9874465679004171,0.0017993594134481034,0.19978041333770066,0.08040671140693025,0.857,0.5754880661079679,0.8350592286114688,0.934931096302251,1.552034435944679,220,0.17016962598692256,0.09395411845383908,0.19315810027146882,0.253469891477624,0.24615585944171914,0.043092404368426485,1.0,0.507,True,True,2.3400000000000025,0.37784535757695953,0
M1,OFF,1835088200,128,220,0.5336250124952406,0.9808656023524572,0.006251355467246733,0.5336250124952406,0.1933801267802596,0.7275,0.5617704860565581,0.8346349324995699,0.9268554799621708,1.6029708204052968,214,0.20410831648343264,0.11003109954683535,0.0627145109313752,0.23543463225439645,0.2270874664507241,0.16062397433323625,0.2,0.7135,True,True,2.3700000000000028,0.4239659838876836,0
M1,OFF,1835088200,129,214,0.02985364131217459,0.983019318667425,0.00024548899834640607,0.02985364131217459,0.011400208902693979,0.944,0.5505829089500485,0.8273801223427335,0.9341699319659537,1.6086311425601107,228,0.11846170585177672,0.09895171260952969,0.007923893314097449,0.30197485044683037,0.37437256797626395,0.09831526980150192,0.8,0.72,True,True,2.400000000000003,0.4383824791377923,0
M1,OFF,1835088200,130,228,0.8452311294896345,0.9809342033022216,0.015745316197484066,0.8452311294896345,0.2876057710014487,0.5405,0.5273348187905295,0.8282514296742396,0.930682896460994,1.6876174743449113,227,0.21550391810803488,0.07585198343345566,0.12314990030034688,0.2961073426035082,0.2496497884581787,0.0397370670964757,0.2,0.5265,True,True,2.4300000000000033,0.42646614982177705,0
M1,OFF,1835088200,131,227,0.8226219261542069,0.9780668397346395,0.014640859197756683,0.8226219261542069,0.2649464707624492,0.547,0.5248413764188402,0.8252325255315152,0.9376146068148946,1.6769646449651021,215,0.16742084176234476,0.10508195255615246,0.12551007349722632,0.18108368377489986,0.376999278588662,0.043904169820714475,0.2,0.533,True,True,2.4600000000000035,0.41772996316786387,0
M1,OFF,1835088200,132,215,0.0721837049615043,0.9791813757226839,0.0006095587379580703,0.0721837049615043,0.022311183407043987,0.906,0.5250447466341667,0.8202823179424396,0.9438531461334052,1.6552462197212674,203,0.1413927335937513,0.11093014334919546,0.07307835254489364,0.19273259007742072,0.3531456028324699,0.12872057760226904,0.4,0.85,True,True,2.4900000000000038,0.4456650101806732,0
M1,OFF,1835088200,133,203,0.12218331776057247,0.9850987522977253,0.0010541144893445006,0.12218331776057247,0.029616471884591808,0.872,0.485259882719733,0.8231168280159561,0.9406232307017103,1.8033141535462613,200,0.2356078246329812,0.06565361555398287,0.06212912395117944,0.21058677436971268,0.25577699590822794,0.17024566558391602,0.6,0.746,True,True,2.520000000000004,0.4876883885042372,0
M1,OFF,1835088200,134,200,0.7508862755661669,0.9809436629329595,0.011543591207885086,0.7508862755661669,0.15412283624772205,0.5525,0.45833521628668367,0.8181882743396364,0.9331859480676274,1.9129421344339113,200,0.140341096555976,0.07786184024989488,0.13908227580643762,0.3821702875596448,0.23312520218044072,0.027419297647605992,0.0,0.5525,True,True,2.5500000000000043,0.46468188689572326,0
M1,OFF,1835088200,135,200,0.14138534208622533,0.9841704501479628,0.0012345048762280844,0.14138534208622533,0.028336822571303433,0.85,0.45711083387322926,0.8141146451876086,0.9398673532608647,1.8949488359863325,191,0.14794730706192524,0.14452187126476732,0.10791342586741373,0.24031168883177823,0.31621292199493906,0.04309278497917645,0.0,0.85,True,True,2.5800000000000045,0.4510190301594906,0
M1,OFF,1835088200,136,191,0.1575824837966516,0.978244381875505,0.001398173721275361,0.1575824837966516,0.036228232011950336,0.85,0.48583881380500316,0.8083444688370265,0.9402400039379372,1.7695610003229194,182,0.12419444885997973,0.32184563482889106,0.016855509132771646,0.2468071798633399,0.27179693001579497,0.018500297299222757,0.0,0.85,True,True,2.6100000000000048,0.4286668714060253,0
M1,OFF,1835088200,137,182,0.31024559405626834,0.9770339845309421,0.0030411362641875636,0.31024559405626834,0.06429099708687554,0.796,0.48420026149374384,0.803968111059532,0.9203667160012899,1.804067982035476,173,0.13801082080446142,0.13123408639615447,0.04486710550099181,0.3564544699100613,0.1707535622857323,0.1586799551025986,0.8,0.572,True,True,2.640000000000005,0.46787242798039363,0
M1,OFF,1835088200,138,173,0.3094706493355597,0.9751034358866021,0.0030391996609761404,0.3094706493355597,0.07276692430632609,0.7925,0.5045413942305041,0.7983083518316942,0.9276774821670934,1.7055986944674677,172,0.11923307906423453,0.279208275187678,0.028694857656925,0.19596031465323438,0.29673718882966227,0.08016628460826573,0.2,0.7785,True,True,2.6700000000000053,0.46939757615821803,0
M1,OFF,1835088200,139,172,0.7520027961646466,0.9823330591599213,0.011545421772868915,0.7520027961646466,0.16901951532219303,0.585,0.4931734097955171,0.7979725920548403,0.9349097339503841,1.7306874342917062,171,0.18224572268413436,0.09108527515169751,0.02634457021719076,0.23177384144810073,0.4201618994280385,0.04838869107083815,0.0,0.585,True,True,2.7000000000000055,0.4573931172689839,0
M1,OFF,1835088200,140,171,0.48799143115875016,0.982252415536472,0.005466857156798518,0.48799143115875016,0.10541487017399509,0.7175,0.4856928467876196,0.7919853734542113,0.9414187605553457,1.7320985776648832,167,0.11139263752641192,0.12232493251398248,0.06947484111252539,0.23249522527853317,0.4581634893038611,0.006148874264685959,0.6,0.5915,True,True,2.7300000000000058,0.42908847038787395,0
M1,OFF,1835088200,141,167,0.4690159160996672,0.9797802422397495,0.005185352208987343,0.4690159160996672,0.10659884580590047,0.724,0.4959116258064178,0.7974982262225394,0.9445462065738107,1.7025592239861878,169,0.25140151801298444,0.22937652188278596,0.07169463995590646,0.13987027214452274,0.2863466103699982,0.021310437633802214,0.6,0.598,True,True,2.760000000000006,0.410548237747526,0
M1,OFF,1835088200,142,169,0.12215128967737002,0.9863165550107276,0.0010524279630919095,0.12215128967737002,0.02356297355250176,0.8605,0.4720570076111822,0.8007880518457832,0.9500915859164296,1.7854909926068114,164,0.2270592116796341,0.06055759982506924,0.11531917234060117,0.17222603232787947,0.35801501562510585,0.06682296820171006,0.4,0.8045,True,True,2.7900000000000063,0.4133480958625411,0
M1,OFF,1835088200,143,164,0.5974107511699529,0.9761450801707925,0.007536409874308625,0.5974107511699529,0.09834116105645202,0.625,0.4471230751294592,0.7982305407647016,0.9550824273247867,1.8692199265249034,158,0.1560236438900948,0.06836623751661997,0.00032731952435637664,0.3909458964380727,0.3839755962579886,0.0003613063728676787,0.2,0.611,True,True,2.8200000000000065,0.3878980730356406,0
M1,OFF,1835088200,144,158,0.21003603886811834,0.9826615765277791,0.0019141614642032552,0.21003603886811834,0.03447977984787208,0.8174999999999999,0.4503673995034792,0.7941717580832949,0.959574184592308,1.8376759736607748,154,0.1356593044603549,0.12341825188515784,0.19547512942546275,0.15842647208238744,0.3678158297782002,0.019205012368436924,0.0,0.8174999999999999,True,True,2.8500000000000068,0.37341640946610727,0
M1,OFF,1835088200,145,154,0.1585202129349489,0.9804226007185176,0.0014038552644351843,0.1585202129349489,0.028885613108694842,0.8480000000000001,0.4805379790885069,0.7909016992147739,0.9636167661330772,1.7080101344121992,146,0.14298161294554804,0.4703070961737431,0.01459405620914648,0.07068112172111518,0.3013645760741173,7.153687633007098e-05,0.8,0.624,True,True,2.880000000000007,0.35263648581823304,0
M1,OFF,1835088200,146,146,0.01523251951356141,0.976150983454091,0.00012519375278207827,0.01523251951356141,0.005341968721434153,0.9565,0.49548391147042903,0.7906795862948613,0.9672550895197695,1.6497948570073189,142,0.1790371505103259,0.25527538560265556,0.05254746165094217,0.07316746848161276,0.3216420219162476,0.11833051183821611,0.6,0.8305,True,True,2.9100000000000072,0.38401892249209585,0
M1,OFF,1835088200,147,142,0.09267869274881635,0.9672798064661544,0.0008017379266441165,0.09267869274881635,0.016655165977348865,0.893,0.49135589535029506,0.7872399725434097,0.9575051736459606,1.6732846888881605,139,0.1386795695411435,0.1407654625555815,0.03140169762584056,0.31076333983084886,0.23487796539084027,0.14351196505574518,0.4,0.837,True,True,2.9400000000000075,0.42221167711645735,0
M1,OFF,1835088200,148,139,0.5884047438101947,0.9727620853524286,0.00739146165484289,0.5884047438101947,0.09578130756055389,0.6575,0.4749396410590845,0.7888776105647192,0.960105793880472,1.7300239688687422,135,0.19999545810599914,0.07844711064038726,0.03086181351525264,0.2571886841464482,0.29175568799553775,0.14175124559637514,0.2,0.6435,True,True,2.9700000000000077,0.45508179901296003,0
M1,OFF,1835088200,149,135,0.07814643390268815,0.9680764443435814,0.0006699854681585462,0.07814643390268815,0.013755235306042198,0.906,0.5057185096922543,0.7916080212885206,0.9640952144924249,1.623608848959013,123,0.21467864065046743,0.195066867317707,0.039223737461120574,0.18054514951916542,0.3294130758074943,0.04107252924404534,0.4,0.85,True,True,3.000000000000008,0.4417224454139039,0
M1,OFF,1835088200,150,123,0.3862906805177478,0.9659702608491922,0.004064872341156454,0.3862906805177478,0.0006996312034515181,0.776,0.16443347804244812,0.7866857487458881,0.9676856930431824,4.9439801640412995,109,0.12072660652242001,0.191128962465359,1.283580459827494e-09,0.16382267304863501,0.49252585308393776,0.03179590359606771,0.6,0.65,True,True,3.0300000000000082,0.15764591164559605,0
M1,OFF,1835088200,151,109,0.02813866857612226,0.9451037681013481,0.0002405957882293543,0.02813866857612226,0.0002561266686212847,0.864,0.17307800881836588,0.784841088678481,0.9674964404594685,4.686951564095133,104,0.1561203421235909,0.17634705092138303,0.2506008386703083,0.13017967568545505,0.28289658360302156,0.003855508996241111,0.2,0.85,True,True,3.0600000000000085,0.1643477160265458,0
M1,OFF,1835088200,152,104,0.04062246827261975,0.9160846568548129,0.00036104367282341983,0.04062246827261975,0.00044377673950076856,0.85,0.19547703132425368,0.7815298999779701,0.9707467964135217,4.118545774329949,96,0.13663582166766444,0.3544518910222312,0.02887159466425541,0.12364059228584917,0.35572975956376757,0.0006703407962322906,0.0,0.85,True,True,3.0900000000000087,0.16890753323777788,0
M1,OFF,1835088200,153,96,0.0311860851229611,0.9478496035503704,0.0002663073018547516,0.0311860851229611,0.00034335930043009075,0.864,0.1867873928295854,0.7924534049790716,0.9670500398327101,4.387096913917752,91,0.31917344031086026,0.10790119681735591,0.005825847644518887,0.1899496841786074,0.26688961530270305,0.11026021574595457,0.2,0.85,True,True,3.120000000000009,0.21894791986254544,0
M1,OFF,1835088200,154,91,0.030553191492944363,0.9193807547897354,0.0002690274589393119,0.030553191492944363,0.0004523757476837101,0.8740000000000001,0.20042392333542286,0.7940103119723285,0.9703450358494391,4.082727509106575,86,0.20224471552763107,0.32077724300737004,0.0002725956750229609,0.06143318602321426,0.4049196580085683,0.01035260175819336,0.8,0.65,True,True,3.1500000000000092,0.2210222622174812,0
M1,OFF,1835088200,155,86,0.048572214142167815,0.8783690281722866,0.0004528163657566051,0.048572214142167815,0.00030613654515700877,0.85,0.18207796971269724,0.7935994245257695,0.9733105322644952,4.478086922027493,80,0.17862035190071704,0.0907588594333738,0.041571261709446285,0.17964262273393622,0.31518232687866904,0.19422457734385767,0.0,0.85,True,True,3.1800000000000095,0.3000739132358037,0
M1,OFF,1835088200,156,80,0.17817533575014835,0.9201407468485423,0.0017131993171363988,0.17817533575014835,0.00017262611116927425,0.664,0.16048657985821824,0.7940737851220199,0.9759794790380456,5.069690544624398,74,0.18942914778173603,0.06362558944061256,0.014340203408177783,0.029906224400747358,0.6890218847410683,0.013676950227657973,0.2,0.65,True,True,3.2100000000000097,0.2938093627431236,0
M1,OFF,1835088200,157,74,0.18189505033198325,0.9085528556232773,0.0017782599942967004,0.18189505033198325,0.0002982572724363848,0.664,0.18174915598436353,0.7981315846948709,0.9783815311342411,4.488423721083694,64,0.2345186103618996,0.2645435416976343,0.01623982842746495,0.018562989308884094,0.4563516504745382,0.009783379729578906,0.2,0.65,True,True,3.24000000000001,0.2866612587003719,0
M1,OFF,1835088200,158,64,0.16739435776073952,0.9028737671586415,0.0016322946187893172,0.16739435776073952,0.00029972995782786866,0.664,0.18589868813033472,0.8027651585018513,0.9768011854905344,4.4208523669586155,60,0.2442519130215489,0.09677626680932369,0.13342376678301685,0.10986953996578352,0.28128903734858696,0.13438947607174012,0.2,0.65,True,True,3.2700000000000102,0.33270548760645813,0
M1,OFF,1835088200,159,60,0.1808192452577638,0.8326617327261835,0.001948821593512747,0.1808192452577638,0.00018514967517349154,0.664,0.16931148226575574,0.8069121363900202,0.973103082145098,4.89757378448916,57,0.24106544766576973,0.07699629914765857,0.18817346683816988,0.12017628614197379,0.26991007601808537,0.10367842418834268,0.2,0.65,True,True,3.3000000000000105,0.3603257672527871,0
M1,OFF,1835088200,160,57,0.09166954314587575,0.8397447552055635,0.0009201405601609854,0.09166954314587575,0.000299971141186636,0.776,0.1874204775737526,0.8014800745224947,0.9757927739305882,4.382461323550555,53,0.1239193118996928,0.27365987688509125,0.019476162414815038,0.048241164557187,0.5340521478456175,0.0006513363975965021,0.6,0.65,True,True,3.3300000000000107,0.3413602364694432,0
M1,OFF,1835088200,161,53,0.2309498513638098,0.9145009825775821,0.002316995387522503,0.2309498513638098,0.0008278274117632758,0.65,0.22245247333283358,0.7979320993542316,0.9782134965375293,3.6668660618733027,52,0.1440753569732704,0.17490279679518597,0.023312160154985526,0.16705790226179576,0.46800951856157474,0.0226422652531877,0.0,0.65,True,True,3.360000000000011,0.33390675949944887,0
M1,OFF,1835088200,162,52,0.2197094664367572,0.8947123370156905,0.0022430322088283095,0.2197094664367572,0.0006032640373872904,0.65,0.2132704154296672,0.79819404107821,0.9784270578804103,3.825158293649786,50,0.18948183364612492,0.08964404770579354,0.21066043483057062,0.04800490064502626,0.2901745549831694,0.17203422818931527,0.0,0.65,True,True,3.3900000000000112,0.3900923241990274,0
M1,OFF,1835088200,163,50,0.25696934710617986,0.8181022141984031,0.003001183626758128,0.25696934710617986,0.0007533657685584843,0.664,0.21760060004522463,0.7960422651562851,0.9805843520923693,3.730706463788319,48,0.1594740766498197,0.13439505408121247,0.0891290930153582,0.10127441167269027,0.3110096391714836,0.20471772540943578,0.2,0.65,True,True,3.4200000000000115,0.4532626899671071,0
M1,OFF,1835088200,164,48,0.03750432125391464,0.876854889911425,0.0003479592071398297,0.03750432125391464,0.00038705022827477197,0.8740000000000001,0.19584077354344942,0.7958049093410111,0.9805206978363302,4.144257503675082,46,0.18205946803175402,0.07515158001580216,0.07509701859354483,0.25315170749579935,0.2899739047659895,0.1245663210971102,0.8,0.65,True,True,3.4500000000000117,0.47518902203184055,0
M1,OFF,1835088200,165,46,0.19804441739692785,0.8997216265382005,0.0019789695971141243,0.19804441739692785,0.0004968469004755223,0.664,0.20957001756768667,0.793899430969716,0.9824686280526972,3.8558279701479954,40,0.16105958869694387,0.14182647493800787,0.05125697236559654,0.016284825589161996,0.5585462807395324,0.07102585767075738,0.2,0.65,True,True,3.480000000000012,0.4719971996097378,0
M1,OFF,1835088200,166,40,0.19862398661831845,0.8468838718563085,0.0021275044145855,0.19862398661831845,0.0005852027654879942,0.664,0.21846070898375147,0.7974140855293964,0.9805930475486319,3.7223889838342155,36,0.22762032635207652,0.14097227905831697,0.09061526526700217,0.20943040609099203,0.28185641150602186,0.049505311725590494,0.2,0.65,True,True,3.510000000000012,0.4601497665813173,0
M1,OFF,1835088200,167,36,0.2596189158376166,0.8365815690723157,0.002957537911218811,0.2596189158376166,0.001078974929096046,0.65,0.2568804453299707,0.7962089782638311,0.9825337427937687,3.1546308851091576,32,0.17081996263630594,0.237874240582585,0.00021102247465031157,0.06592380680971392,0.5250750963154786,9.587118126615923e-05,0.0,0.65,True,True,3.5400000000000125,0.428972060487691,0
M1,OFF,1835088200,168,32,0.30393635415274173,0.8199113679724649,0.003686612447347291,0.30393635415274173,0.0011596498969247732,0.65,0.2495994690469266,0.7910153884779642,0.9764890453611402,3.245442354805811,32,0.12021073909155768,0.08001125754247457,0.011359145907458063,0.34440412768910394,0.261043384233742,0.18297134553566372,0.0,0.65,True,True,3.5700000000000127,0.4783433783541468,0
M1,OFF,1835088200,169,32,0.10803083543543647,0.841482310992241,0.001093742574417989,0.10803083543543647,0.0008167667611588104,0.776,0.23920296577031783,0.7865886414943577,0.9774810146698398,3.364130077359494,33,0.1265502805036463,0.07809658682890577,0.46794882034601665,0.03419895609354202,0.293204369224068,9.870038211816287e-07,0.6,0.65,True,True,3.600000000000013,0.4449425874932541,0
M1,OFF,1835088200,170,33,0.2303628107287816,0.8224287222529026,0.0026160297115410108,0.2303628107287816,0.0008067576927758707,0.664,0.24421086850440338,0.783034179428662,0.9576272041319629,3.3482606302685824,30,0.13468712511277842,0.2904716278725859,0.1999208328077748,0.11984437485045567,0.1894714546455354,0.06560458471086983,0.2,0.65,True,True,3.630000000000013,0.4431034025726289,0
M1,OFF,1835088200,171,30,0.17101940742148952,0.743015856008972,0.002082233046971656,0.17101940742148952,0.0008993618811891609,0.7060000000000001,0.25326498101689576,0.7837993614070554,0.9454955888036487,3.2731827544776615,24,0.1864611368728308,0.07847082870556042,0.12529712798242276,0.3071616516094031,0.21815552542441063,0.08445372940537213,0.4,0.65,True,True,3.6600000000000135,0.44940156061416975,0
M1,OFF,1835088200,172,24,0.2233108182446015,0.8301752084354106,0.0024941415691824213,0.2233108182446015,0.0007494810143456704,0.664,0.23881939771561536,0.7815915326957014,0.9509460299232838,3.4415523292640455,22,0.14977674198748392,0.14222133367655973,0.07162292537600941,0.08874406219956087,0.3714427303270451,0.176192206433341,0.2,0.65,True,True,3.6900000000000137,0.4934741000424726,0
M1,OFF,1835088200,173,22,0.2358748246656852,0.7171156440138065,0.003175029592662099,0.2358748246656852,0.00041030697446343956,0.664,0.20189050819396212,0.7775449436627296,0.9558514269309555,4.029203545767334,15,0.12541234502266724,0.16206152159325626,0.06356552229318402,0.09077195206124053,0.31839879017717543,0.23978986885247655,0.2,0.65,True,True,3.720000000000014,0.5542572080373759,0
M1,OFF,1835088200,174,15,0.0,1.0,0.0,0.01,0.0004352399526224608,1.0,0.20639391685311334,0.7735109715787376,0.9477323668679457,3.954429818995359,15,0.12304093873930516,0.4015742696590432,0.010668192894597632,0.12650322466273023,0.23733041315042877,0.10088296089389502,1.0,0.85,True,True,3.750000000000014,0.5541171866483267,0
M1,OFF,1835088200,175,15,0.07233325490880914,0.7031889123374846,0.0008640541546394474,0.07233325490880914,0.0003550711496959235,0.7060000000000001,0.19438809326259152,0.7751516925038293,0.9529591301811511,4.184492217477291,15,0.19145336880035685,0.11013350159952409,0.06807530710715959,0.19212404638488423,0.4022960237366868,0.0359177523713884,0.4,0.65,True,True,3.7800000000000145,0.5267085802465106,0
M1,OFF,1835088200,176,15,0.0,1.0,0.0,0.01,0.0008478711955757982,1.0,0.24745452698474005,0.7782575396812002,0.9576632171630359,3.284090575840319,12,0.21079289753202834,0.42325963414591894,0.03128042746661157,0.01611341836878423,0.31311231274175155,0.005441309744905315,1.0,0.65,True,True,3.8100000000000147,0.48978890070978953,0
M1,OFF,1835088200,177,12,0.14618645062120814,0.5123786562502822,0.0026738334982031936,0.14618645062120814,0.0015006513277161862,0.664,0.3002390787128785,0.777120908209677,0.9618968954467323,2.690870836632036,10,0.159703068906712,0.29100482616566997,0.10619215682239996,0.04932032446695011,0.3488554738790558,0.04492414975921223,0.2,0.65,True,True,3.840000000000015,0.47388237552348395,0
M1,OFF,1835088200,178,10,0.20930115100283178,0.4251678284212736,0.005395521885860193,0.20930115100283178,0.001558903268416078,0.65,0.30517444207381456,0.7792046412267997,0.9560689508114886,2.6706326679338375,9,0.19924723034508107,0.13973021010347425,0.1496054160962295,0.1828554835931321,0.2518087245471477,0.07675293531493538,0.0,0.65,True,True,3.870000000000015,0.4732527232929387,0
M1,OFF,1835088200,179,9,0.027670117011358724,0.6431328665889431,0.0003500595414991741,0.027670117011358724,0.0020226751958570314,0.864,0.3293083032491298,0.7782917666292255,0.9604620557303397,2.4607049491749073,8,0.16309196829707306,0.12943346646687726,0.049401570810349967,0.31351023406563344,0.31600566803325064,0.028557092326815636,0.2,0.85,True,True,3.9000000000000155,0.4524563752750486,0
M1,OFF,1835088200,180,8,0.09475587392161806,0.4947078591070653,0.0016924942396921686,0.09475587392161806,0.002907120243808042,0.664,0.3811024661405261,0.7762167613490262,0.9644158501573057,2.111917349672402,5,0.14799478814077452,0.07826339048272277,0.1204018615450899,0.18011404945947848,0.436808421375168,0.03641748899676638,0.2,0.65,True,True,3.9300000000000157,0.43745695562068465,0
M1,OFF,1835088200,181,5,0.036765584890078654,0.3165748535995981,0.0009826834343695091,0.036765584890078654,0.00205049084446392,0.776,0.32690583256689926,0.7739424806343211,0.958914919758518,2.468913873192896,5,0.14420696690932885,0.05250701338827732,0.10991085140379776,0.1980523252650942,0.2547032730847139,0.24061956994878808,0.6,0.65,True,True,3.960000000000016,0.5049621209462025,0
M1,OFF,1835088200,182,5,0.008683240247808508,0.22170742171354876,0.0003180281205247879,0.01,0.002139426151771647,0.864,0.3249713661401686,0.7709899299948065,0.9630234277826661,2.463580495708965,6,0.13430716740251822,0.05087268391808575,0.01620600826154792,0.2910747734272356,0.39428503665927933,0.11325433033133323,0.2,0.85,True,True,3.990000000000016,0.5159334851718181,0
M1,OFF,1835088200,183,6,0.0,1.0,0.0,0.01,0.0022219820747632715,1.0,0.33000935366259293,0.7719660396969423,0.9602406458817596,2.436081762858768,6,0.18157007752345164,0.26705451575758304,0.0608914292471513,0.20289131473738697,0.2675978043868003,0.01999485834762683,1.0,0.65,True,True,4.0200000000000164,0.48641930745720324,0
M1,OFF,1835088200,184,6,0.019450351389229206,0.2639215809461805,0.0006093786495328707,0.019450351389229206,0.002522278561733467,0.8740000000000001,0.34690361916171364,0.773034872656701,0.9642165812935837,2.311083620659778,5,0.18333918680757266,0.10640222770362773,0.07353024840660953,0.15261089096345898,0.31873062180678463,0.16538682431194654,0.8,0.65,True,True,4.050000000000017,0.5215114567733564,0
M1,OFF,1835088200,185,5,0.12753947256938206,0.24823063844148371,0.005740196114265728,0.12753947256938206,0.002510321257855237,0.664,0.341654810985502,0.7741148497031596,0.9677949231642253,2.3411784526639243,5,0.1841465084911708,0.1352895620411153,0.01738054104532133,0.23509756146190963,0.3466456316967479,0.08144019526373504,0.2,0.65,True,True,4.080000000000017,0.5171349639713224,0
M1,OFF,1835088200,186,5,0.007392976917492728,0.2422198979101679,0.00024674040403170605,0.01,0.0023580616017157686,0.906,0.3298021380092032,0.7734287756595571,0.9710154308478028,2.4151311968306857,5,0.1627458555194447,0.12017533079088857,0.020287579671541173,0.2031369259630352,0.4597069023778702,0.03394740567722018,0.4,0.85,True,True,4.110000000000017,0.4933366786791962,0
M1,OFF,1835088200,187,5,0.0,1.0,0.0,0.01,0.0034809270628007095,1.0,0.38781995074948306,0.7745411719213213,0.9729340044980228,2.0527259802044124,4,0.18479793805927489,0.08408875299031582,0.06368135894488798,0.25983173547203126,0.29510058367500114,0.11249963085848887,1.0,0.65,True,True,4.140000000000017,0.505386122198258,0
M1,OFF,1835088200,188,4,0.1070363565046117,0.29342436818172685,0.003612197101285146,0.1070363565046117,0.005432553731544533,0.7060000000000001,0.5023768220994498,0.7847480512634748,0.9756406040482205,1.6010717146450084,4,0.2991742242277442,0.13072558365174025,0.07686047014745327,0.10221530723437736,0.3557121360207619,0.03531227871792317,0.4,0.65,True,True,4.170000000000018,0.48357094459599476,0
M1,OFF,1835088200,189,4,0.10186330933529116,0.3249109852999881,0.0029943072638132636,0.10186330933529116,0.005312642721890623,0.85,0.49983533379782685,0.785310728071309,0.9647437741426278,1.62855560740449,4,0.1850009921375983,0.11585697693993655,0.18500988452770742,0.23139492237197512,0.2333361524961469,0.04940107152663573,0.0,0.85,True,True,4.200000000000018,0.4702908812856624,0
M1,OFF,1835088200,190,4,0.0,1.0,0.0,0.01,0.005236777884058998,1.0,0.49107953630104945,0.7912310494632164,0.968269396728365,1.6640074973307055,4,0.2523232224434108,0.10067834028672945,0.07679636443019512,0.21674702279126581,0.3455253079134156,0.007929742134983228,1.0,0.65,True,True,4.230000000000018,0.44118646722807586,0
M1,OFF,1835088200,191,4,0.04143100316857675,0.3429316863221684,0.0010249311348174022,0.04143100316857675,0.004798318695058427,0.8740000000000001,0.46596485246305847,0.7994421218886816,0.9714424570555285,1.7661060870758019,4,0.28465781123282463,0.057320322672247126,0.05770739038974516,0.1881460156717524,0.33332655650312076,0.07884190353030984,0.8,0.65,True,True,4.260000000000018,0.4453576906434369,0
M1,OFF,1835088200,192,4,0.034415166274365784,0.4033263533431225,0.0007099599973916464,0.034415166274365784,0.004429343515063635,0.864,0.4438977684207227,0.8036387727436191,0.9742982113499756,1.8581724414806229,4,0.23960946186714382,0.06786921099351165,0.11707946931863185,0.1988954422817711,0.31517999555380083,0.061366419985140856,0.2,0.85,True,True,4.290000000000019,0.44168866415998365,0
M1,OFF,1835088200,193,4,0.04538388448516981,0.32269229413006956,0.0012065001288632234,0.04538388448516981,0.006369420594440687,0.864,0.6018639641102789,0.8056078792518451,0.9768683902149781,1.370216860305293,2,0.214388064317587,0.12862840305339682,0.03816003040826884,0.18608111563294122,0.33957897379471735,0.09316341279308876,0.2,0.85,True,True,4.320000000000019,0.45181465783388286,0
M1,OFF,1835088200,194,2,4.980185934132611e-06,7.309234452626725e-06,0.00910376834982932,0.01,0.006431594312317404,0.65,0.5766979770256299,0.8069080143622338,0.9621511933171133,1.4542272492636383,2,0.20725661341226237,0.06632086024031457,0.00530739128546062,0.28020276092138247,0.21484821061816503,0.22606416352241485,0.0,0.65,True,True,4.350000000000019,0.5165438475732311,0
M1,OFF,1835088200,195,2,6.7666613530233746e-06,3.317515785284834e-05,0.001815816823995493,0.01,0.005898225419678188,0.806,0.5186979770256298,0.8075626136441221,0.9659360739854019,1.6118078446379334,2,0.2,0.0,0.1,0.3,0.3,0.1,0.4,0.75,True,True,4.380000000000019,0.5205585858644434,0
M1,OFF,1835088200,196,2,6.796788183451588e-06,8.05873256378642e-05,0.0007013692297159597,0.01,0.005066779093393095,0.776,0.4822698356443105,0.8171844829619159,0.9558641789703366,1.7726942077239431,2,0.3276192684723436,0.047024705455584695,0.10700003086533026,0.23177187006089592,0.23260856191737442,0.053975563228471135,0.6,0.65,True,True,4.41000000000002,0.5047612921166681,0
M1,OFF,1835088200,197,2,6.8325209358411245e-06,4.625909389984711e-05,0.0012721635788995448,0.01,0.004288005574784406,0.864,0.4364965603350839,0.8190670542238948,0.960277761073303,1.954077393498534,1,0.22177244262593343,0.12105162639493175,0.030365601693152285,0.2349726682156762,0.3530851664707898,0.03875249459951667,0.2,0.85,True,True,4.44000000000002,0.4844659847944649,0
M1,OFF,1835088200,198,1,0.0,null,null,0.01,0.003619956596962578,1.0,0.3994805911873271,0.8219107273898123,0.9614988361384255,2.139834582528295,1,0.23496282346390246,0.05830006427550671,0.10881635729524372,0.2541814436412196,0.28624425586226393,0.057495055461863565,0.8,0.85,True,True,4.47000000000002,0.4744779899131118,1
M1,OFF,1835088200,199,1,0.0,null,null,0.01,0.0037443207836392383,0.65,0.39964103901763776,0.817995234115449,0.9653489525245829,2.1202953663933575,1,0.15225053868909247,0.1378342663131472,0.06924436318921716,0.28028450822267265,0.32984031780299705,0.030546005782873496,0.0,0.65,True,True,4.50000000000002,0.4543699535523453,3
M1,OFF,1835088200,200,1,0.0,null,null,0.01,0.0035654431532907344,0.65,0.3920155399071757,0.8149295662705041,0.9688140572721246,2.145736356025849,1,0.16042617326034286,0.12369687685320402,0.11695405793248491,0.126506433637097,0.41375985744894805,0.058656600867923236,0.0,0.65,True,True,4.530000000000021,0.4484813314905916,3
M1,OFF,1835088200,201,1,0.0,null,null,0.01,0.0028753659628340082,0.664,0.3532717584676882,0.814823445463211,0.971932651544912,2.3731130326645182,1,0.19550446882790112,0.06095045533440105,0.1336750589931467,0.2458432673878183,0.31087064085651056,0.053156108600222296,0.2,0.65,True,True,4.560000000000021,0.440989137323814,3
M1,OFF,1835088200,202,1,0.0,null,null,0.01,0.0026593287827168,0.664,0.3423844905766123,0.8143806190082856,0.974397250880853,2.4410534891742453,1,0.1912293227279403,0.12106819189359186,0.030440399549605313,0.16559079298952376,0.298289322452161,0.1933819703871777,0.2,0.65,True,True,4.590000000000021,0.49329086840757097,3
M1,OFF,1835088200,203,1,0.0,null,null,0.01,0.00271657403750196,0.7060000000000001,0.34610241221806637,0.8096224062477522,0.9769575257927677,2.3944303563002967,1,0.13701022737351065,0.153579003419696,0.17145043258188125,0.12326883564918642,0.38829185695390184,0.02639964402182396,0.4,0.65,True,True,4.620000000000021,0.4691838146878285,3
M1,OFF,1835088200,204,1,0.0,null,null,0.01,0.001956708861826006,0.7060000000000001,0.306934701358032,0.8066259393646781,0.979261773213491,2.6836593676069143,1,0.15605816786641952,0.06631726904159507,0.0033325088447623405,0.059388905588432954,0.6511154360269739,0.06378771263181632,0.4,0.65,True,True,4.650000000000022,0.46367259623065193,3
M1,OFF,1835088200,205,1,0.0,null,null,0.01,0.0016272509888030375,0.864,0.28555176473841504,0.8012078830752698,0.9813355958921418,2.8591886615315314,1,0.12391550848532097,0.10545221537579796,0.21039394921088897,0.1704808716016774,0.3239813379129629,0.06577611741335188,0.2,0.85,True,True,4.680000000000022,0.4596578539965815,3
M1,OFF,1835088200,206,1,0.0,null,null,0.01,0.0012942308748707806,0.776,0.2634756864636982,0.7977105095478838,0.9832020363029277,3.079370888182947,1,0.14453775782971878,0.10609150359433986,0.16049855289661505,0.16134639758780753,0.33592875714415965,0.09159703094735906,0.6,0.65,True,True,4.710000000000022,0.46696966451488253,3
M1,OFF,1835088200,207,1,0.0,null,null,0.01,0.0014210348526152315,0.906,0.2705833825018879,0.7936433853632483,0.984881832672635,2.9781060099896206,1,0.13523001615948382,0.25897466984914247,0.08297313935692789,0.16616065499943894,0.3284994507572998,0.02816206887770717,0.4,0.85,True,True,4.740000000000022,0.44676137370173363,3
M1,OFF,1835088200,208,1,0.0,null,null,0.01,0.0010095126908768006,0.664,0.24422584815075113,0.7915886049373156,0.9731643093969337,3.330594299835354,1,0.15784236052787215,0.10133847010179839,0.0813738570958706,0.3843653444963698,0.23385329995781085,0.04122666782027828,0.2,0.65,True,True,4.770000000000023,0.43446520934204247,3
M1,OFF,1835088200,209,1,0.0,null,null,0.01,0.0004512731434196868,0.664,0.1972157968336496,0.7926346490883498,0.9758478784572403,4.118596367760353,1,0.19531842997374957,0.060395726422705104,0.052954134436343045,0.11171257798643888,0.4227238989561257,0.1568952322246377,0.2,0.65,True,True,4.800000000000023,0.4722253817553452,3
M1,OFF,1835088200,210,1,0.0,null,null,0.01,0.0001464318223507948,0.664,0.15601350186247134,0.7952242533313816,0.9782630906115163,5.210408381993631,1,0.21526670871811593,0.07457855214337866,0.0452218168471434,0.04128051546008144,0.6228160322457118,0.0008363745855688401,0.2,0.65,True,True,4.830000000000023,0.43990961327064265,3
M1,OFF,1835088200,211,1,0.0,null,null,0.01,0.00016485780380287875,0.7060000000000001,0.1591335175664012,0.790437359198254,0.9804367815503646,5.066245140128166,1,0.12467898166801863,0.26000130866082094,0.02064273181554121,0.09238653744098974,0.41417819209101364,0.08811224832361586,0.4,0.65,True,True,4.860000000000023,0.4481276039740842,3
M1,OFF,1835088200,212,1,0.0,null,null,0.01,0.00018950881092675296,1.0,0.1637174299513472,0.785515493297409,0.9823931033953281,4.883987367433584,1,0.12000002573834662,0.46532603207883294,0.015540821135161833,0.03059698708917279,0.36852815171687686,7.982241609089453e-06,1.0,0.85,True,True,4.890000000000024,0.4183556440386699,3
M1,OFF,1835088200,213,1,0.0,null,null,0.01,0.0001968249799329575,0.906,0.16564616649622554,0.7832800667521129,0.9841537930557953,4.804771229513708,1,0.1505043514946796,0.3273947120731963,0.00015715247297524252,0.01740182407884803,0.49578185714261014,0.00876010273769079,0.4,0.85,True,True,4.920000000000024,0.39583220990385964,3
M1,OFF,1835088200,214,1,0.0,null,null,0.01,0.00020454058951690436,1.0,0.16603443964561684,0.7830360217422568,0.9823943182525304,4.8006242919181386,1,0.17399947909686947,0.28235609578260845,0.0070100075895982265,0.2515770544247851,0.283279522511573,0.0017778405945656458,0.8,0.85,True,True,4.950000000000024,0.3730790377651141,3
M1,OFF,1835088200,215,1,0.0,null,null,0.01,7.928627216420416e-05,0.85,0.13799961408872122,0.7851999445667256,0.9841548864272773,5.781478769989332,1,0.2039465488947701,0.11242744675646743,0.07539511709065615,0.24121568081957426,0.333410146172829,0.03360506026570298,0.0,0.85,True,True,4.980000000000024,0.36642367854489566,3
M1,OFF,1835088200,216,1,0.0,null,null,0.01,8.215535459700191e-05,1.0,0.13873855646450342,0.7807894096935583,0.9857393977845496,5.709191729077915,1,0.12311827943961177,0.47824519798184917,0.007893026461765174,0.04698953864749769,0.3428644803368512,0.0008894771324250397,0.8,0.85,True,True,5.010000000000025,0.3468264175151267,3
M1,OFF,1835088200,217,1,0.0,null,null,0.01,7.619108259145675e-05,0.906,0.13708130028148505,0.7763760466626506,0.9871654580060946,5.737252474739058,1,0.12032634317212866,0.3618953180818016,0.05275036082233888,0.007027006817948729,0.4565939602681366,0.0014070108376455334,0.4,0.85,True,True,5.040000000000025,0.3297981919651226,3
M1,OFF,1835088200,218,1,0.0,null,null,0.01,7.32257247510055e-05,0.85,0.13649420802244683,0.7732770217026049,0.9884489122054851,5.731478324628852,1,0.13399721716358592,0.5344089784134813,0.0032219682117288623,1.66029314540794e-07,0.3276632561592519,0.0007084140226375691,0.0,0.85,True,True,5.070000000000025,0.3145199428188157,3
M1,OFF,1835088200,219,1,0.0,null,null,0.01,6.933685747395785e-05,0.664,0.13052952472056328,0.7803102959112282,0.948328074765222,6.303764393767576,1,0.25871406617191917,0.1696097248430387,0.07745898487044951,0.30427876659298964,0.09362026890142641,0.09631818862017663,0.2,0.65,True,True,5.100000000000025,0.341231188901032,3
M1,OFF,1835088200,220,1,0.0,null,null,0.01,7.240317172656207e-05,0.664,0.08369864125013349,0.7857243857238455,0.9246598479020716,10.152425819673612,1,0.2428700576022333,0.08368565943660461,0.07239559385022958,0.3017260631089487,0.15582290306685923,0.14349972293512464,0.2,0.65,True,True,5.130000000000026,0.3845533298656605,3
M1,OFF,1835088200,221,1,0.0,null,null,0.01,7.516285455390585e-05,0.776,0.06914691306144514,0.7862049743866819,0.9032670505341174,12.58771271028137,1,0.18458509936285838,0.15301723294023262,0.16238827612369053,0.3169574366820972,0.15536593711126503,0.027686017779856298,0.6,0.65,True,True,5.160000000000026,0.3740350577493209,3
M1,OFF,1835088200,222,1,0.0,null,null,0.01,7.764656909851527e-05,0.7060000000000001,0.060854237130924034,0.7847204246522325,0.8648602533224851,14.910018953394498,1,0.1603212373110586,0.22561033912324074,0.08298014660253729,0.2853781511369614,0.059599539208897004,0.18611058661730492,0.4,0.65,True,True,5.190000000000026,0.43131729719867046,3
M1,OFF,1835088200,223,1,0.0,null,null,0.01,7.988191218866373e-05,0.85,0.04726244216644862,0.7954844034196208,0.8371095288472955,20.106349370112547,1,0.3463504716048819,0.15918376049067623,0.0577308694500368,0.3097235337054256,0.09367650428529495,0.033334860463684515,0.0,0.85,True,True,5.220000000000026,0.4175598629295775,3
M1,OFF,1835088200,224,1,0.0,null,null,0.01,8.189372096979737e-05,0.7060000000000001,0.0,0.8011199614850205,0.8403909969461516,80.11199614850204,1,0.2551222279547592,0.06673474231918934,0.10823610491386476,0.3236747071863207,0.23496210491792827,0.011270112707937877,0.4,0.65,True,True,5.250000000000027,0.3961861267153621,3
M1,OFF,1835088200,225,1,0.0,null,null,0.01,8.370434887281764e-05,0.906,0.0,0.8110639634107695,0.7974597833814887,81.10639634107694,1,0.5445970358159171,0.0,0.09890504794560301,0.34968104529671945,0.005539430649761079,0.0012774402919993736,0.4,0.85,True,True,5.280000000000027,0.3731803164321584,3
M1,OFF,1835088200,226,1,0.0,null,null,0.01,8.533391398553587e-05,0.864,0.0,0.820510765240231,0.7577191074788678,82.0510765240231,0,0.6630777840055819,0.02833266145247626,0.008025103818630938,0.2948504346576473,2.6512177639948476e-05,0.005687503888023581,0.2,0.85,True,True,5.310000000000027,0.3547874300932693,3
