arm,defense_arm,seed,steps_completed,last_completed_step,end_reason,final_population,g_steps,VETO_steps,CONSENSUS_steps,non_NORMAL_steps,state_after_last_completed_step,state_in_force_at_last_step,H_first_NORMAL_step_at_or_after_shock,H_steps_from_shock_to_NORMAL,H_never_returned_to_NORMAL,normal_at_shock_completion,audit_file,audit_sha256_lf,recorded_steps_equal_completed,binding_restored_by_identity,attack_binding_restored_by_identity,elapsed_seconds,NORMAL_to_VETO,VETO_to_CONSENSUS,CONSENSUS_to_VETO,VETO_to_NORMAL,re_escalations_after_recovery
A3,LATCHED,1835088000,300,299,step_limit,238,31,10,218,228,CONSENSUS,CONSENSUS,null,null,null,False,defense_recovery_run_a3_run_A3_LATCHED_1835088000_audit_attempt1.json,aad1ee22c1d813feb6415023d5da5e2e1164389cdf9905cdc81285fe5c64b675,True,True,True,702.8662777999998,1,1,0,0,0
A3,LATCHED,1835088001,300,299,step_limit,301,19,6,188,194,CONSENSUS,CONSENSUS,null,null,null,False,defense_recovery_run_a3_run_A3_LATCHED_1835088001_audit_attempt1.json,e81ae4cbb79831e604604609db00be8e0515fca7e47e44eb27cf9716c944e24d,True,True,True,714.8994205000054,1,1,0,0,0
A3,LATCHED,1835088002,300,299,step_limit,334,21,19,193,212,CONSENSUS,CONSENSUS,null,null,null,False,defense_recovery_run_a3_run_A3_LATCHED_1835088002_audit_attempt1.json,d17a753acf85e13a5252c327443bbc5b3630b505e365a514833f24676991d54f,True,True,True,713.3352059000172,1,1,0,0,0
A3,LATCHED,1835088003,300,299,step_limit,306,21,9,186,195,CONSENSUS,CONSENSUS,null,null,null,False,defense_recovery_run_a3_run_A3_LATCHED_1835088003_audit_attempt1.json,f6a2c89f5053c35c5b47209da0851775b06aa6aad02e585b72556bbf9b840e9a,True,True,True,710.515014900011,1,1,0,0,0
A3,LATCHED,1835088004,300,299,step_limit,273,45,19,149,168,CONSENSUS,CONSENSUS,null,null,null,False,defense_recovery_run_a3_run_A3_LATCHED_1835088004_audit_attempt1.json,433cdb2702a35a75e1cc1fb4ae237b412aa596b8fe655c0c8ed1e9bdf93b1f3e,True,True,True,710.7720230999985,1,1,0,0,0
A3,LATCHED,1835088005,300,299,step_limit,222,20,9,172,181,CONSENSUS,CONSENSUS,null,null,null,False,defense_recovery_run_a3_run_A3_LATCHED_1835088005_audit_attempt1.json,37ea504e4815fae5b5cfde3c93e597c09c42f7ac1d65462c8c19f47dc9abf646,True,True,True,705.3521194999921,1,1,0,0,0
A3,LATCHED,1835088006,300,299,step_limit,318,31,4,187,191,CONSENSUS,CONSENSUS,null,null,null,False,defense_recovery_run_a3_run_A3_LATCHED_1835088006_audit_attempt1.json,543fc9a20f3a23ed2dacb335a375245c883d3bf105fd0111770c107fccacef27,True,True,True,714.7479418999865,1,1,0,0,0
A3,LATCHED,1835088007,300,299,step_limit,220,34,13,165,178,CONSENSUS,CONSENSUS,null,null,null,False,defense_recovery_run_a3_run_A3_LATCHED_1835088007_audit_attempt1.json,c2114d7e9ea4623e41197a45100654ba2be7fe45f076fd091e690a988383d058,True,True,True,709.3421899999958,1,1,0,0,0
A3,LATCHED,1835088008,300,299,step_limit,195,26,1,147,148,CONSENSUS,CONSENSUS,null,null,null,True,defense_recovery_run_a3_run_A3_LATCHED_1835088008_audit_attempt1.json,dc53c31de8b6afe6db6736884b66d513548969de855cb00473b9ee246e56d8ea,True,True,True,712.385993200005,1,1,0,0,0
A3,LATCHED,1835088009,300,299,step_limit,290,20,15,187,202,CONSENSUS,CONSENSUS,null,null,null,False,defense_recovery_run_a3_run_A3_LATCHED_1835088009_audit_attempt1.json,474f835125f6e0ffba50147b63a4535aca6c6f4504ed97e9ede0523b25a68ff7,True,True,True,720.3426010000112,1,1,0,0,0
A3,LATCHED,1835088010,300,299,step_limit,170,23,1,146,147,CONSENSUS,CONSENSUS,null,null,null,True,defense_recovery_run_a3_run_A3_LATCHED_1835088010_audit_attempt1.json,808b12d8c216c7c7a8181f601c090b7fec6e6d25560a3984fec821261c0d0624,True,True,True,704.2613728999859,1,1,0,0,0
A3,LATCHED,1835088011,300,299,step_limit,220,23,9,148,157,CONSENSUS,CONSENSUS,null,null,null,False,defense_recovery_run_a3_run_A3_LATCHED_1835088011_audit_attempt1.json,c8e2b2bba37d605a2b8fad067f9df2c6d92f1207de1bffbabd4c9e03003d601f,True,True,True,707.7583073000133,1,1,0,0,0
A3,LATCHED,1835088012,300,299,step_limit,245,46,17,155,172,CONSENSUS,CONSENSUS,null,null,null,False,defense_recovery_run_a3_run_A3_LATCHED_1835088012_audit_attempt1.json,0aa0b5cad4885d9368f88dae94b8eca7a7b3c2eb8ccc3ee992330d752dd0b048,True,True,True,712.6267211000086,1,1,0,0,0
A3,LATCHED,1835088013,300,299,step_limit,176,26,86,148,234,CONSENSUS,CONSENSUS,null,null,null,False,defense_recovery_run_a3_run_A3_LATCHED_1835088013_audit_attempt1.json,40d1472df81fe412ff10ead7ffd72e1d6fa61f6b60e2c7619fff5b921d1197bd,True,True,True,705.7879209000093,1,1,0,0,0
A3,LATCHED,1835088014,300,299,step_limit,230,27,89,149,238,CONSENSUS,CONSENSUS,null,null,null,False,defense_recovery_run_a3_run_A3_LATCHED_1835088014_audit_attempt1.json,30070e750f92787dc09a0d6b393dcae6442d37e4ad01251800ccbd06f765994a,True,True,True,703.7200960000046,1,1,0,0,0
A3,LATCHED,1835088015,300,299,step_limit,247,25,1,146,147,CONSENSUS,CONSENSUS,null,null,null,True,defense_recovery_run_a3_run_A3_LATCHED_1835088015_audit_attempt1.json,e08058e8b3987c0295bb3af855a31af3dba43ac7c74940a35ebd10d58b63ce20,True,True,True,707.098948800005,1,1,0,0,0
A3,LATCHED,1835088016,300,299,step_limit,276,23,1,146,147,CONSENSUS,CONSENSUS,null,null,null,True,defense_recovery_run_a3_run_A3_LATCHED_1835088016_audit_attempt1.json,2e782c14fc887fa17e986b210a8818f28260a88e535cdbdfdc27e14b6115de0e,True,True,True,714.4555411000038,1,1,0,0,0
A3,LATCHED,1835088017,300,299,step_limit,223,50,50,182,232,CONSENSUS,CONSENSUS,null,null,null,False,defense_recovery_run_a3_run_A3_LATCHED_1835088017_audit_attempt1.json,d6cf83dc113eac25c48f06ae058da357d5dc5367f4d4c3d9b9909f0afeb16d73,True,True,True,711.5132167999982,1,1,0,0,0
A3,LATCHED,1835088018,300,299,step_limit,215,25,3,144,147,CONSENSUS,CONSENSUS,null,null,null,True,defense_recovery_run_a3_run_A3_LATCHED_1835088018_audit_attempt1.json,485812eacea49865a146d23332ca05856cb13f30ee11826b6cd51c8b50d81e4b,True,True,True,711.0267160999938,1,1,0,0,0
A3,LATCHED,1835088019,300,299,step_limit,306,19,8,192,200,CONSENSUS,CONSENSUS,null,null,null,False,defense_recovery_run_a3_run_A3_LATCHED_1835088019_audit_attempt1.json,a555d341bf370b48b0e6cb41e7ece64061318a188f8c3137172a247ba08582d6,True,True,True,725.3086757000128,1,1,0,0,0
A3,OFF,1835088000,300,299,step_limit,286,33,0,0,0,NORMAL,NORMAL,null,null,null,True,defense_recovery_run_a3_run_A3_OFF_1835088000_audit_attempt1.json,7420b7d5db050d080b2ee6e5d28800de4cc3b3ce69ae0455ceabb753627d5508,True,True,True,709.9557639999839,0,0,0,0,0
A3,OFF,1835088001,300,299,step_limit,227,26,0,0,0,NORMAL,NORMAL,null,null,null,True,defense_recovery_run_a3_run_A3_OFF_1835088001_audit_attempt1.json,2069d3e872d864a13483773f6d69f2d5071ad3a236abe071660d8f5e804b8c30,True,True,True,709.1253196999896,0,0,0,0,0
A3,OFF,1835088002,300,299,step_limit,216,25,0,0,0,NORMAL,NORMAL,null,null,null,True,defense_recovery_run_a3_run_A3_OFF_1835088002_audit_attempt1.json,36799d3c60482f6f642f6bc54539138dc82db655e2fc7ac20d83d9bec8edb50f,True,True,True,708.3167418999947,0,0,0,0,0
A3,OFF,1835088003,300,299,step_limit,168,25,0,0,0,NORMAL,NORMAL,null,null,null,True,defense_recovery_run_a3_run_A3_OFF_1835088003_audit_attempt1.json,c02299ab30513401e699019a6415c666912bed82e30637acb29fdb488bb0594e,True,True,True,707.7302743000037,0,0,0,0,0
A3,OFF,1835088004,300,299,step_limit,199,38,0,0,0,NORMAL,NORMAL,null,null,null,True,defense_recovery_run_a3_run_A3_OFF_1835088004_audit_attempt1.json,67c31c4bb85a6f69d07ae290602730fb31a6dfd4b66db82804f79f894da59833,True,True,True,744.425465599983,0,0,0,0,0
A3,OFF,1835088005,300,299,step_limit,276,36,0,0,0,NORMAL,NORMAL,null,null,null,True,defense_recovery_run_a3_run_A3_OFF_1835088005_audit_attempt1.json,4a5c10c985965bf7272129bbe9db71137fbbdf6a0d35c11a3507febceeaedd35,True,True,True,714.8205922000052,0,0,0,0,0
A3,OFF,1835088006,300,299,step_limit,228,29,0,0,0,NORMAL,NORMAL,null,null,null,True,defense_recovery_run_a3_run_A3_OFF_1835088006_audit_attempt1.json,b83ec44e8b6e1beea7702625df90500ee58c023f5bd03e70fb8ea28d43657233,True,True,True,708.551228700002,0,0,0,0,0
A3,OFF,1835088007,300,299,step_limit,232,20,0,0,0,NORMAL,NORMAL,null,null,null,True,defense_recovery_run_a3_run_A3_OFF_1835088007_audit_attempt1.json,14b05281abc77ad9d74517e07d7914281c7db065ccfaf76ab44f0ef61b0b02b5,True,True,True,705.9662928999751,0,0,0,0,0
A3,OFF,1835088008,300,299,step_limit,206,25,0,0,0,NORMAL,NORMAL,null,null,null,True,defense_recovery_run_a3_run_A3_OFF_1835088008_audit_attempt1.json,6018b4ecbdbbaf38cd4963f5d09028b81b4fdc87676bed95f7cc1d4a6079c4f7,True,True,True,718.255740499997,0,0,0,0,0
A3,OFF,1835088009,300,299,step_limit,240,28,0,0,0,NORMAL,NORMAL,null,null,null,True,defense_recovery_run_a3_run_A3_OFF_1835088009_audit_attempt1.json,0d0601238265c7bbae2232fd02420cb80508b8efcf192bb8f2ab50245b92f264,True,True,True,714.5349000999995,0,0,0,0,0
A3,OFF,1835088010,300,299,step_limit,226,24,0,0,0,NORMAL,NORMAL,null,null,null,True,defense_recovery_run_a3_run_A3_OFF_1835088010_audit_attempt1.json,70b70343f4733ddd0b0478781d831a9da2b1c006b5e68cbfe15b0bdd3b8220a3,True,True,True,720.8777763000107,0,0,0,0,0
A3,OFF,1835088011,300,299,step_limit,237,28,0,0,0,NORMAL,NORMAL,null,null,null,True,defense_recovery_run_a3_run_A3_OFF_1835088011_audit_attempt1.json,f8ae97eadc0bc369c6863f44be7e92bb1fd66f946e6d9318010d470e0162660e,True,True,True,724.203354999976,0,0,0,0,0
A3,OFF,1835088012,300,299,step_limit,286,30,0,0,0,NORMAL,NORMAL,null,null,null,True,defense_recovery_run_a3_run_A3_OFF_1835088012_audit_attempt1.json,388a1e6cb30edcaf15cbb039d40290935aa9cbac220446bb95f13b4b458b6036,True,True,True,719.9963311000029,0,0,0,0,0
A3,OFF,1835088013,300,299,step_limit,233,25,0,0,0,NORMAL,NORMAL,null,null,null,True,defense_recovery_run_a3_run_A3_OFF_1835088013_audit_attempt1.json,0a50c537b59fe78cea12bb57c3fe66f1e727c2db55a4c453351c4667cf2b2936,True,True,True,716.3953854000138,0,0,0,0,0
A3,OFF,1835088014,300,299,step_limit,248,28,0,0,0,NORMAL,NORMAL,null,null,null,True,defense_recovery_run_a3_run_A3_OFF_1835088014_audit_attempt1.json,26bedab8ee342524fd5fec444e619f86ee6ffe9d5bdf692ed438d71d6de29dd4,True,True,True,722.3420310000074,0,0,0,0,0
A3,OFF,1835088015,300,299,step_limit,237,28,0,0,0,NORMAL,NORMAL,null,null,null,True,defense_recovery_run_a3_run_A3_OFF_1835088015_audit_attempt1.json,2f8aa158f5671edb5734f472e3103c4dba8faaeb3e4927bb489912f3b1ce3589,True,True,True,727.1839009999821,0,0,0,0,0
A3,OFF,1835088016,300,299,step_limit,231,23,0,0,0,NORMAL,NORMAL,null,null,null,True,defense_recovery_run_a3_run_A3_OFF_1835088016_audit_attempt1.json,f6f093c74f48bea27148df8ae120f27515cbe995b978f12b9929a940c2e47be2,True,True,True,718.1505916999886,0,0,0,0,0
A3,OFF,1835088017,300,299,step_limit,230,32,0,0,0,NORMAL,NORMAL,null,null,null,True,defense_recovery_run_a3_run_A3_OFF_1835088017_audit_attempt1.json,f32e47e0aab9dfba589de41e5292f2499ba6c451c2b5b601a630907f7f587d48,True,True,True,719.8489350000164,0,0,0,0,0
A3,OFF,1835088018,300,299,step_limit,233,31,0,0,0,NORMAL,NORMAL,null,null,null,True,defense_recovery_run_a3_run_A3_OFF_1835088018_audit_attempt1.json,b91e005a7745f289150fcc930702203dd74f726cbeeb505c37fde2e54e00398e,True,True,True,713.4421287000005,0,0,0,0,0
A3,OFF,1835088019,300,299,step_limit,231,40,0,0,0,NORMAL,NORMAL,null,null,null,True,defense_recovery_run_a3_run_A3_OFF_1835088019_audit_attempt1.json,55b462a3bd20f1496ff5619fb979d6f40a718f6434617d5d042849922eff5a6f,True,True,True,720.1007282999926,0,0,0,0,0
A3,RECOVER-10,1835088000,300,299,step_limit,280,34,72,58,130,NORMAL,NORMAL,null,null,null,True,defense_recovery_run_a3_run_A3_RECOVER-10_1835088000_audit_attempt1.json,012a2b0c2f896db0f08f882bf9ab7ac291da4fead97731464f0bae4c63c20bd7,True,True,True,718.2070575999969,4,5,5,4,7
A3,RECOVER-10,1835088001,300,299,step_limit,338,28,72,55,127,CONSENSUS,CONSENSUS,null,null,null,True,defense_recovery_run_a3_run_A3_RECOVER-10_1835088001_audit_attempt1.json,84e93c456b8cb15c8db0faf1a03973520ee45d6e22ae74214d1a6f5b33123112,True,True,True,723.4255014999944,6,5,4,5,9
A3,RECOVER-10,1835088002,300,299,step_limit,244,25,84,78,162,NORMAL,NORMAL,null,null,null,True,defense_recovery_run_a3_run_A3_RECOVER-10_1835088002_audit_attempt1.json,dae6e586cda76a62e5942df7c6d03be8ed409a88af41c0fd6daf1ba0b46668a6,True,True,True,719.6405652000103,6,6,6,6,11
A3,RECOVER-10,1835088003,300,299,step_limit,222,24,53,42,95,VETO,VETO,null,null,null,False,defense_recovery_run_a3_run_A3_RECOVER-10_1835088003_audit_attempt1.json,2d45feb5d69bf8566fc78556e441d4e8cacb1e41f379e043e0e5ecf4e2b58b80,True,True,True,722.1038420000114,4,3,3,3,5
A3,RECOVER-10,1835088004,300,299,step_limit,165,43,46,110,156,VETO,VETO,null,null,null,False,defense_recovery_run_a3_run_A3_RECOVER-10_1835088004_audit_attempt1.json,77f9f7d90195c06f646bdc4950479b14d1cbcd48812ce439ef6510bcdf26fe28,True,True,True,710.8752540000132,3,6,6,2,8
A3,RECOVER-10,1835088005,300,299,step_limit,237,18,61,20,81,VETO,NORMAL,null,null,null,True,defense_recovery_run_a3_run_A3_RECOVER-10_1835088005_audit_attempt1.json,3691b295a0412cb5cac3aa6ea082fe3a74df1585987559f2523ff7d70de0cf7b,True,True,True,715.0292761999881,6,2,2,5,6
A3,RECOVER-10,1835088006,300,299,step_limit,162,36,47,121,168,NORMAL,NORMAL,null,null,null,True,defense_recovery_run_a3_run_A3_RECOVER-10_1835088006_audit_attempt1.json,d60e443222bdc54d07ebc13e5a5add1fa22eae54903b4189edb596a046aded71,True,True,True,717.7488965000084,2,5,5,2,5
A3,RECOVER-10,1835088007,300,299,step_limit,292,38,65,71,136,VETO,VETO,null,null,null,False,defense_recovery_run_a3_run_A3_RECOVER-10_1835088007_audit_attempt1.json,cabb70fcb06cda1a2ad048a8b12c0723b8a3971cae974abbb42d9607316fb0fa,True,True,True,717.304354300024,5,5,5,4,9
A3,RECOVER-10,1835088008,300,299,step_limit,199,29,43,66,109,VETO,VETO,null,null,null,True,defense_recovery_run_a3_run_A3_RECOVER-10_1835088008_audit_attempt1.json,f88549fd333b7d823ff288f7d41e423a30d6c50f83de205c783f1c7d3feb9d91,True,True,True,725.5395677000051,3,4,4,2,5
A3,RECOVER-10,1835088009,300,299,step_limit,257,49,55,35,90,NORMAL,NORMAL,null,null,null,False,defense_recovery_run_a3_run_A3_RECOVER-10_1835088009_audit_attempt1.json,78da2c4d438d5ec2a35426f1147f8e681cea0bf48243b623ce0db82b64d0185e,True,True,True,714.5600549000083,5,2,2,5,6
A3,RECOVER-10,1835088010,300,299,step_limit,173,23,59,58,117,NORMAL,NORMAL,null,null,null,True,defense_recovery_run_a3_run_A3_RECOVER-10_1835088010_audit_attempt1.json,dbf0c95724297b69924b5d901b63bae386d6aecd0597e87d24ee668b73cb5b90,True,True,True,734.782901300001,4,4,4,4,6
A3,RECOVER-10,1835088011,300,299,step_limit,277,23,48,32,80,NORMAL,NORMAL,null,null,null,False,defense_recovery_run_a3_run_A3_RECOVER-10_1835088011_audit_attempt1.json,ed243d09d78bdd44e8e7f6f3770da38cdc7fc705afc20be26c124a9709c02612,True,True,True,726.0824972999981,3,2,2,3,3
A3,RECOVER-10,1835088012,300,299,step_limit,249,61,44,84,128,NORMAL,NORMAL,null,null,null,False,defense_recovery_run_a3_run_A3_RECOVER-10_1835088012_audit_attempt1.json,cedd441c3dd8187a58748bc92a209586c981457572f2eaf0d856a6b13632cea6,True,True,True,721.845539300004,3,3,3,3,5
A3,RECOVER-10,1835088013,300,299,step_limit,234,27,48,86,134,VETO,VETO,null,null,null,True,defense_recovery_run_a3_run_A3_RECOVER-10_1835088013_audit_attempt1.json,b72b819d184369b7deb060db6cafdd0a26ebb957b4ae97a05cd8c1193bb098a5,True,True,True,720.6550432999793,4,6,6,3,9
A3,RECOVER-10,1835088014,300,299,step_limit,202,31,56,77,133,VETO,VETO,null,null,null,True,defense_recovery_run_a3_run_A3_RECOVER-10_1835088014_audit_attempt1.json,77c14f2cd2da43185b6bed7aaab26e9c0305fe423156f639b0c18fb4dfb9b96e,True,True,True,722.727003899985,3,6,6,2,8
A3,RECOVER-10,1835088015,300,299,step_limit,299,25,37,58,95,VETO,VETO,null,null,null,True,defense_recovery_run_a3_run_A3_RECOVER-10_1835088015_audit_attempt1.json,11192a93b665329fd05cc1ebea82a39f95e1605e33ee5f14188d6b57d9d6c1c2,True,True,True,714.8746549999923,3,3,3,2,4
A3,RECOVER-10,1835088016,300,299,step_limit,347,23,23,40,63,NORMAL,NORMAL,null,null,null,True,defense_recovery_run_a3_run_A3_RECOVER-10_1835088016_audit_attempt1.json,7b7ff49b322757f39831c4abeafcd3125c6dd38fd183a7cda990da0a049e61ac,True,True,True,718.3242253000208,2,2,2,2,2
A3,RECOVER-10,1835088017,300,299,step_limit,267,38,51,39,90,NORMAL,NORMAL,null,null,null,True,defense_recovery_run_a3_run_A3_RECOVER-10_1835088017_audit_attempt1.json,a504643d27e405d0ad6611d3a3cd1d9f3ccb783dbd38e4d3534649f02075d0f7,True,True,True,713.6509948999737,4,2,2,4,5
A3,RECOVER-10,1835088018,300,299,step_limit,205,25,45,71,116,CONSENSUS,CONSENSUS,null,null,null,True,defense_recovery_run_a3_run_A3_RECOVER-10_1835088018_audit_attempt1.json,7393b1ebb27333183d57c5648776ed036ca5931844c61e0790936a84b970c2e0,True,True,True,710.1907555999933,4,4,3,3,6
A3,RECOVER-10,1835088019,300,299,step_limit,251,25,53,55,108,NORMAL,NORMAL,null,null,null,True,defense_recovery_run_a3_run_A3_RECOVER-10_1835088019_audit_attempt1.json,bd5046503e705069b16221ccff91bef6a84b7b7e04a66fabcd87613e50053444,True,True,True,725.0090466999973,3,4,4,3,5
A3,RECOVER-20,1835088000,300,299,step_limit,274,37,77,84,161,CONSENSUS,CONSENSUS,null,null,null,True,defense_recovery_run_a3_run_A3_RECOVER-20_1835088000_audit_attempt1.json,fc1de2d2cdda35ac67a3e8546a10bb4b23a4f3a8a3d4876b6a16181664a1fd95,True,True,True,716.8853238000011,4,3,2,3,5
A3,RECOVER-20,1835088001,300,299,step_limit,276,16,75,65,140,NORMAL,NORMAL,null,null,null,False,defense_recovery_run_a3_run_A3_RECOVER-20_1835088001_audit_attempt1.json,7304247781ef1ed8a151bc79ea2c07a4cabcc3b2da97c24b9164a1e5fdf9d015,True,True,True,709.2560801999934,3,3,3,3,4
A3,RECOVER-20,1835088002,300,299,step_limit,300,19,90,83,173,VETO,VETO,null,null,null,True,defense_recovery_run_a3_run_A3_RECOVER-20_1835088002_audit_attempt1.json,edc0e8bac7fbfee574635157ae3523c75998a4bf302e442fa4f9a1be5e574850,True,True,True,713.4744601999992,4,3,3,3,5
A3,RECOVER-20,1835088003,300,299,step_limit,338,21,70,40,110,NORMAL,NORMAL,null,null,null,False,defense_recovery_run_a3_run_A3_RECOVER-20_1835088003_audit_attempt1.json,eda2862046e6f5177317e1b38ac1a277d4386dfe2151c51da9104c55f75b8498,True,True,True,712.0126389000216,3,2,2,3,3
A3,RECOVER-20,1835088004,300,299,step_limit,273,45,57,92,149,NORMAL,NORMAL,null,null,null,False,defense_recovery_run_a3_run_A3_RECOVER-20_1835088004_audit_attempt1.json,1d6232f80836ba0b3d578bd7c2abba42f8ffc59e0ccd63da2cdc90c7e115f95e,True,True,True,704.3280659999873,1,2,2,1,1
A3,RECOVER-20,1835088005,300,299,step_limit,196,20,59,85,144,NORMAL,NORMAL,null,null,null,False,defense_recovery_run_a3_run_A3_RECOVER-20_1835088005_audit_attempt1.json,a47197664dcabbc5ca3bd8d5d20b34dce52da1d2a570b24f56f380e1eb06bc03,True,True,True,707.4852916999953,2,3,3,2,3
A3,RECOVER-20,1835088006,300,299,step_limit,309,30,85,73,158,CONSENSUS,CONSENSUS,null,null,null,False,defense_recovery_run_a3_run_A3_RECOVER-20_1835088006_audit_attempt1.json,6ae5e99d70b2d75ed569e8f87c2014c67cbe596ef2b80d7b5f44f63846523259,True,True,True,706.6607151000062,4,4,3,3,6
A3,RECOVER-20,1835088007,300,299,step_limit,220,34,51,66,117,NORMAL,NORMAL,null,null,null,False,defense_recovery_run_a3_run_A3_RECOVER-20_1835088007_audit_attempt1.json,0db42b8f6fefe7f0c879f348ac4d698157b9cf04f9e0afc0f3debccbce08919d,True,True,True,706.0952872000053,1,2,2,1,1
A3,RECOVER-20,1835088008,300,299,step_limit,195,26,28,111,139,CONSENSUS,CONSENSUS,null,null,null,True,defense_recovery_run_a3_run_A3_RECOVER-20_1835088008_audit_attempt1.json,fb149adb73b10ce7cddc2b4e6575b0a05d944d39f159ae7e3d06fb210bad887a,True,True,True,714.9614490999957,2,2,1,1,2
A3,RECOVER-20,1835088009,300,299,step_limit,284,21,57,57,114,NORMAL,NORMAL,null,null,null,False,defense_recovery_run_a3_run_A3_RECOVER-20_1835088009_audit_attempt1.json,14fabfd5729ada34d387e7b5197330ab02aec3fc98b55a46b450a6bdd889ad03,True,True,True,710.8709767999826,2,2,2,2,2
A3,RECOVER-20,1835088010,300,299,step_limit,170,23,19,128,147,VETO,VETO,null,null,null,True,defense_recovery_run_a3_run_A3_RECOVER-20_1835088010_audit_attempt1.json,504bd95ac4894383974910f8e9f43217476bec1c11761955f0b8d35fd139310c,True,True,True,704.0809795000241,1,4,4,0,3
A3,RECOVER-20,1835088011,300,299,step_limit,220,23,60,71,131,VETO,VETO,null,null,null,False,defense_recovery_run_a3_run_A3_RECOVER-20_1835088011_audit_attempt1.json,7f367f14f5cb4ece5b5f452e1788d73b594da176ba252a83e0e516a812630be4,True,True,True,707.5320963999839,3,2,2,2,3
A3,RECOVER-20,1835088012,300,299,step_limit,249,46,38,126,164,NORMAL,NORMAL,null,null,null,False,defense_recovery_run_a3_run_A3_RECOVER-20_1835088012_audit_attempt1.json,9b33adb93f67d8397684d6fe52ce0283695c716664a8253d0d9d797bdf07b620,True,True,True,711.1746357000084,1,2,2,1,1
A3,RECOVER-20,1835088013,300,299,step_limit,177,27,27,140,167,CONSENSUS,CONSENSUS,null,null,null,True,defense_recovery_run_a3_run_A3_RECOVER-20_1835088013_audit_attempt1.json,73bf3e5903a65c2b836c7de69c8e6e5c6b5d37f6bc94c180eea1d1eefd66c779,True,True,True,711.795358000003,2,3,2,1,4
A3,RECOVER-20,1835088014,300,299,step_limit,225,26,75,104,179,VETO,VETO,null,null,null,True,defense_recovery_run_a3_run_A3_RECOVER-20_1835088014_audit_attempt1.json,b2260ca7f24e87c9682ae6e9d183d6c5e88742e99559ba24d28553d1d7445df4,True,True,True,713.2034735000052,4,4,4,3,7
A3,RECOVER-20,1835088015,300,299,step_limit,270,25,24,82,106,NORMAL,NORMAL,null,null,null,True,defense_recovery_run_a3_run_A3_RECOVER-20_1835088015_audit_attempt1.json,b6a4ce3fa4b68a6288ffe111fb676e607a75553d68758fb58b025f0f20cbb272,True,True,True,710.328307000018,1,2,2,1,1
A3,RECOVER-20,1835088016,300,299,step_limit,320,23,22,72,94,NORMAL,NORMAL,null,null,null,True,defense_recovery_run_a3_run_A3_RECOVER-20_1835088016_audit_attempt1.json,81d9c5a50631b8f94504757ce594ea24efbd24ca8d7dbf6ab6e785b096249bf9,True,True,True,715.4148572000267,1,2,2,1,1
A3,RECOVER-20,1835088017,300,299,step_limit,218,25,55,79,134,VETO,VETO,null,null,null,True,defense_recovery_run_a3_run_A3_RECOVER-20_1835088017_audit_attempt1.json,6d8c53870387d4d25e673441b209063d6c5a78e99c9d406cdd25cad30607dbd6,True,True,True,721.6638864999986,3,3,3,2,5
A3,RECOVER-20,1835088018,300,299,step_limit,215,25,25,122,147,VETO,VETO,null,null,null,True,defense_recovery_run_a3_run_A3_RECOVER-20_1835088018_audit_attempt1.json,042f0497220cc1c6cfeb94c1bc8f94100e10964319510ec19c3ceb551d71fea7,True,True,True,714.3438092999859,1,3,3,0,2
A3,RECOVER-20,1835088019,300,299,step_limit,346,28,86,60,146,VETO,VETO,null,null,null,True,defense_recovery_run_a3_run_A3_RECOVER-20_1835088019_audit_attempt1.json,079ec31b99c50bc20654732a57491b603c10c6360237d73b50ea4ece01b42948,True,True,True,719.9307546000055,3,3,3,2,4
A3,RECOVER-40,1835088000,300,299,step_limit,238,31,83,135,218,NORMAL,NORMAL,null,null,null,False,defense_recovery_run_a3_run_A3_RECOVER-40_1835088000_audit_attempt1.json,8543d6dda8605f08fe4d37deb7598534853b95d554df84147a2742c72942a0f3,True,True,True,714.3452771999873,1,2,2,1,1
A3,RECOVER-40,1835088001,300,299,step_limit,252,19,55,110,165,CONSENSUS,CONSENSUS,null,null,null,False,defense_recovery_run_a3_run_A3_RECOVER-40_1835088001_audit_attempt1.json,877bc3866a89f57088294924c22556081556a8aca4754b4d54c2677ed6981771,True,True,True,712.1104703000165,2,3,2,1,3
A3,RECOVER-40,1835088002,300,299,step_limit,336,21,68,137,205,NORMAL,NORMAL,null,null,null,False,defense_recovery_run_a3_run_A3_RECOVER-40_1835088002_audit_attempt1.json,b2b4599a8e0d9b1b5b7ac7607e03626955162c23e9219076c14375e4aa13a320,True,True,True,712.0744658000185,1,2,2,1,1
A3,RECOVER-40,1835088003,300,299,step_limit,280,21,51,120,171,NORMAL,NORMAL,null,null,null,False,defense_recovery_run_a3_run_A3_RECOVER-40_1835088003_audit_attempt1.json,4300942dcafb8fc7f6c7deffc85cb5fe4105a5a6e9a8eb675a53944659b22681,True,True,True,716.4456087999861,1,2,2,1,1
A3,RECOVER-40,1835088004,300,299,step_limit,273,45,38,130,168,VETO,VETO,null,null,null,False,defense_recovery_run_a3_run_A3_RECOVER-40_1835088004_audit_attempt1.json,541668322f8b45c1fa5cdd30f372044913f9d9b7bfc8e57a2a1390b709f97954,True,True,True,717.1475039000215,1,1,1,0,0
A3,RECOVER-40,1835088005,300,299,step_limit,212,20,57,115,172,VETO,VETO,null,null,null,False,defense_recovery_run_a3_run_A3_RECOVER-40_1835088005_audit_attempt1.json,93b26498100c4921ac82d8b8e418bc652bf26e2f99fdac5fb53848bb76cabd29,True,True,True,719.4220107999863,2,1,1,1,1
A3,RECOVER-40,1835088006,300,299,step_limit,314,31,45,106,151,NORMAL,NORMAL,null,null,null,False,defense_recovery_run_a3_run_A3_RECOVER-40_1835088006_audit_attempt1.json,f334235452d457694026c47e74769a27b9f5629ee7a10802c620f4969330d102,True,True,True,713.0668584999803,1,2,2,1,1
A3,RECOVER-40,1835088007,300,299,step_limit,220,34,53,104,157,NORMAL,NORMAL,null,null,null,False,defense_recovery_run_a3_run_A3_RECOVER-40_1835088007_audit_attempt1.json,1d6a1e32fe1df0ad71464f67be6b162656e2e17f6441a31406f7c4b4beda1d0b,True,True,True,713.5310072000138,1,1,1,1,0
A3,RECOVER-40,1835088008,300,299,step_limit,195,26,13,135,148,CONSENSUS,CONSENSUS,null,null,null,True,defense_recovery_run_a3_run_A3_RECOVER-40_1835088008_audit_attempt1.json,dd1ec78da166175574059245bb4f55baf85234c942ce65d8aad7d5b2474cdf22,True,True,True,708.1383138000092,1,2,1,0,1
A3,RECOVER-40,1835088009,300,299,step_limit,267,20,57,106,163,NORMAL,NORMAL,null,null,null,False,defense_recovery_run_a3_run_A3_RECOVER-40_1835088009_audit_attempt1.json,58f5fba6aaa56295bed15682799d5925f9b0ac3704753eabeaab7798c6f402b6,True,True,True,716.3635913999751,1,2,2,1,1
A3,RECOVER-40,1835088010,300,299,step_limit,170,23,1,146,147,CONSENSUS,CONSENSUS,null,null,null,True,defense_recovery_run_a3_run_A3_RECOVER-40_1835088010_audit_attempt1.json,333526f234527bbe419199c6e64e3ff548e098f176f7d21ec5135a2a8318db56,True,True,True,716.5780569000053,1,1,0,0,0
A3,RECOVER-40,1835088011,300,299,step_limit,220,38,73,71,144,VETO,VETO,null,null,null,False,defense_recovery_run_a3_run_A3_RECOVER-40_1835088011_audit_attempt1.json,203050dfc17eef21d5e00e5fbad1045f464f4ac61e0ae489a1bc2154eba2780f,True,True,True,716.1239321999892,2,1,1,1,1
A3,RECOVER-40,1835088012,300,299,step_limit,245,46,25,147,172,VETO,VETO,null,null,null,False,defense_recovery_run_a3_run_A3_RECOVER-40_1835088012_audit_attempt1.json,97e634e891f84105271a3e1ccdedccf60a3e77de5048a94a314d829006674743,True,True,True,716.5508685999957,1,1,1,0,0
A3,RECOVER-40,1835088013,300,299,step_limit,274,23,91,105,196,NORMAL,NORMAL,null,null,null,False,defense_recovery_run_a3_run_A3_RECOVER-40_1835088013_audit_attempt1.json,bcc95d3a018dbc28e425fe3a26cc8be62c2a18d4531c9382e7724401500055ae,True,True,True,715.672780199995,2,1,1,2,2
A3,RECOVER-40,1835088014,300,299,step_limit,206,25,42,144,186,CONSENSUS,CONSENSUS,null,null,null,True,defense_recovery_run_a3_run_A3_RECOVER-40_1835088014_audit_attempt1.json,652863411ec713dce340573159d5964453f34a338f8a70a91cee43cd039eedc4,True,True,True,710.7772591999965,2,1,0,1,2
A3,RECOVER-40,1835088015,300,299,step_limit,247,25,41,105,146,NORMAL,NORMAL,null,null,null,True,defense_recovery_run_a3_run_A3_RECOVER-40_1835088015_audit_attempt1.json,b9a16f473b65e13756dc5e75fed26db4741b7558e249da976b9312fdaf610070,True,True,True,713.5636035000207,1,1,1,1,0
A3,RECOVER-40,1835088016,300,299,step_limit,283,23,41,93,134,NORMAL,NORMAL,null,null,null,True,defense_recovery_run_a3_run_A3_RECOVER-40_1835088016_audit_attempt1.json,628cbddd9decaf4e92688b5a1652f984615e447b7eb58486b079a184a41017ba,True,True,True,723.0454673000204,1,1,1,1,0
A3,RECOVER-40,1835088017,300,299,step_limit,252,45,81,92,173,NORMAL,NORMAL,null,null,null,False,defense_recovery_run_a3_run_A3_RECOVER-40_1835088017_audit_attempt1.json,6b73a4062278aa96508d2e84c885ad3e327a619a6f0957bd3d80650e4de1da96,True,True,True,720.7431917000213,2,1,1,2,2
A3,RECOVER-40,1835088018,300,299,step_limit,215,25,3,144,147,CONSENSUS,CONSENSUS,null,null,null,True,defense_recovery_run_a3_run_A3_RECOVER-40_1835088018_audit_attempt1.json,20a3fd7a16d825b3f8e2292af8f182d661b6bef206571c3b7e6b3b4df31ec3f8,True,True,True,717.6194396000064,1,1,0,0,0
A3,RECOVER-40,1835088019,300,299,step_limit,401,19,56,112,168,NORMAL,NORMAL,null,null,null,False,defense_recovery_run_a3_run_A3_RECOVER-40_1835088019_audit_attempt1.json,05726dcd51ea1258f5ae796251d2053fd5fb4c81ab1010fd00394c5f16d31ca2,True,True,True,720.7650647000119,1,2,2,1,1
H,LATCHED,1835088000,300,299,step_limit,304,18,8,139,147,CONSENSUS,CONSENSUS,150,0,False,True,defense_recovery_run_a3_run_H_LATCHED_1835088000_audit_attempt1.json,f1c0e2b2e2f1a748803562f24d52e86a5d14f70b45d3bdb8e5dda855222a111e,True,True,True,713.6590927999932,1,1,0,0,0
H,LATCHED,1835088001,300,299,step_limit,245,16,36,109,145,CONSENSUS,CONSENSUS,150,0,False,True,defense_recovery_run_a3_run_H_LATCHED_1835088001_audit_attempt1.json,714a4062931ef8e7e19eff33cd875b60fe050604d95807989705044b6b2f7bf1,True,True,True,714.284593599994,1,1,0,0,0
H,LATCHED,1835088002,300,299,step_limit,334,21,7,142,149,CONSENSUS,CONSENSUS,null,null,True,False,defense_recovery_run_a3_run_H_LATCHED_1835088002_audit_attempt1.json,018f97c2e2d035e1871a0ed70c0e0e827bfc1487bf48a480c3f0b27a14461cdc,True,True,True,720.4857546999992,1,1,0,0,0
H,LATCHED,1835088003,300,299,step_limit,303,16,84,61,145,CONSENSUS,CONSENSUS,150,0,False,True,defense_recovery_run_a3_run_H_LATCHED_1835088003_audit_attempt1.json,5f08966d1246eef4e9a5525e7968c59342e65fce59be8d7474066355e5ea031b,True,True,True,714.7205940999847,1,1,0,0,0
H,LATCHED,1835088004,300,299,step_limit,229,27,1,146,147,CONSENSUS,CONSENSUS,150,0,False,True,defense_recovery_run_a3_run_H_LATCHED_1835088004_audit_attempt1.json,426cf231a06465f5805db93df2ca7983708d15dd371239bed86ecc976e7c6233,True,True,True,713.6642815999803,1,1,0,0,0
H,LATCHED,1835088005,300,299,step_limit,256,20,10,135,145,CONSENSUS,CONSENSUS,150,0,False,True,defense_recovery_run_a3_run_H_LATCHED_1835088005_audit_attempt1.json,91cda84997b8a69b159ff148902bd2f3faf71e62ad5178d7424b9bb78b64c813,True,True,True,717.2363366000063,1,1,0,0,0
H,LATCHED,1835088006,300,299,step_limit,264,21,4,143,147,CONSENSUS,CONSENSUS,150,0,False,True,defense_recovery_run_a3_run_H_LATCHED_1835088006_audit_attempt1.json,41e09134aeaa9c0c95a9f85c53e93dec19d148d6d8c727327f7efa28040bad6c,True,True,True,721.5173712000251,1,1,0,0,0
H,LATCHED,1835088007,300,299,step_limit,281,19,143,0,143,VETO,VETO,150,0,False,True,defense_recovery_run_a3_run_H_LATCHED_1835088007_audit_attempt1.json,835348a1d970ba5b259d3b00305e4d7aefad299baba24b023c9498baf204d6a4,True,True,True,719.0757062000048,1,0,0,0,0
H,LATCHED,1835088008,300,299,step_limit,360,14,21,123,144,CONSENSUS,CONSENSUS,150,0,False,True,defense_recovery_run_a3_run_H_LATCHED_1835088008_audit_attempt1.json,2cd3ad731bf1d953b523e9c7edd90d7bdac0cf8f3f9fdb80dda071bb41fbc34a,True,True,True,712.3432487999962,1,1,0,0,0
H,LATCHED,1835088009,300,299,step_limit,247,21,2,143,145,CONSENSUS,CONSENSUS,150,0,False,True,defense_recovery_run_a3_run_H_LATCHED_1835088009_audit_attempt1.json,f26bcf65b476fdd6c83d1d4f93c3df0dd3b2fd3ef1a509a04e5162443cd344ae,True,True,True,713.2688643999863,1,1,0,0,0
H,LATCHED,1835088010,300,299,step_limit,291,19,2,144,146,CONSENSUS,CONSENSUS,150,0,False,True,defense_recovery_run_a3_run_H_LATCHED_1835088010_audit_attempt1.json,b385756d88d623fd90a927f26ff0f0238e2353d70e4c6a4743e7dd3a3d0053c2,True,True,True,778.0914815000142,1,1,0,0,0
H,LATCHED,1835088011,300,299,step_limit,312,17,2,145,147,CONSENSUS,CONSENSUS,150,0,False,True,defense_recovery_run_a3_run_H_LATCHED_1835088011_audit_attempt1.json,4ef470b22ab22c2ff391e196c7bd2f8267093423da435296e0959f1e58376c9c,True,True,True,714.8196181000094,1,1,0,0,0
H,LATCHED,1835088012,300,299,step_limit,317,27,3,145,148,CONSENSUS,CONSENSUS,150,0,False,True,defense_recovery_run_a3_run_H_LATCHED_1835088012_audit_attempt1.json,9ee5c4c75cef2f7334bf273c9e2a129018617569b34cc54cf8afebb9fee65251,True,True,True,718.3757213000208,1,1,0,0,0
H,LATCHED,1835088013,300,299,step_limit,308,20,3,144,147,CONSENSUS,CONSENSUS,150,0,False,True,defense_recovery_run_a3_run_H_LATCHED_1835088013_audit_attempt1.json,88437b1bc56b37ea66a3ff6cd5693ed9ce9a71c59b31747f7b55cf8753524d1f,True,True,True,717.1251660000125,1,1,0,0,0
H,LATCHED,1835088014,300,299,step_limit,261,22,2,145,147,CONSENSUS,CONSENSUS,150,0,False,True,defense_recovery_run_a3_run_H_LATCHED_1835088014_audit_attempt1.json,4fc9e0ec00fd85f358ec10a66d14b22cc1e34b48a28ea9eced59229c2953fc69,True,True,True,714.3243683000037,1,1,0,0,0
H,LATCHED,1835088015,300,299,step_limit,237,26,8,137,145,CONSENSUS,CONSENSUS,150,0,False,True,defense_recovery_run_a3_run_H_LATCHED_1835088015_audit_attempt1.json,135c81de50f0b377a68fa128f545eddd87e37d196babbba6b7bafaff63687199,True,True,True,715.9827272999974,1,1,0,0,0
H,LATCHED,1835088016,300,299,step_limit,307,17,5,139,144,CONSENSUS,CONSENSUS,150,0,False,True,defense_recovery_run_a3_run_H_LATCHED_1835088016_audit_attempt1.json,4001242f30649b443be389fa1ae96ef630a367b55e8a0243e1633c55c240f60b,True,True,True,719.6506761999917,1,1,0,0,0
H,LATCHED,1835088017,300,299,step_limit,278,18,1,144,145,CONSENSUS,CONSENSUS,150,0,False,True,defense_recovery_run_a3_run_H_LATCHED_1835088017_audit_attempt1.json,62e40bded52a56d367e920cdc075b67a2b1908a1253db67fe44cfcfcede0511b,True,True,True,754.7795157000073,1,1,0,0,0
H,LATCHED,1835088018,300,299,step_limit,311,19,1,143,144,CONSENSUS,CONSENSUS,150,0,False,True,defense_recovery_run_a3_run_H_LATCHED_1835088018_audit_attempt1.json,af32ba89caa21ef9d519df3389efaa96d241c66d507264eaa951b8bbe8f31b67,True,True,True,719.6052621000272,1,1,0,0,0
H,LATCHED,1835088019,300,299,step_limit,357,20,11,134,145,CONSENSUS,CONSENSUS,150,0,False,True,defense_recovery_run_a3_run_H_LATCHED_1835088019_audit_attempt1.json,59a91f73a9b6fcaed55bb25760a5b32f1ab36f755c3b7506bdad73893cdfae81,True,True,True,718.8484153000172,1,1,0,0,0
H,OFF,1835088000,300,299,step_limit,239,21,0,0,0,NORMAL,NORMAL,150,0,False,True,defense_recovery_run_a3_run_H_OFF_1835088000_audit_attempt1.json,98ea60870f2714eae81d32b9fa83c56e4083927af4e5932b3d37d7bb4f1f7d1f,True,True,True,712.7923713999917,0,0,0,0,0
H,OFF,1835088001,300,299,step_limit,254,24,0,0,0,NORMAL,NORMAL,150,0,False,True,defense_recovery_run_a3_run_H_OFF_1835088001_audit_attempt1.json,0ddb3370e6b82f63bd2a19913f09fe7b7894e829e14dd8e68e1ebcb39991d310,True,True,True,712.3982059000118,0,0,0,0,0
H,OFF,1835088002,300,299,step_limit,327,30,0,0,0,NORMAL,NORMAL,150,0,False,True,defense_recovery_run_a3_run_H_OFF_1835088002_audit_attempt1.json,5a7b5abcc28ad549223ba4ca6d62e11466aa13403f0a50a2d39527ea2033bdd6,True,True,True,718.1884845999884,0,0,0,0,0
H,OFF,1835088003,300,299,step_limit,262,24,0,0,0,NORMAL,NORMAL,150,0,False,True,defense_recovery_run_a3_run_H_OFF_1835088003_audit_attempt1.json,767dc4894eae7b6b4152eb0b548126ac60b7aba0c7101d26f08d89c15e4584fb,True,True,True,711.4264448000176,0,0,0,0,0
H,OFF,1835088004,300,299,step_limit,286,29,0,0,0,NORMAL,NORMAL,150,0,False,True,defense_recovery_run_a3_run_H_OFF_1835088004_audit_attempt1.json,6eac004604c2d7bfcc25b68533f673c32e805554fbf4ba761899fd3fb1b4a76d,True,True,True,713.4254381999781,0,0,0,0,0
H,OFF,1835088005,300,299,step_limit,207,28,0,0,0,NORMAL,NORMAL,150,0,False,True,defense_recovery_run_a3_run_H_OFF_1835088005_audit_attempt1.json,889b7672cdbebe5e3e2693636c10bb8cf202031b333ddff8e980bbe5fdb0562b,True,True,True,717.7895310000167,0,0,0,0,0
H,OFF,1835088006,300,299,step_limit,199,25,0,0,0,NORMAL,NORMAL,150,0,False,True,defense_recovery_run_a3_run_H_OFF_1835088006_audit_attempt1.json,b541f4d1e02c34907b2a004820bc3394917f7db1be580816a7af6fe44b91e695,True,True,True,717.6909782000002,0,0,0,0,0
H,OFF,1835088007,300,299,step_limit,311,45,0,0,0,NORMAL,NORMAL,150,0,False,True,defense_recovery_run_a3_run_H_OFF_1835088007_audit_attempt1.json,a1474110648c8d3c6d60911887ab4077f97786280b6afc6b9d553d6eb0eed441,True,True,True,714.79513459999,0,0,0,0,0
H,OFF,1835088008,300,299,step_limit,296,23,0,0,0,NORMAL,NORMAL,150,0,False,True,defense_recovery_run_a3_run_H_OFF_1835088008_audit_attempt1.json,59f440818420422d59277eefc5f6e15c97d50e061cee4d82627da72d13b2514b,True,True,True,721.9827676000132,0,0,0,0,0
H,OFF,1835088009,300,299,step_limit,236,28,0,0,0,NORMAL,NORMAL,150,0,False,True,defense_recovery_run_a3_run_H_OFF_1835088009_audit_attempt1.json,be0b41984ca4bb5f81b114528aab28dd13909afdbc74850fd2b1e0561cfc26dc,True,True,True,720.7182046000089,0,0,0,0,0
H,OFF,1835088010,300,299,step_limit,245,27,0,0,0,NORMAL,NORMAL,150,0,False,True,defense_recovery_run_a3_run_H_OFF_1835088010_audit_attempt1.json,63e3d993837f68e115a01088efc847304e9b87582ea8a33cb149285d653612f4,True,True,True,720.054499299993,0,0,0,0,0
H,OFF,1835088011,300,299,step_limit,308,19,0,0,0,NORMAL,NORMAL,150,0,False,True,defense_recovery_run_a3_run_H_OFF_1835088011_audit_attempt1.json,e68c87ea3b5b055255ad891434892fbc263d40451ffe8fd8e240c146df6d3ff6,True,True,True,726.9347010999918,0,0,0,0,0
H,OFF,1835088012,300,299,step_limit,293,26,0,0,0,NORMAL,NORMAL,150,0,False,True,defense_recovery_run_a3_run_H_OFF_1835088012_audit_attempt1.json,868c0ba6103a1f85b6dc2b5fb030a7f0ab6b197162dd56adaf931938175ac26c,True,True,True,711.0579090999963,0,0,0,0,0
H,OFF,1835088013,300,299,step_limit,237,26,0,0,0,NORMAL,NORMAL,150,0,False,True,defense_recovery_run_a3_run_H_OFF_1835088013_audit_attempt1.json,f1209c66bd68f060db34b99849c7b79c53ee6a7a9c98187641707f3f35645c87,True,True,True,724.7121546000126,0,0,0,0,0
H,OFF,1835088014,300,299,step_limit,179,26,0,0,0,NORMAL,NORMAL,150,0,False,True,defense_recovery_run_a3_run_H_OFF_1835088014_audit_attempt1.json,5a6a20178992df9dbe8164ee6f0f9b87074bf9b5add98922cee96f7b0829afda,True,True,True,727.9028604999767,0,0,0,0,0
H,OFF,1835088015,300,299,step_limit,270,27,0,0,0,NORMAL,NORMAL,150,0,False,True,defense_recovery_run_a3_run_H_OFF_1835088015_audit_attempt1.json,cde833b7973c3382a78e939fce105c3aa2cec0cc9391b785042982b4e26d5cf3,True,True,True,715.9599422000174,0,0,0,0,0
H,OFF,1835088016,300,299,step_limit,261,19,0,0,0,NORMAL,NORMAL,150,0,False,True,defense_recovery_run_a3_run_H_OFF_1835088016_audit_attempt1.json,d04650a93dcf8527e10fe77a594e97cd3909299e443c14335c8c6b9eee1eb751,True,True,True,726.6017330999894,0,0,0,0,0
H,OFF,1835088017,300,299,step_limit,244,22,0,0,0,NORMAL,NORMAL,150,0,False,True,defense_recovery_run_a3_run_H_OFF_1835088017_audit_attempt1.json,f07ea2607960b2739cffdf2068993095c16cf447d0ce985d8ae7722edcb78c57,True,True,True,717.075238999998,0,0,0,0,0
H,OFF,1835088018,300,299,step_limit,254,21,0,0,0,NORMAL,NORMAL,150,0,False,True,defense_recovery_run_a3_run_H_OFF_1835088018_audit_attempt1.json,e11c23696f7c1d165b9a148bdff683af276ae69550f1edbbd51eb4f67033ff04,True,True,True,733.5207515000075,0,0,0,0,0
H,OFF,1835088019,300,299,step_limit,269,25,0,0,0,NORMAL,NORMAL,150,0,False,True,defense_recovery_run_a3_run_H_OFF_1835088019_audit_attempt1.json,12ed1e792f225220050e88fcdda26b10abaa669068a6e49dec5a0ab0512b9678,True,True,True,717.1753407999931,0,0,0,0,0
H,RECOVER-10,1835088000,300,299,step_limit,269,18,38,11,49,NORMAL,NORMAL,150,0,False,True,defense_recovery_run_a3_run_H_RECOVER-10_1835088000_audit_attempt1.json,90e9d6da351dce9ec5ddbf62d4bd64bebf721dcfe519d3f848e33a3da5c9b35d,True,True,True,713.5086182999949,3,1,1,3,2
H,RECOVER-10,1835088001,300,299,step_limit,256,31,35,13,48,NORMAL,NORMAL,150,0,False,True,defense_recovery_run_a3_run_H_RECOVER-10_1835088001_audit_attempt1.json,7833131acfea0ea82d0e12c4507a504b12c352622235a35dccd7b981a1245972,True,True,True,722.862062500004,3,1,1,3,3
H,RECOVER-10,1835088002,300,299,step_limit,290,22,27,10,37,NORMAL,NORMAL,177,27,False,False,defense_recovery_run_a3_run_H_RECOVER-10_1835088002_audit_attempt1.json,d413ab61eb367dbd78a5100d7c9314d66e3561ce629856cc8b243799e440dd18,True,True,True,718.2110098999983,2,1,1,2,1
H,RECOVER-10,1835088003,300,299,step_limit,280,29,30,0,30,NORMAL,NORMAL,150,0,False,True,defense_recovery_run_a3_run_H_RECOVER-10_1835088003_audit_attempt1.json,964bbeca9ee12e83a36b1dff69dac398c52044c9a3c1a3b7403db8e247af5b4a,True,True,True,721.5257940999873,3,0,0,3,2
H,RECOVER-10,1835088004,300,299,step_limit,318,39,42,35,77,NORMAL,NORMAL,150,0,False,True,defense_recovery_run_a3_run_H_RECOVER-10_1835088004_audit_attempt1.json,a2f44cdddff22cb2a43ce1c3139d33bf9bcf85fdb90bf8bd73f2882012aef31d,True,True,True,723.1722720999969,3,3,3,3,4
H,RECOVER-10,1835088005,300,299,step_limit,179,32,50,11,61,NORMAL,NORMAL,150,0,False,True,defense_recovery_run_a3_run_H_RECOVER-10_1835088005_audit_attempt1.json,8adf7e9da34c1f7e8df59c39bb12d461c4e8e2890806e1f87a00a812b47dd067,True,True,True,739.4433633000008,4,1,1,4,3
H,RECOVER-10,1835088006,300,299,step_limit,251,21,31,24,55,NORMAL,NORMAL,150,0,False,True,defense_recovery_run_a3_run_H_RECOVER-10_1835088006_audit_attempt1.json,c290e7a40a76e2b1de2d044c801b53a9ba9c009b9bb1f94cc0f8a91199e80eca,True,True,True,721.9012488000153,2,2,2,2,2
H,RECOVER-10,1835088007,300,299,step_limit,277,20,24,10,34,NORMAL,NORMAL,150,0,False,True,defense_recovery_run_a3_run_H_RECOVER-10_1835088007_audit_attempt1.json,6c9811043c8e98608ed2bb30d93c4933437c3217fb471b82e7f8e3dc799cf320,True,True,True,722.3857815999945,2,1,1,2,2
H,RECOVER-10,1835088008,300,299,step_limit,258,14,39,10,49,NORMAL,NORMAL,150,0,False,True,defense_recovery_run_a3_run_H_RECOVER-10_1835088008_audit_attempt1.json,9707010d2bc1c0296135fc1c45340c22b583f2d697387b149b784bea174d2184,True,True,True,717.6702285000065,3,1,1,3,3
H,RECOVER-10,1835088009,300,299,step_limit,236,21,45,48,93,NORMAL,NORMAL,150,0,False,True,defense_recovery_run_a3_run_H_RECOVER-10_1835088009_audit_attempt1.json,dda2063d589f4ca1404797382293f4c0caf866ed8e6ae5a6775c8a34aed38742,True,True,True,722.4868129999959,3,4,4,3,5
H,RECOVER-10,1835088010,300,299,step_limit,289,25,14,25,39,NORMAL,NORMAL,150,0,False,True,defense_recovery_run_a3_run_H_RECOVER-10_1835088010_audit_attempt1.json,71650ff0bdd3904130c546c61130bb16871f994ee269eecb587616f2979ece6b,True,True,True,720.0920619000099,1,2,2,1,1
H,RECOVER-10,1835088011,300,299,step_limit,280,17,32,12,44,NORMAL,NORMAL,150,0,False,True,defense_recovery_run_a3_run_H_RECOVER-10_1835088011_audit_attempt1.json,cafde64554c17275a9565270f0d5c9296743b0e2b0e344eb6dfbf32edbd758db,True,True,True,724.3274251999974,3,1,1,3,2
H,RECOVER-10,1835088012,300,299,step_limit,272,29,23,20,43,NORMAL,NORMAL,150,0,False,True,defense_recovery_run_a3_run_H_RECOVER-10_1835088012_audit_attempt1.json,718649c52699878a743f260f8dd0e4715acf4dfe683e2d3136229a5b60e4de60,True,True,True,715.9894177000097,2,1,1,2,1
H,RECOVER-10,1835088013,300,299,step_limit,219,20,23,21,44,NORMAL,NORMAL,150,0,False,True,defense_recovery_run_a3_run_H_RECOVER-10_1835088013_audit_attempt1.json,08545b635e6c407ba24f4b0aba9e1a64a83f606d4338ba1f2f0b017a995d7a91,True,True,True,715.8044808999985,2,1,1,2,1
H,RECOVER-10,1835088014,300,299,step_limit,247,22,40,41,81,NORMAL,NORMAL,150,0,False,True,defense_recovery_run_a3_run_H_RECOVER-10_1835088014_audit_attempt1.json,132f642bd01ce6bc5557f1fd3863cd56e0a2c96377c444b12202938701a85b59,True,True,True,714.8281722000102,3,4,4,3,5
H,RECOVER-10,1835088015,300,299,step_limit,306,26,42,20,62,NORMAL,NORMAL,150,0,False,True,defense_recovery_run_a3_run_H_RECOVER-10_1835088015_audit_attempt1.json,cf055bd478d55ab46e050a476c75d7be33030ec182d100334177696b193ccbb9,True,True,True,708.1873963999969,3,2,2,3,3
H,RECOVER-10,1835088016,300,299,step_limit,241,27,25,10,35,NORMAL,NORMAL,150,0,False,True,defense_recovery_run_a3_run_H_RECOVER-10_1835088016_audit_attempt1.json,b78dc742bdca30da2c64f90d600a14b242834c068cd3fbc17f85f8e9a8904cf7,True,True,True,716.5167156000098,2,1,1,2,1
H,RECOVER-10,1835088017,300,299,step_limit,301,23,39,20,59,NORMAL,NORMAL,150,0,False,True,defense_recovery_run_a3_run_H_RECOVER-10_1835088017_audit_attempt1.json,be23e01b4cde75fa9709dc460409fac5a6a6472804acdf43374a06fcab4a73e7,True,True,True,729.5583937999909,3,2,2,3,3
H,RECOVER-10,1835088018,300,299,step_limit,339,29,41,18,59,NORMAL,NORMAL,150,0,False,True,defense_recovery_run_a3_run_H_RECOVER-10_1835088018_audit_attempt1.json,43500dfbf8e49d79d829071e966be2cf518aad5f5df88e451f0bf4753d78ee54,True,True,True,720.0074765000027,4,1,1,4,3
H,RECOVER-10,1835088019,300,299,step_limit,338,21,25,20,45,NORMAL,NORMAL,150,0,False,True,defense_recovery_run_a3_run_H_RECOVER-10_1835088019_audit_attempt1.json,ec9b2bcc07deea1445fe269de87567101cf17d7688f721c3a321e6583856aa59,True,True,True,709.1552418000065,2,2,2,2,3
H,RECOVER-20,1835088000,300,299,step_limit,276,18,38,41,79,NORMAL,NORMAL,150,0,False,True,defense_recovery_run_a3_run_H_RECOVER-20_1835088000_audit_attempt1.json,782237254a4bb8beadb156a5025e90915534e9cbfac991227302f4a6e5b0e2de,True,True,True,716.01146899999,1,2,2,1,1
H,RECOVER-20,1835088001,300,299,step_limit,274,44,60,0,60,NORMAL,NORMAL,150,0,False,True,defense_recovery_run_a3_run_H_RECOVER-20_1835088001_audit_attempt1.json,c0036a643b409ef6a0b1e55c4f1a6ee1b68867b81790776c416ab0ad7ad96c70,True,True,True,711.1093397999939,3,0,0,3,2
H,RECOVER-20,1835088002,300,299,step_limit,273,27,39,40,79,NORMAL,NORMAL,229,79,False,False,defense_recovery_run_a3_run_H_RECOVER-20_1835088002_audit_attempt1.json,652395fa14d95325017e2cb4b1a2a20490904100629092db9caf60a437da18b3,True,True,True,715.6109643000236,1,2,2,1,1
H,RECOVER-20,1835088003,300,299,step_limit,363,16,20,0,20,NORMAL,NORMAL,150,0,False,True,defense_recovery_run_a3_run_H_RECOVER-20_1835088003_audit_attempt1.json,f53d089f8a7c3d81111453ebb5a6a685d0933f5f9194ba1760cc72e55a3bb4a9,True,True,True,710.5896046999842,1,0,0,1,0
H,RECOVER-20,1835088004,300,299,step_limit,242,28,23,76,99,NORMAL,NORMAL,150,0,False,True,defense_recovery_run_a3_run_H_RECOVER-20_1835088004_audit_attempt1.json,0c059714f42880c74a4f4fd5dcf1f2897af896be5b4e70e5bec31c9487a76afe,True,True,True,711.0451901000051,1,2,2,1,1
H,RECOVER-20,1835088005,300,299,step_limit,241,20,53,41,94,NORMAL,NORMAL,150,0,False,True,defense_recovery_run_a3_run_H_RECOVER-20_1835088005_audit_attempt1.json,887c647eed163ca32f4c56bdff3afcf60d519b7cf509df46f07d78ccee371121,True,True,True,713.0320234000101,2,2,2,2,2
H,RECOVER-20,1835088006,300,299,step_limit,253,22,38,41,79,VETO,VETO,150,0,False,True,defense_recovery_run_a3_run_H_RECOVER-20_1835088006_audit_attempt1.json,704252a25cc9c22114982608ba9bd24d641b544f9f44e42984cf99efbe203b79,True,True,True,715.7304606999969,2,1,1,1,1
H,RECOVER-20,1835088007,300,299,step_limit,277,19,33,20,53,VETO,VETO,150,0,False,True,defense_recovery_run_a3_run_H_RECOVER-20_1835088007_audit_attempt1.json,2dfd0debd4adb293aece75dba75b86eee0ef2a7a135fdac601a517c0c4568597,True,True,True,725.2664193999954,2,1,1,1,2
H,RECOVER-20,1835088008,300,299,step_limit,260,14,40,0,40,NORMAL,NORMAL,150,0,False,True,defense_recovery_run_a3_run_H_RECOVER-20_1835088008_audit_attempt1.json,0f174c39717ddde2246bc88f5e7966ce90606a39f910ad9e7f1baf95d12bc070,True,True,True,720.5364202999917,2,0,0,2,1
H,RECOVER-20,1835088009,300,299,step_limit,267,21,28,61,89,NORMAL,NORMAL,150,0,False,True,defense_recovery_run_a3_run_H_RECOVER-20_1835088009_audit_attempt1.json,7a201c68513dec56e341920360be314221ea08a9829bb6fb1dfba281325a5230,True,True,True,718.6993101999979,1,2,2,1,1
H,RECOVER-20,1835088010,300,299,step_limit,289,25,22,37,59,NORMAL,NORMAL,150,0,False,True,defense_recovery_run_a3_run_H_RECOVER-20_1835088010_audit_attempt1.json,6c32008fd1310ef6163995f3697425703b8dd4703c2b2e011c2cde5b589eaef0,True,True,True,716.8414774999837,1,1,1,1,0
H,RECOVER-20,1835088011,300,299,step_limit,360,17,23,42,65,NORMAL,NORMAL,150,0,False,True,defense_recovery_run_a3_run_H_RECOVER-20_1835088011_audit_attempt1.json,c1a23a2b7b1ba331bd07f0aaed9ab3bf6463d3c6c452afe504cabddd6bebf416,True,True,True,715.4763426999853,1,2,2,1,1
H,RECOVER-20,1835088012,300,299,step_limit,242,41,43,30,73,NORMAL,NORMAL,150,0,False,True,defense_recovery_run_a3_run_H_RECOVER-20_1835088012_audit_attempt1.json,59ead32c7d6bbfc89b6bd824e69e06931e93949ead98feac9eac51cb465e491e,True,True,True,714.629047399998,2,1,1,2,1
H,RECOVER-20,1835088013,300,299,step_limit,257,20,43,31,74,NORMAL,NORMAL,150,0,False,True,defense_recovery_run_a3_run_H_RECOVER-20_1835088013_audit_attempt1.json,9284acf22a7d7c91b024b98a405b7d738854668134ebed423c9b6a9ae0d28c13,True,True,True,720.4428365000058,2,1,1,2,1
H,RECOVER-20,1835088014,300,299,step_limit,242,22,31,79,110,NORMAL,NORMAL,150,0,False,True,defense_recovery_run_a3_run_H_RECOVER-20_1835088014_audit_attempt1.json,467e728c04eb13466ae6551db6687fda6827bb70a8eb1543232295fd83a39a96,True,True,True,717.0427767000219,1,2,2,1,1
H,RECOVER-20,1835088015,300,299,step_limit,235,26,49,60,109,NORMAL,NORMAL,150,0,False,True,defense_recovery_run_a3_run_H_RECOVER-20_1835088015_audit_attempt1.json,203164f195dfa358832c22fc31ec53c55375447d303f5bef56b456b8ae44dcfe,True,True,True,715.2695374999894,1,3,3,1,2
H,RECOVER-20,1835088016,300,299,step_limit,346,20,25,20,45,NORMAL,NORMAL,150,0,False,True,defense_recovery_run_a3_run_H_RECOVER-20_1835088016_audit_attempt1.json,3259508c03e65a367736c8007f5d8134fbe902e6338d6f48bb5a24f807e6fd48,True,True,True,730.6472649999778,1,1,1,1,0
H,RECOVER-20,1835088017,300,299,step_limit,264,18,49,58,107,NORMAL,NORMAL,150,0,False,True,defense_recovery_run_a3_run_H_RECOVER-20_1835088017_audit_attempt1.json,dc50cd3e9d469fe7f0dece23d584c2ce75f6714759238c5f928a66f5c452c03f,True,True,True,711.4653480999987,2,2,2,2,2
H,RECOVER-20,1835088018,300,299,step_limit,307,19,35,48,83,NORMAL,NORMAL,150,0,False,True,defense_recovery_run_a3_run_H_RECOVER-20_1835088018_audit_attempt1.json,df2de3b65796f35282096ae6802cc24eb3c93f2184395cb22b6eb709f8b73353,True,True,True,722.7876561000012,1,2,2,1,1
H,RECOVER-20,1835088019,300,299,step_limit,317,20,31,35,66,NORMAL,NORMAL,150,0,False,True,defense_recovery_run_a3_run_H_RECOVER-20_1835088019_audit_attempt1.json,5cda5aba23e6f3e7ba4171e3960d6bbeeb5208c38112b58f64fb2ca795d5eccb,True,True,True,719.8105132999772,1,1,1,1,0
H,RECOVER-40,1835088000,300,299,step_limit,314,18,48,71,119,NORMAL,NORMAL,150,0,False,True,defense_recovery_run_a3_run_H_RECOVER-40_1835088000_audit_attempt1.json,663c1f9a44c6480f69657244398b5d9cbde8c7badb4befd71a330bd8ac50d355,True,True,True,720.1206392000022,1,1,1,1,0
H,RECOVER-40,1835088001,300,299,step_limit,259,16,76,40,116,NORMAL,NORMAL,150,0,False,True,defense_recovery_run_a3_run_H_RECOVER-40_1835088001_audit_attempt1.json,34f6dc9904b18e65eb9f43d03b4fd34568f9f169d208b74692ce39ebd7bae98f,True,True,True,731.2670324000064,1,1,1,1,0
H,RECOVER-40,1835088002,300,299,step_limit,321,21,47,72,119,NORMAL,NORMAL,269,119,False,False,defense_recovery_run_a3_run_H_RECOVER-40_1835088002_audit_attempt1.json,d5ec86762a7c5236d05c2ccb08211e867c86a60cee7bf5a24a1dfc000b07b758,True,True,True,743.6495835999958,1,1,1,1,0
H,RECOVER-40,1835088003,300,299,step_limit,270,16,80,0,80,NORMAL,NORMAL,150,0,False,True,defense_recovery_run_a3_run_H_RECOVER-40_1835088003_audit_attempt1.json,2c1ee657b04b76e7e00e75a9706c8ff496e13e8520343a5270697293707f76dc,True,True,True,725.737380400009,2,0,0,2,1
H,RECOVER-40,1835088004,300,299,step_limit,227,27,41,98,139,NORMAL,NORMAL,150,0,False,True,defense_recovery_run_a3_run_H_RECOVER-40_1835088004_audit_attempt1.json,062140da47ba49c07f918415cae29ac9db949395babca0b042884e4178033fd6,True,True,True,720.5431968000194,1,1,1,1,0
H,RECOVER-40,1835088005,300,299,step_limit,256,20,41,104,145,VETO,VETO,150,0,False,True,defense_recovery_run_a3_run_H_RECOVER-40_1835088005_audit_attempt1.json,4385e42163f1c00b40b79d651c2ae897d0c59c29fedfbae2a6d44a2147fffcb6,True,True,True,728.6381005000148,1,2,2,0,1
H,RECOVER-40,1835088006,300,299,step_limit,211,21,44,61,105,NORMAL,NORMAL,150,0,False,True,defense_recovery_run_a3_run_H_RECOVER-40_1835088006_audit_attempt1.json,7ef6a74d7da663e31d1c824336c908d6a81b89b9300ff8fe80c3bfedb4cda882,True,True,True,720.7337043999869,1,1,1,1,0
H,RECOVER-40,1835088007,300,299,step_limit,309,19,40,0,40,NORMAL,NORMAL,150,0,False,True,defense_recovery_run_a3_run_H_RECOVER-40_1835088007_audit_attempt1.json,0c8b7429383dee6b7e36c70044a351e8d2f77e89964173387c1bcd3cbfefb3f3,True,True,True,721.7677186999936,1,0,0,1,0
H,RECOVER-40,1835088008,300,299,step_limit,349,14,61,40,101,NORMAL,NORMAL,150,0,False,True,defense_recovery_run_a3_run_H_RECOVER-40_1835088008_audit_attempt1.json,4c63fdcbdf766e5cf6320198d9674d3ee51acc7b7e7ebfcd912921dad6b82291,True,True,True,717.982240900019,1,1,1,1,0
H,RECOVER-40,1835088009,300,299,step_limit,247,21,42,87,129,NORMAL,NORMAL,150,0,False,True,defense_recovery_run_a3_run_H_RECOVER-40_1835088009_audit_attempt1.json,968b2b4ddbebf29509eed79fb1d54c610176a63dd5f71d78e9de451c3768f359,True,True,True,725.5190219999931,1,1,1,1,0
H,RECOVER-40,1835088010,300,299,step_limit,307,19,42,57,99,NORMAL,NORMAL,150,0,False,True,defense_recovery_run_a3_run_H_RECOVER-40_1835088010_audit_attempt1.json,62d4ca19462fc30b98600636367370a4e9741e2cbc88147ef10d9598cd1d65c5,True,True,True,716.761170999991,1,1,1,1,0
H,RECOVER-40,1835088011,300,299,step_limit,316,17,42,63,105,NORMAL,NORMAL,150,0,False,True,defense_recovery_run_a3_run_H_RECOVER-40_1835088011_audit_attempt1.json,3ee24c9befbe194c37be616561d3496bf5359dc5c988d2a50e020a839f6051ff,True,True,True,715.1202868999972,1,1,1,1,0
H,RECOVER-40,1835088012,300,299,step_limit,260,27,43,50,93,NORMAL,NORMAL,150,0,False,True,defense_recovery_run_a3_run_H_RECOVER-40_1835088012_audit_attempt1.json,c7e5cdd6459244fbfb4542a6206ab298272e54bde42b7a50efbf39161b551e56,True,True,True,736.8710849000199,1,1,1,1,0
H,RECOVER-40,1835088013,300,299,step_limit,346,20,43,51,94,NORMAL,NORMAL,150,0,False,True,defense_recovery_run_a3_run_H_RECOVER-40_1835088013_audit_attempt1.json,b3ae89386e3b29f1479b97803ae0195f5a6d868890baf72516a0f2c84ee77787,True,True,True,723.9182557000022,1,1,1,1,0
H,RECOVER-40,1835088014,300,299,step_limit,261,22,39,108,147,VETO,VETO,150,0,False,True,defense_recovery_run_a3_run_H_RECOVER-40_1835088014_audit_attempt1.json,dd388d0bb3c17c54e3173fe6b6dc4736f979546ac4b7df9f62fdf370c16ede8c,True,True,True,725.4772689999954,1,1,1,0,0
H,RECOVER-40,1835088015,300,299,step_limit,237,26,44,101,145,VETO,VETO,150,0,False,True,defense_recovery_run_a3_run_H_RECOVER-40_1835088015_audit_attempt1.json,e0f6014e729623cd891d6226c17dbcce71730e935b820b4be0b73dadbf199324,True,True,True,723.5424074999755,1,1,1,0,0
H,RECOVER-40,1835088016,300,299,step_limit,346,17,45,40,85,NORMAL,NORMAL,150,0,False,True,defense_recovery_run_a3_run_H_RECOVER-40_1835088016_audit_attempt1.json,59591e1eba7827035c7117c56820eea099543589a8b2bd9311e07ca989a2ac70,True,True,True,733.4054924999946,1,1,1,1,0
H,RECOVER-40,1835088017,300,299,step_limit,278,18,41,86,127,NORMAL,NORMAL,150,0,False,True,defense_recovery_run_a3_run_H_RECOVER-40_1835088017_audit_attempt1.json,8dd10857f8b8fa3becb8d2332a8557fd1a1b25ad9184c003b438266d5e649c13,True,True,True,720.208805399976,1,1,1,1,0
H,RECOVER-40,1835088018,300,299,step_limit,291,19,41,82,123,NORMAL,NORMAL,150,0,False,True,defense_recovery_run_a3_run_H_RECOVER-40_1835088018_audit_attempt1.json,05117418b8eba056602729fc9e852c00e56d21000035c8719e68a6a6d35c7e45,True,True,True,724.1096644999925,1,1,1,1,0
H,RECOVER-40,1835088019,300,299,step_limit,318,20,51,55,106,NORMAL,NORMAL,150,0,False,True,defense_recovery_run_a3_run_H_RECOVER-40_1835088019_audit_attempt1.json,ac275b692b02539413b4579c94b8d5853c22f26098f53e84ac7bf14ee1dee298,True,True,True,722.6791472000186,1,1,1,1,0
M1,LATCHED,1835088000,300,299,step_limit,227,44,17,202,219,CONSENSUS,CONSENSUS,null,null,null,False,defense_recovery_run_a3_run_M1_LATCHED_1835088000_audit_attempt1.json,c93c405f04eddabd51a0e9633e7ff2b06b1d135957de85253c27ee893831a88c,True,True,True,725.2116289999976,1,1,0,0,0
M1,LATCHED,1835088001,300,299,step_limit,312,20,3,213,216,CONSENSUS,CONSENSUS,null,null,null,False,defense_recovery_run_a3_run_M1_LATCHED_1835088001_audit_attempt1.json,052dce0388942be82a6bbcc1874d07b4af38fe64019b91082c25efe50e9f1730,True,True,True,723.7843873000238,1,1,0,0,0
M1,LATCHED,1835088002,300,299,step_limit,299,20,10,224,234,CONSENSUS,CONSENSUS,null,null,null,False,defense_recovery_run_a3_run_M1_LATCHED_1835088002_audit_attempt1.json,0f8a811d1ea481ef8a9c940242b4fb09909b0c3e91459c3fb9b29c0837477d7f,True,True,True,728.0127425999963,1,1,0,0,0
M1,LATCHED,1835088003,300,299,step_limit,290,19,3,231,234,CONSENSUS,CONSENSUS,null,null,null,False,defense_recovery_run_a3_run_M1_LATCHED_1835088003_audit_attempt1.json,a465b427d8bfe0b5d3361266163b1ae1c6d2d865e40fe0283b42786e13e808ae,True,True,True,741.7535888999992,1,1,0,0,0
M1,LATCHED,1835088004,300,299,step_limit,261,43,12,213,225,CONSENSUS,CONSENSUS,null,null,null,False,defense_recovery_run_a3_run_M1_LATCHED_1835088004_audit_attempt1.json,7d4e6c515b9583379a0abd4efb9e9783c068ec544a4ab832aee50f5e373f7263,True,True,True,732.2310475000122,1,1,0,0,0
M1,LATCHED,1835088005,300,299,step_limit,297,6,150,87,237,CONSENSUS,CONSENSUS,null,null,null,False,defense_recovery_run_a3_run_M1_LATCHED_1835088005_audit_attempt1.json,e722ae7886ce17f80b4dd0c267da7bb341e0dc5fab4e94e48b1c4f4627341608,True,True,True,734.3882105000084,1,1,0,0,0
M1,LATCHED,1835088006,300,299,step_limit,243,40,4,219,223,CONSENSUS,CONSENSUS,null,null,null,False,defense_recovery_run_a3_run_M1_LATCHED_1835088006_audit_attempt1.json,c30aa15135e443e3a1f51ea3d45fdb45d33f04b4c3db60cd6a080e2693bbd370,True,True,True,731.1264776999888,1,1,0,0,0
M1,LATCHED,1835088007,300,299,step_limit,274,29,9,218,227,CONSENSUS,CONSENSUS,null,null,null,False,defense_recovery_run_a3_run_M1_LATCHED_1835088007_audit_attempt1.json,3a394f34a0036ec3db03502f39ec6e132e3f1ea8206ce9c6cd998d4e4b3dac88,True,True,True,724.8512839000032,1,1,0,0,0
M1,LATCHED,1835088008,300,299,step_limit,236,19,92,145,237,CONSENSUS,CONSENSUS,null,null,null,False,defense_recovery_run_a3_run_M1_LATCHED_1835088008_audit_attempt1.json,01abb40785bfb468770ee7f3b74f7fdd09db4a1c62eed8b1b6af0c848eabb76a,True,True,True,718.9991045999923,1,1,0,0,0
M1,LATCHED,1835088009,300,299,step_limit,312,21,4,219,223,CONSENSUS,CONSENSUS,null,null,null,False,defense_recovery_run_a3_run_M1_LATCHED_1835088009_audit_attempt1.json,f0783e67bd128f90bafc93555096de0dbd681259a97e92c4ce92076cfa416088,True,True,True,720.1126223000174,1,1,0,0,0
M1,LATCHED,1835088010,300,299,step_limit,337,19,3,231,234,CONSENSUS,CONSENSUS,null,null,null,False,defense_recovery_run_a3_run_M1_LATCHED_1835088010_audit_attempt1.json,ab51246732e55cbd0ce0f9aefb929ef7cde4f39d884efc703284b837176ba862,True,True,True,726.46407799999,1,1,0,0,0
M1,LATCHED,1835088011,300,299,step_limit,264,17,72,147,219,CONSENSUS,CONSENSUS,null,null,null,False,defense_recovery_run_a3_run_M1_LATCHED_1835088011_audit_attempt1.json,2115aeca5287a5c13cb615a9d3ca7f2d7d7238d4f339191653072dd505d40308,True,True,True,717.5541155999817,1,1,0,0,0
M1,LATCHED,1835088012,300,299,step_limit,197,34,3,219,222,CONSENSUS,CONSENSUS,null,null,null,False,defense_recovery_run_a3_run_M1_LATCHED_1835088012_audit_attempt1.json,88d98ad1f6abb8d8277871cd15388a050ec99eb40169b3458ab938a109755922,True,True,True,712.8775994000025,1,1,0,0,0
M1,LATCHED,1835088013,300,299,step_limit,175,18,8,218,226,CONSENSUS,CONSENSUS,null,null,null,False,defense_recovery_run_a3_run_M1_LATCHED_1835088013_audit_attempt1.json,ef7ca800f47daeb98cc492a8e7c17aea7882019aa6318fbf9d8ec43cd61f52f0,True,True,True,713.2136374999827,1,1,0,0,0
M1,LATCHED,1835088014,300,299,step_limit,292,46,16,212,228,CONSENSUS,CONSENSUS,null,null,null,False,defense_recovery_run_a3_run_M1_LATCHED_1835088014_audit_attempt1.json,ea7e36d371263a14ab4647bad5a1774f22ff655178ec16c25704549369921f7f,True,True,True,710.7816716000088,1,1,0,0,0
M1,LATCHED,1835088015,300,299,step_limit,294,48,55,171,226,CONSENSUS,CONSENSUS,null,null,null,False,defense_recovery_run_a3_run_M1_LATCHED_1835088015_audit_attempt1.json,319204ae46faa1d39570d2ab6e571a19eea9ee3cee70e5bb196fd55502eb04a2,True,True,True,719.7542287000106,1,1,0,0,0
M1,LATCHED,1835088016,300,299,step_limit,245,29,67,148,215,CONSENSUS,CONSENSUS,null,null,null,False,defense_recovery_run_a3_run_M1_LATCHED_1835088016_audit_attempt1.json,2b517a559b4bc4717559fa05f6c77788b76eba8753a842c33581215a4661c1b5,True,True,True,722.1514155000041,1,1,0,0,0
M1,LATCHED,1835088017,300,299,step_limit,263,20,2,228,230,CONSENSUS,CONSENSUS,null,null,null,False,defense_recovery_run_a3_run_M1_LATCHED_1835088017_audit_attempt1.json,c6aa0c1648a15f8206142b6597a768c622521e2bd800c0439a37b44047925ac8,True,True,True,740.205537700007,1,1,0,0,0
M1,LATCHED,1835088018,300,299,step_limit,319,21,89,148,237,CONSENSUS,CONSENSUS,null,null,null,False,defense_recovery_run_a3_run_M1_LATCHED_1835088018_audit_attempt1.json,29ce891fc5c2ed7db09386eadb26dfba615fb8a2890937999a4be6ec24ffeaac,True,True,True,708.3695001000015,1,1,0,0,0
M1,LATCHED,1835088019,300,299,step_limit,283,27,11,206,217,CONSENSUS,CONSENSUS,null,null,null,False,defense_recovery_run_a3_run_M1_LATCHED_1835088019_audit_attempt1.json,aa6c44d26ac9e69414137a5f603c8d9979621340e95924b8becf33cb69eae265,True,True,True,708.943818300002,1,1,0,0,0
M1,OFF,1835088000,227,226,extinction,0,142,0,0,0,NORMAL,NORMAL,null,null,null,True,defense_recovery_run_a3_run_M1_OFF_1835088000_audit_attempt1.json,56ec2ba1fab59dd47aa2962d92e65e1364677357ff2c316977ac751107de1325,True,True,True,536.24116830001,0,0,0,0,0
M1,OFF,1835088001,253,252,extinction,0,157,0,0,0,NORMAL,NORMAL,null,null,null,True,defense_recovery_run_a3_run_M1_OFF_1835088001_audit_attempt1.json,782fefaede42430f4e53d903748329c6ff69c241379f5fb5bfaf963c57aa0fe3,True,True,True,604.3248945999949,0,0,0,0,0
M1,OFF,1835088002,195,194,extinction,0,97,0,0,0,NORMAL,NORMAL,null,null,null,True,defense_recovery_run_a3_run_M1_OFF_1835088002_audit_attempt1.json,21041bcd40db6c28718835ee4d815d13e9c806db8c7bfb42469fb260931863fc,True,True,True,469.99195679998957,0,0,0,0,0
M1,OFF,1835088003,203,202,extinction,0,118,0,0,0,NORMAL,NORMAL,null,null,null,True,defense_recovery_run_a3_run_M1_OFF_1835088003_audit_attempt1.json,79bff28ed7fc26d2d68bc5e0689e23cf9c99dd7373a3162871af06f55bf51a70,True,True,True,482.40136589997564,0,0,0,0,0
M1,OFF,1835088004,209,208,extinction,0,124,0,0,0,NORMAL,NORMAL,null,null,null,True,defense_recovery_run_a3_run_M1_OFF_1835088004_audit_attempt1.json,19d082a642ba9b659395ff5c1c891ce6fa7cdf09349f064ba74c629ce1e3e83e,True,True,True,495.9073262999882,0,0,0,0,0
M1,OFF,1835088005,235,234,extinction,0,153,0,0,0,NORMAL,NORMAL,null,null,null,True,defense_recovery_run_a3_run_M1_OFF_1835088005_audit_attempt1.json,4582566c37f99e11628d34ec6349928bca033f85a8fc1ff3b5826ea40653f34b,True,True,True,567.7178531999816,0,0,0,0,0
M1,OFF,1835088006,230,229,extinction,0,157,0,0,0,NORMAL,NORMAL,null,null,null,True,defense_recovery_run_a3_run_M1_OFF_1835088006_audit_attempt1.json,e5c7162cc93d273c6008cb92e3e45465d84b0e37cba4c46954bfdd9b8143d52c,True,True,True,551.673186400003,0,0,0,0,0
M1,OFF,1835088007,188,187,extinction,0,107,0,0,0,NORMAL,NORMAL,null,null,null,True,defense_recovery_run_a3_run_M1_OFF_1835088007_audit_attempt1.json,ed539477116cedbb39ce27cb6b926a7e8ea592083a07700d0e1ad2ecf6c03e59,True,True,True,445.7331548999937,0,0,0,0,0
M1,OFF,1835088008,210,209,extinction,0,118,0,0,0,NORMAL,NORMAL,null,null,null,True,defense_recovery_run_a3_run_M1_OFF_1835088008_audit_attempt1.json,71dc621852827520327614870b7d44049974eca860db872d2b4e80c31658bf36,True,True,True,504.3228659000015,0,0,0,0,0
M1,OFF,1835088009,208,207,extinction,0,127,0,0,0,NORMAL,NORMAL,null,null,null,True,defense_recovery_run_a3_run_M1_OFF_1835088009_audit_attempt1.json,b884fc155b099c614c5e04ec7d5bdafb1572263c5bb8c617a89a21e9e78f8fbb,True,True,True,505.72602469997946,0,0,0,0,0
M1,OFF,1835088010,189,188,extinction,0,100,0,0,0,NORMAL,NORMAL,null,null,null,True,defense_recovery_run_a3_run_M1_OFF_1835088010_audit_attempt1.json,460afb74ded3875d7e9710078aeb340d70ce261b1b4559e516af6a10d5b3eb4e,True,True,True,450.99148780002724,0,0,0,0,0
M1,OFF,1835088011,245,244,extinction,0,160,0,0,0,NORMAL,NORMAL,null,null,null,True,defense_recovery_run_a3_run_M1_OFF_1835088011_audit_attempt1.json,1047e119e80d99b602e13f74872f17b2660735bcc319f7e64b715b19efdcf223,True,True,True,588.4645992000005,0,0,0,0,0
M1,OFF,1835088012,197,196,extinction,0,122,0,0,0,NORMAL,NORMAL,null,null,null,True,defense_recovery_run_a3_run_M1_OFF_1835088012_audit_attempt1.json,2d350bf94380c6abc4fb0a1d56f04ade94ce656d5d190c9fe50154648e3cda57,True,True,True,477.4253247999877,0,0,0,0,0
M1,OFF,1835088013,217,216,extinction,0,125,0,0,0,NORMAL,NORMAL,null,null,null,True,defense_recovery_run_a3_run_M1_OFF_1835088013_audit_attempt1.json,362169ccf392e5c12790b31cf1c14d8f200f1182740e32ef254a08601429f7df,True,True,True,532.7046117999998,0,0,0,0,0
M1,OFF,1835088014,300,299,step_limit,1,229,0,0,0,NORMAL,NORMAL,null,null,null,True,defense_recovery_run_a3_run_M1_OFF_1835088014_audit_attempt1.json,4f4d91e5c3d8797c45f295bcf211b0fc61840c8f14153ca61350733add8ca1cf,True,True,True,714.6362372000003,0,0,0,0,0
M1,OFF,1835088015,204,203,extinction,0,116,0,0,0,NORMAL,NORMAL,null,null,null,True,defense_recovery_run_a3_run_M1_OFF_1835088015_audit_attempt1.json,58e8510c2d433f6c7ec242fa34d9ac286d7f5a3ddb0a42fb8cd4c4017cb8ec9f,True,True,True,496.1383774999995,0,0,0,0,0
M1,OFF,1835088016,201,200,extinction,0,119,0,0,0,NORMAL,NORMAL,null,null,null,True,defense_recovery_run_a3_run_M1_OFF_1835088016_audit_attempt1.json,51b36ff84f8cf94bb105a145e3561351c2d41b1eefe28aa5f1df916f98cfb516,True,True,True,483.9033306000056,0,0,0,0,0
M1,OFF,1835088017,214,213,extinction,0,122,0,0,0,NORMAL,NORMAL,null,null,null,True,defense_recovery_run_a3_run_M1_OFF_1835088017_audit_attempt1.json,de78c48045d3d5d1615be1d4e013254c615f86fa37f259e1863a6d04f2418fa6,True,True,True,516.7187189999968,0,0,0,0,0
M1,OFF,1835088018,216,215,extinction,0,143,0,0,0,NORMAL,NORMAL,null,null,null,True,defense_recovery_run_a3_run_M1_OFF_1835088018_audit_attempt1.json,f14b9d044473260f8d0cb7b359901b3b648f60370d9f1afb232eccd23c2bab3e,True,True,True,519.1405016000208,0,0,0,0,0
M1,OFF,1835088019,221,220,extinction,0,142,0,0,0,NORMAL,NORMAL,null,null,null,True,defense_recovery_run_a3_run_M1_OFF_1835088019_audit_attempt1.json,c2a12b13d46bb0a252ee454455ad7fdd50a9661a7f2dbd9b8676ee3a4413bede,True,True,True,533.3647903999954,0,0,0,0,0
M1,RECOVER-10,1835088000,300,299,step_limit,265,49,154,49,203,VETO,VETO,null,null,null,False,defense_recovery_run_a3_run_M1_RECOVER-10_1835088000_audit_attempt1.json,07d7f9d41a17876452f55919226c9875c8a51e4a5dbf1f1c3ebf3497886bc4ea,True,True,True,715.0037299999967,13,4,4,12,16
M1,RECOVER-10,1835088001,300,299,step_limit,219,21,150,51,201,VETO,VETO,null,null,null,False,defense_recovery_run_a3_run_M1_RECOVER-10_1835088001_audit_attempt1.json,226309f4a2a4d0283e025e34c40af8791008c5e0111fb274a66f9cfc49c521c6,True,True,True,716.1939448000048,14,3,3,13,15
M1,RECOVER-10,1835088002,300,299,step_limit,217,46,148,71,219,VETO,VETO,null,null,null,False,defense_recovery_run_a3_run_M1_RECOVER-10_1835088002_audit_attempt1.json,fb4756590fcc53aee79842213fd3487875967037920a34a26c262da4eb968da6,True,True,True,721.4871132999833,13,5,5,12,16
M1,RECOVER-10,1835088003,300,299,step_limit,164,30,142,74,216,VETO,VETO,null,null,null,False,defense_recovery_run_a3_run_M1_RECOVER-10_1835088003_audit_attempt1.json,c7b8de4de7837cf8f8a08a516db789b538b398d345915d9e6c219a4f9fe9894e,True,True,True,717.1089157999959,13,5,5,12,16
M1,RECOVER-10,1835088004,300,299,step_limit,221,58,152,57,209,VETO,VETO,null,null,null,False,defense_recovery_run_a3_run_M1_RECOVER-10_1835088004_audit_attempt1.json,b581c0cb3709fa68c4abb4105b4111e8387541822c368b1c2c5ddcc849dd6ac3,True,True,True,713.31310140001,14,5,5,13,18
M1,RECOVER-10,1835088005,300,299,step_limit,265,36,143,70,213,VETO,VETO,null,null,null,False,defense_recovery_run_a3_run_M1_RECOVER-10_1835088005_audit_attempt1.json,10ed4b349c876af8ff8a7d3dc1eed9895e069f22df9086c3c16920c4f2ed3b2f,True,True,True,714.1692454000004,13,6,6,12,18
M1,RECOVER-10,1835088006,300,299,step_limit,233,40,159,47,206,VETO,NORMAL,null,null,null,False,defense_recovery_run_a3_run_M1_RECOVER-10_1835088006_audit_attempt1.json,c8ed5a099e33b5934dae5448d81f5db49f525c583c208f536d19a921de495163,True,True,True,714.8152927000192,16,4,4,15,18
M1,RECOVER-10,1835088007,300,299,step_limit,219,37,122,95,217,NORMAL,VETO,null,null,null,False,defense_recovery_run_a3_run_M1_RECOVER-10_1835088007_audit_attempt1.json,608c9341013a1434da209fed5937f1798d7d3ae3ab89e7a320719e437b67ef76,True,True,True,718.4094094000175,9,5,5,9,12
M1,RECOVER-10,1835088008,300,299,step_limit,229,20,160,48,208,VETO,VETO,null,null,null,False,defense_recovery_run_a3_run_M1_RECOVER-10_1835088008_audit_attempt1.json,5905f958b85a1a2588a99010b405939f8615b20dec0f63d904220737dccd7a32,True,True,True,739.5416480999847,15,4,4,14,18
M1,RECOVER-10,1835088009,300,299,step_limit,198,20,175,31,206,VETO,VETO,null,null,null,False,defense_recovery_run_a3_run_M1_RECOVER-10_1835088009_audit_attempt1.json,d41d5eb75edef1946027fe5db8cae14a8440896c86112982d7fb505917416a56,True,True,True,723.7691101999953,17,3,3,16,18
M1,RECOVER-10,1835088010,300,299,step_limit,259,50,103,118,221,VETO,VETO,null,null,null,False,defense_recovery_run_a3_run_M1_RECOVER-10_1835088010_audit_attempt1.json,df00c862c25d074deffd872a95c0ec15321a97098971c96a16f2d4940ed0e54a,True,True,True,711.4719117000059,9,4,4,8,11
M1,RECOVER-10,1835088011,300,299,step_limit,213,64,139,65,204,VETO,VETO,null,null,null,False,defense_recovery_run_a3_run_M1_RECOVER-10_1835088011_audit_attempt1.json,44fe0ba9f6ec5a02561453d7ba6ed2e25737098d9818c85eef92ffdafdb1d0ea,True,True,True,716.7628617000009,13,5,5,12,17
M1,RECOVER-10,1835088012,300,299,step_limit,234,47,127,78,205,VETO,VETO,null,null,null,False,defense_recovery_run_a3_run_M1_RECOVER-10_1835088012_audit_attempt1.json,3d5ad3f2179d7f7efc2333837ad57e2dbaa811a3fd31f9b74c4f824a9f8ddbea,True,True,True,713.5575410999882,12,6,6,11,16
M1,RECOVER-10,1835088013,300,299,step_limit,221,36,154,57,211,VETO,NORMAL,null,null,null,False,defense_recovery_run_a3_run_M1_RECOVER-10_1835088013_audit_attempt1.json,506df0b96ce5d0d38387fbc5e9177cdd3e4fc901e8b3a5a3c3b6e74a66c370dc,True,True,True,716.2698864999984,14,5,5,13,17
M1,RECOVER-10,1835088014,300,299,step_limit,183,68,63,154,217,VETO,NORMAL,null,null,null,False,defense_recovery_run_a3_run_M1_RECOVER-10_1835088014_audit_attempt1.json,9868062ce7ef543a31fbae54e6b328eab5f5347b3ecbac57352f9bcaaa3ed4d7,True,True,True,716.0375951000024,6,5,5,5,10
M1,RECOVER-10,1835088015,300,299,step_limit,262,41,119,91,210,VETO,VETO,null,null,null,False,defense_recovery_run_a3_run_M1_RECOVER-10_1835088015_audit_attempt1.json,18d73af6607592b9d641c96da387188c2cef0ca75f3efea7a51e74a629424375,True,True,True,723.6563333999948,10,7,7,9,16
M1,RECOVER-10,1835088016,300,299,step_limit,199,30,149,51,200,VETO,VETO,null,null,null,False,defense_recovery_run_a3_run_M1_RECOVER-10_1835088016_audit_attempt1.json,b76ccccd6640bf274d48f7194aeca5e734218fce83d74b73d8f80eee4737aa3a,True,True,True,725.6648846000026,14,4,4,13,17
M1,RECOVER-10,1835088017,300,299,step_limit,151,49,156,56,212,CONSENSUS,CONSENSUS,null,null,null,False,defense_recovery_run_a3_run_M1_RECOVER-10_1835088017_audit_attempt1.json,350bd77042af98db7d726d7e5310b30a645bb2edfb6b7c33fc66d8c21e160a4a,True,True,True,714.5220222000207,15,4,3,14,17
M1,RECOVER-10,1835088018,300,299,step_limit,257,74,161,56,217,NORMAL,VETO,null,null,null,False,defense_recovery_run_a3_run_M1_RECOVER-10_1835088018_audit_attempt1.json,992d540e9f43ce20795d2dbc1fb8f6656e517d93bd4b8f6e91847f23105bf8a8,True,True,True,734.8051726000267,15,4,4,15,18
M1,RECOVER-10,1835088019,300,299,step_limit,229,32,146,54,200,VETO,VETO,null,null,null,False,defense_recovery_run_a3_run_M1_RECOVER-10_1835088019_audit_attempt1.json,a784dbf21d401c5412801f95e779ff65342f6ef49749835e55e22e1e0f46cac5,True,True,True,717.2501342000032,14,4,4,13,17
M1,RECOVER-20,1835088000,300,299,step_limit,284,43,153,60,213,VETO,NORMAL,null,null,null,False,defense_recovery_run_a3_run_M1_RECOVER-20_1835088000_audit_attempt1.json,52740813669cd402cb0e1340473745d59661b24639cf31f9c0a8648dcb2b5e6d,True,True,True,725.5526236000005,7,2,2,6,7
M1,RECOVER-20,1835088001,300,299,step_limit,238,27,118,92,210,VETO,VETO,null,null,null,False,defense_recovery_run_a3_run_M1_RECOVER-20_1835088001_audit_attempt1.json,ee7676d217c65f7f0054046fc43135b3c482db1cf75834f3b2253310bc1443a5,True,True,True,715.8876675999782,6,2,2,5,6
M1,RECOVER-20,1835088002,300,299,step_limit,282,27,154,73,227,VETO,VETO,null,null,null,False,defense_recovery_run_a3_run_M1_RECOVER-20_1835088002_audit_attempt1.json,3988d46b1ba1027d835d1e34d1271c6da56456ae533a70b3a3af7a36cb39aa1b,True,True,True,726.6255853000039,7,3,3,6,8
M1,RECOVER-20,1835088003,300,299,step_limit,290,22,173,53,226,VETO,VETO,null,null,null,True,defense_recovery_run_a3_run_M1_RECOVER-20_1835088003_audit_attempt1.json,32ea48e602a90679117092337e73699db1bc9f5311d99ba33c732ff9e0c4282c,True,True,True,712.8823815999785,9,2,2,8,9
M1,RECOVER-20,1835088004,300,299,step_limit,212,50,143,74,217,CONSENSUS,CONSENSUS,null,null,null,False,defense_recovery_run_a3_run_M1_RECOVER-20_1835088004_audit_attempt1.json,4b2a9694a4eac34638ef36133d19938bf063264a139d05d22da9f8df8ccd6380,True,True,True,713.3152308999852,7,4,3,6,9
M1,RECOVER-20,1835088005,300,299,step_limit,225,23,116,115,231,VETO,VETO,null,null,null,False,defense_recovery_run_a3_run_M1_RECOVER-20_1835088005_audit_attempt1.json,70fad35e33f344bc4dfb3ccb5fc204d8d8985667c0b1d943e4f9d5178176493e,True,True,True,724.0920163999835,5,3,3,4,7
M1,RECOVER-20,1835088006,300,299,step_limit,268,40,133,85,218,VETO,VETO,null,null,null,False,defense_recovery_run_a3_run_M1_RECOVER-20_1835088006_audit_attempt1.json,da86bd083e2cd68ca53d7d2ad18d0a8cde3d87adf9971c27cfd2a7b58426e9cd,True,True,True,713.5608091000177,6,3,3,5,7
M1,RECOVER-20,1835088007,300,299,step_limit,282,26,142,77,219,CONSENSUS,CONSENSUS,null,null,null,False,defense_recovery_run_a3_run_M1_RECOVER-20_1835088007_audit_attempt1.json,e9e7f5825e268957317de4926b9fb10d709e7fd10d72b974b4501d54aad802e9,True,True,True,717.0794568999845,7,4,3,6,9
M1,RECOVER-20,1835088008,300,299,step_limit,260,54,141,81,222,CONSENSUS,CONSENSUS,null,null,null,False,defense_recovery_run_a3_run_M1_RECOVER-20_1835088008_audit_attempt1.json,d9b9fd42c96cb47a24a8cf76a95eb18d053c629619810771797627869eef2286,True,True,True,717.2846771999903,7,3,2,6,9
M1,RECOVER-20,1835088009,300,299,step_limit,302,20,140,76,216,VETO,VETO,null,null,null,False,defense_recovery_run_a3_run_M1_RECOVER-20_1835088009_audit_attempt1.json,6dd993398b239204f3a3547f2ae8c7a71cdf9019c381c97203ab5055cd3cc584,True,True,True,713.1760213999951,7,3,3,6,8
M1,RECOVER-20,1835088010,300,299,step_limit,230,35,116,112,228,VETO,VETO,null,null,null,False,defense_recovery_run_a3_run_M1_RECOVER-20_1835088010_audit_attempt1.json,a85d9b480f9a0649d6ed5ceac76b4077cf1afc980b301dde70c54ec310d83ffc,True,True,True,717.2823996999941,5,4,4,4,7
M1,RECOVER-20,1835088011,300,299,step_limit,270,21,157,54,211,VETO,VETO,null,null,null,False,defense_recovery_run_a3_run_M1_RECOVER-20_1835088011_audit_attempt1.json,134e02e35122fc62d008747c34317f36cf9aed45bd3b086112f00b107f7462da,True,True,True,718.8171787000028,8,2,2,7,9
M1,RECOVER-20,1835088012,300,299,step_limit,263,37,139,73,212,VETO,VETO,null,null,null,False,defense_recovery_run_a3_run_M1_RECOVER-20_1835088012_audit_attempt1.json,d7a98e8434d7271ea7af11288d6e83e1572eabaf3672a936d435facb4ff8f136,True,True,True,718.168113599997,7,3,3,6,8
M1,RECOVER-20,1835088013,300,299,step_limit,237,20,134,87,221,VETO,VETO,null,null,null,False,defense_recovery_run_a3_run_M1_RECOVER-20_1835088013_audit_attempt1.json,a9bb7c7f8c14a72ae1bc43d7b0cccbfee4a5b4c2c11c407a6a44157988cd492f,True,True,True,721.2148562000075,6,3,3,5,7
M1,RECOVER-20,1835088014,300,299,step_limit,232,46,145,78,223,VETO,VETO,null,null,null,False,defense_recovery_run_a3_run_M1_RECOVER-20_1835088014_audit_attempt1.json,059ffd200adff91b5a67403dda237d55ce2fd281825a02d11d73f1134290515a,True,True,True,712.7185285000014,6,2,2,5,6
M1,RECOVER-20,1835088015,300,299,step_limit,181,26,164,54,218,VETO,VETO,null,null,null,False,defense_recovery_run_a3_run_M1_RECOVER-20_1835088015_audit_attempt1.json,7be73784f3d243d79ddf7cd0343675aa9dddbada32bcb0b74b161e465d96060d,True,True,True,720.7773235000204,8,2,2,7,9
M1,RECOVER-20,1835088016,300,299,step_limit,243,36,137,68,205,VETO,VETO,null,null,null,False,defense_recovery_run_a3_run_M1_RECOVER-20_1835088016_audit_attempt1.json,5f3c0d55d464569f2b4e56a6550ce461017cc9a69b8c9652e564da1b7f0f7b08,True,True,True,718.6024797999999,6,3,3,5,8
M1,RECOVER-20,1835088017,300,299,step_limit,184,24,91,133,224,CONSENSUS,CONSENSUS,null,null,null,False,defense_recovery_run_a3_run_M1_RECOVER-20_1835088017_audit_attempt1.json,cb384c8e3bedc27ab46bf9fa323f2009190888cb00431e810a20e6cbf6448bc4,True,True,True,715.176710300002,4,6,5,3,8
M1,RECOVER-20,1835088018,300,299,step_limit,230,25,138,90,228,VETO,VETO,null,null,null,False,defense_recovery_run_a3_run_M1_RECOVER-20_1835088018_audit_attempt1.json,e6ce26a2f460e01741033b51ccac705f7c433cdc92a161efd28efc4584d8912d,True,True,True,721.5923981000087,7,3,3,6,9
M1,RECOVER-20,1835088019,300,299,step_limit,274,31,158,53,211,VETO,VETO,null,null,null,False,defense_recovery_run_a3_run_M1_RECOVER-20_1835088019_audit_attempt1.json,c1f250f5807638f157692a1432f94b0c32d1c73626c3d1fc7941221c477432c2,True,True,True,721.0806045000209,7,2,2,6,7
M1,RECOVER-40,1835088000,300,299,step_limit,224,44,80,138,218,VETO,VETO,null,null,null,False,defense_recovery_run_a3_run_M1_RECOVER-40_1835088000_audit_attempt1.json,c285d2a5a106de3d7b4fa8fba25d38260ce9f3c48cca5f64db53920f87a4a056,True,True,True,718.6120900000096,2,2,2,1,2
M1,RECOVER-40,1835088001,300,299,step_limit,318,20,118,96,214,VETO,VETO,null,null,null,False,defense_recovery_run_a3_run_M1_RECOVER-40_1835088001_audit_attempt1.json,c7b3c284e0f9cde61ebc9447220d38a583cd95e6b0f71544e8a49c8ce697600b,True,True,True,719.0082503999874,3,2,2,2,3
M1,RECOVER-40,1835088002,300,299,step_limit,218,25,131,100,231,CONSENSUS,CONSENSUS,null,null,null,False,defense_recovery_run_a3_run_M1_RECOVER-40_1835088002_audit_attempt1.json,bc1ceef0d996a36fdb4e5277812d7fc0936daaabf422b3d18948be0d3b2039bd,True,True,True,719.1751330999832,3,3,2,2,4
M1,RECOVER-40,1835088003,300,299,step_limit,254,20,78,155,233,VETO,VETO,null,null,null,False,defense_recovery_run_a3_run_M1_RECOVER-40_1835088003_audit_attempt1.json,30dfcc7c56df8742f6b735feeead7fc927e24b6f8a610e1c1ab9cc2d5dd5f1ea,True,True,True,717.6977906000102,2,3,3,1,3
M1,RECOVER-40,1835088004,300,299,step_limit,255,43,85,139,224,VETO,VETO,null,null,null,False,defense_recovery_run_a3_run_M1_RECOVER-40_1835088004_audit_attempt1.json,318f91a44e157b99d928ab085d24cd8f6ebd245c654dc5815e731da125e90c77,True,True,True,720.5422143000178,2,2,2,1,2
M1,RECOVER-40,1835088005,300,299,step_limit,311,19,152,81,233,VETO,VETO,null,null,null,False,defense_recovery_run_a3_run_M1_RECOVER-40_1835088005_audit_attempt1.json,648e7c6a5fd21ed4f82b0ac33b4aa1c2ef847a42f2ddeb39d957725864af5cd6,True,True,True,718.2051045999979,4,2,2,3,5
M1,RECOVER-40,1835088006,300,299,step_limit,226,40,124,97,221,VETO,VETO,null,null,null,False,defense_recovery_run_a3_run_M1_RECOVER-40_1835088006_audit_attempt1.json,384a16b005e0b7e3410af921db7c7a84467a5fb9c8448ccede03223a45c2ea24,True,True,True,711.3251377999841,3,2,2,2,3
M1,RECOVER-40,1835088007,300,299,step_limit,274,29,62,165,227,VETO,VETO,null,null,null,False,defense_recovery_run_a3_run_M1_RECOVER-40_1835088007_audit_attempt1.json,4e9a7a3e589d79ea66aa3e354a5cbc63c89e1f966a00c5e9aa6dced9e86b94eb,True,True,True,705.4034540000139,1,2,2,0,1
M1,RECOVER-40,1835088008,300,299,step_limit,278,22,109,126,235,VETO,VETO,null,null,null,False,defense_recovery_run_a3_run_M1_RECOVER-40_1835088008_audit_attempt1.json,a1e329db4306ff1307d62522e0c682d541af1bdcd613e228a383c505dce888a9,True,True,True,715.7958622000006,3,2,2,2,4
M1,RECOVER-40,1835088009,300,299,step_limit,248,21,134,87,221,VETO,VETO,null,null,null,False,defense_recovery_run_a3_run_M1_RECOVER-40_1835088009_audit_attempt1.json,ba44c38bbd9d461f7dcbaf53f161bd84c9afee333e1587d622678a1ff27463ac,True,True,True,712.3674839999876,3,2,2,2,3
M1,RECOVER-40,1835088010,300,299,step_limit,261,20,115,117,232,VETO,VETO,null,null,null,False,defense_recovery_run_a3_run_M1_RECOVER-40_1835088010_audit_attempt1.json,62d1f3a71230c2b76edafb7b76c76f5680ac7f70e9262cf2fec9959454792f00,True,True,True,703.6029928000062,3,2,2,2,3
M1,RECOVER-40,1835088011,300,299,step_limit,260,30,121,95,216,VETO,VETO,null,null,null,False,defense_recovery_run_a3_run_M1_RECOVER-40_1835088011_audit_attempt1.json,667353d0edd23246b24cb34c958999d397b54569aabb8e847a532c7be6889c89,True,True,True,696.378668099991,3,2,2,2,4
M1,RECOVER-40,1835088012,300,299,step_limit,207,34,96,125,221,VETO,VETO,null,null,null,False,defense_recovery_run_a3_run_M1_RECOVER-40_1835088012_audit_attempt1.json,f4a9545b71e42674e6f8cf36d2c3351ddbad1e4bd3821abd2b562d21492af564,True,True,True,688.1922768999939,2,2,2,1,2
M1,RECOVER-40,1835088013,300,299,step_limit,175,18,60,166,226,CONSENSUS,CONSENSUS,null,null,null,False,defense_recovery_run_a3_run_M1_RECOVER-40_1835088013_audit_attempt1.json,975c2247376abd4f80657ee77cfd399e21ee28f965f9ff81571b12940a0d650e,True,True,True,681.0416277999757,1,3,2,0,2
M1,RECOVER-40,1835088014,300,299,step_limit,296,46,91,136,227,VETO,VETO,null,null,null,False,defense_recovery_run_a3_run_M1_RECOVER-40_1835088014_audit_attempt1.json,421c18225aca23f8227943a769f3457faede6388825e81dddbf93fb76a658b0f,True,True,True,679.5129670000169,2,2,2,1,2
M1,RECOVER-40,1835088015,300,299,step_limit,341,47,98,123,221,VETO,VETO,null,null,null,False,defense_recovery_run_a3_run_M1_RECOVER-40_1835088015_audit_attempt1.json,2a68bf264777ed0730998a9396088f696648cb146086d76084a9fbb7ce53dd91,True,True,True,681.7889116000151,3,2,2,2,4
M1,RECOVER-40,1835088016,300,299,step_limit,299,29,135,78,213,VETO,VETO,null,null,null,False,defense_recovery_run_a3_run_M1_RECOVER-40_1835088016_audit_attempt1.json,6a6859446bb90459839ed2f1aa07bda022b36a31a786efb26531c29822529acd,True,True,True,671.6146003000031,3,1,1,2,3
M1,RECOVER-40,1835088017,300,299,step_limit,248,25,99,129,228,VETO,VETO,null,null,null,False,defense_recovery_run_a3_run_M1_RECOVER-40_1835088017_audit_attempt1.json,6b41246845245755d7c5d5c98ffa713f65128760e87f15940b180cc9c88b61f9,True,True,True,677.4050537000003,3,2,2,2,3
M1,RECOVER-40,1835088018,300,299,step_limit,258,28,100,133,233,VETO,VETO,null,null,null,False,defense_recovery_run_a3_run_M1_RECOVER-40_1835088018_audit_attempt1.json,e4c60ef5be026d88be3a3090bbf92443c0fe769698afc5b340fdcdd64f1e19f4,True,True,True,664.1371365000086,3,1,1,2,3
M1,RECOVER-40,1835088019,300,299,step_limit,283,27,78,138,216,VETO,VETO,null,null,null,False,defense_recovery_run_a3_run_M1_RECOVER-40_1835088019_audit_attempt1.json,9e313b450e5043b5c4e93e364ca99b2a3986ded189c7b49deef79c3faf5db0d1,True,True,True,586.7601667999988,2,2,2,1,2
