channel,seed,maximum_statistic,post_burn_in_records,maximum_binary64_hex
A,1835086300,0.37207989750371867,290,0x1.7d02833d1c29fp-2
A,1835086301,0.5214326971518737,290,0x1.0af939faaa2c6p-1
A,1835086302,0.8970784583680764,290,0x1.cb4dde2146230p-1
A,1835086303,0.40025998760655174,290,0x1.99ddc112ab867p-2
A,1835086304,0.7012979536245965,290,0x1.6710867f23840p-1
A,1835086305,0.35772447280504877,290,0x1.6e4f52feb4c33p-2
A,1835086306,0.5360383141044998,290,0x1.12739d28f6aecp-1
A,1835086307,0.34830394996082686,290,0x1.64a9ca6898f4fp-2
A,1835086308,0.5144675595191706,290,0x1.07684abdf9bd2p-1
A,1835086309,0.5592098237328695,290,0x1.1e50c00111b70p-1
A,1835086310,0.5956066425503639,290,0x1.30f35a96117f6p-1
A,1835086311,0.5679259304005277,290,0x1.22c730033dc46p-1
A,1835086312,0.8379508824403197,290,0x1.ad07e5e778954p-1
A,1835086313,0.5534078743586714,290,0x1.1b5846e370516p-1
A,1835086314,0.4938902339236955,290,0x1.f9be5c8a10729p-2
A,1835086315,0.5221919562220307,290,0x1.0b5cbe7c6a700p-1
A,1835086316,0.40663101400015006,290,0x1.a063e16aae0abp-2
A,1835086317,0.37719356755798567,290,0x1.823f07d3b1451p-2
A,1835086318,0.46249329763083463,290,0x1.d997d7cfc646bp-2
A,1835086319,0.4386635279575805,290,0x1.c131030a1a68bp-2
A,1835086320,0.6042148138940302,290,0x1.355ba4e2ddff0p-1
A,1835086321,0.3905414994331912,290,0x1.8fea1c5f2f78bp-2
A,1835086322,0.4115767160870731,290,0x1.a5745ddd8e64bp-2
A,1835086323,0.6954952340094258,290,0x1.6417f389304ecp-1
A,1835086324,0.3831682907603184,290,0x1.885d44b6b819fp-2
A,1835086325,0.401861257800504,290,0x1.9b81847f215f3p-2
A,1835086326,0.4671824908928776,290,0x1.de65163e984bfp-2
A,1835086327,0.49169059651132513,290,0x1.f77dbd5f11473p-2
A,1835086328,0.3984408990783796,290,0x1.9800e41bb8cefp-2
A,1835086329,0.58394689777414,290,0x1.2afb167914c7cp-1
A,1835086330,0.37682251227830704,290,0x1.81ddc2ba870d7p-2
A,1835086331,0.43559960637943534,290,0x1.be0dd2be3359fp-2
A,1835086332,0.36799233331504405,290,0x1.78d2fb73113ffp-2
A,1835086333,0.34640037312592326,290,0x1.62b6c78797973p-2
A,1835086334,0.47034345350123913,290,0x1.e1a1b6dab3bb3p-2
A,1835086335,0.37516990509307896,290,0x1.802c8a2345d5bp-2
A,1835086336,0.6021750237022905,290,0x1.345048e289e9ep-1
A,1835086337,0.5661308478209657,290,0x1.21dbe7094bac8p-1
A,1835086338,0.3188365860444899,290,0x1.467d191751477p-2
A,1835086339,0.5688984243598985,290,0x1.2346a77ebe4eap-1
A,1835086340,0.47296552345265525,290,0x1.e45112fd756d7p-2
A,1835086341,0.29025514565864813,290,0x1.2938a51866003p-2
A,1835086342,1.01148258212943,290,0x1.02f085c2b8338p+0
A,1835086343,0.4615069060078851,290,0x1.d8954430ba617p-2
A,1835086344,0.5617968460651834,290,0x1.1fa3d611b11b0p-1
A,1835086345,0.39606330558088104,290,0x1.95919e82764fbp-2
A,1835086346,0.2753971166548325,290,0x1.1a01b3a5c7e33p-2
A,1835086347,0.40341402874520343,290,0x1.9d189130d5403p-2
A,1835086348,0.5455279548860594,290,0x1.174f70aa942acp-1
A,1835086349,0.38843600458775224,290,0x1.8dc22b012c575p-2
A,1835086350,0.3651597633050447,290,0x1.75ec70e4d7507p-2
A,1835086351,0.5706985089134031,290,0x1.2432984f516c8p-1
A,1835086352,0.4034758029520075,290,0x1.9d28c2c99ff63p-2
A,1835086353,0.4485506333911668,290,0x1.cb50db740f82bp-2
A,1835086354,0.5409041936525649,290,0x1.14f164fc0397cp-1
A,1835086355,0.32317021014685615,290,0x1.4aed21ae7d209p-2
A,1835086356,0.33874870871053514,290,0x1.5ae0f105e55abp-2
A,1835086357,0.4322144309177011,290,0x1.ba966b769a657p-2
A,1835086358,0.3927393457984331,290,0x1.922a43583a10fp-2
A,1835086359,0.39351451455090763,290,0x1.92f57809fd675p-2
A,1835086360,0.49617001337426575,290,0x1.fc13fdf2cb1d5p-2
A,1835086361,0.4078422674003814,290,0x1.a1a16741a4fdfp-2
A,1835086362,0.4900038668837003,290,0x1.f5c392dcb753bp-2
A,1835086363,0.579156817259699,290,0x1.28873e0ac58eep-1
A,1835086364,0.6103499026346857,290,0x1.387fc84ddd92ap-1
A,1835086365,0.33457048692551034,290,0x1.5699a54e351b7p-2
A,1835086366,0.47687821727173046,290,0x1.e852c36d6d6dfp-2
A,1835086367,0.34074386334235557,290,0x1.5cebf59578f1fp-2
A,1835086368,0.5364920451793749,290,0x1.12af15d938198p-1
A,1835086369,0.3380527672796691,290,0x1.5a2a812f2766bp-2
A,1835086370,0.46122001557248987,290,0x1.d84a0f4c93ebfp-2
A,1835086371,0.3011127337954483,290,0x1.3456e5803e0f1p-2
A,1835086372,0.3835359381297115,290,0x1.88bda51c6e609p-2
A,1835086373,0.4400078914502105,290,0x1.c2916dbf0ad37p-2
A,1835086374,0.32453761696411715,290,0x1.4c5396ccbb0abp-2
A,1835086375,0.2818572261226821,290,0x1.209f2e415a503p-2
A,1835086376,0.5758943153238254,290,0x1.26db9ea48949ep-1
A,1835086377,0.27837169770853504,290,0x1.1d0d7867291ebp-2
A,1835086378,0.47087589275708636,290,0x1.e22d4a3f7748fp-2
A,1835086379,0.4171239326217559,290,0x1.ab228943f517fp-2
A,1835086380,0.2698032631242268,290,0x1.14474e7de3fafp-2
A,1835086381,0.3771978184910489,290,0x1.8240251a2a98fp-2
A,1835086382,0.4167187091385411,290,0x1.aab84f2d8685fp-2
A,1835086383,0.36579335796698714,290,0x1.769288b63fb97p-2
A,1835086384,0.4259030006347317,290,0x1.b41fea8bfa4e7p-2
A,1835086385,0.6068263442308006,290,0x1.36b1f14da5224p-1
A,1835086386,0.3779818264078449,290,0x1.830daafb9dbd7p-2
A,1835086387,0.7242823881474325,290,0x1.72d5242452f1cp-1
A,1835086388,0.4381598723951187,290,0x1.c0acfb496d203p-2
A,1835086389,0.4828280788449201,290,0x1.ee6a7be0eaf2bp-2
A,1835086390,0.451023615705377,290,0x1.cdd9227cb68b7p-2
A,1835086391,0.6437468804600923,290,0x1.499930ecf4cbep-1
A,1835086392,0.7683789692238805,290,0x1.8968f7df80634p-1
A,1835086393,0.638771747624657,290,0x1.470d172b5036cp-1
A,1835086394,0.37641737736286035,290,0x1.81738e95ada55p-2
A,1835086395,0.5060101030765907,290,0x1.0313c19851b00p-1
A,1835086396,0.5165485898867863,290,0x1.08790e88b7a2cp-1
A,1835086397,0.5090434100461263,290,0x1.04a1567cc8ecap-1
A,1835086398,0.3707021477315639,290,0x1.7b99580441907p-2
A,1835086399,0.4768216877373576,290,0x1.e843f1cb6c01bp-2
A,1835086400,0.43838550283552896,290,0x1.c0e82116e05efp-2
A,1835086401,0.409854235917909,290,0x1.a3b0d42d93f49p-2
A,1835086402,0.5467991815442401,290,0x1.17f60ff46c958p-1
A,1835086403,0.49744256247637136,290,0x1.fd619545e5d6bp-2
A,1835086404,0.3195037802279181,290,0x1.472bffbc1bef3p-2
A,1835086405,0.3538693451408002,290,0x1.6a5cb9c1bf275p-2
A,1835086406,0.5571501916613895,290,0x1.1d42ca384aa64p-1
A,1835086407,0.36803551784274285,290,0x1.78de4d839aa11p-2
A,1835086408,0.4819052061500974,290,0x1.ed788ef0bf4a3p-2
A,1835086409,0.4583919743130482,290,0x1.d564b4a9b1937p-2
A,1835086410,0.5846779067340209,290,0x1.2b5ae7103b934p-1
A,1835086411,0.5040541113265018,290,0x1.021361671f930p-1
A,1835086412,0.41954690973108927,290,0x1.ad9db481bb483p-2
A,1835086413,0.5301886298563165,290,0x1.0f74e253e34aap-1
A,1835086414,0.442597917627977,290,0x1.c5386375f59ebp-2
A,1835086415,0.6864290023779631,290,0x1.5f739f487a800p-1
A,1835086416,0.38132343238664584,290,0x1.8679a65d324a3p-2
A,1835086417,0.5511272304800952,290,0x1.1a2d592db1b24p-1
A,1835086418,0.339394599620989,290,0x1.5b8a42073ea13p-2
A,1835086419,0.4831451984119333,290,0x1.eebd9d699840dp-2
transfer_share,1835086300,0.2204987847421923,290,0x1.c394ddea34244p-3
transfer_share,1835086301,0.30930774847770304,290,0x1.3cbb2ba071cbap-2
transfer_share,1835086302,0.5920776428092923,290,0x1.2f24cd011e0b5p-1
transfer_share,1835086303,0.21698815182537912,290,0x1.bc6448bdad070p-3
transfer_share,1835086304,0.29876075442136885,290,0x1.31ee56d645b34p-2
transfer_share,1835086305,0.275692524796783,290,0x1.1a4f242703f1dp-2
transfer_share,1835086306,0.33383251343776255,290,0x1.55d830be3a07ep-2
transfer_share,1835086307,0.26594108641799435,290,0x1.1052dc334fde1p-2
transfer_share,1835086308,0.2119157590834326,290,0x1.b200e3b629b17p-3
transfer_share,1835086309,0.24617396821442247,290,0x1.f82a0eb4dc22bp-3
transfer_share,1835086310,0.4192670608332847,290,0x1.ad54582a46a80p-2
transfer_share,1835086311,0.24054972549345635,290,0x1.eca555a0730a9p-3
transfer_share,1835086312,0.30725846662427275,290,0x1.3aa1f6a6480c3p-2
transfer_share,1835086313,0.3638551480435226,290,0x1.749671a5500b4p-2
transfer_share,1835086314,0.22762996099489113,290,0x1.d22fa83080a42p-3
transfer_share,1835086315,0.20245071991464478,290,0x1.9e9e7ba8ae317p-3
transfer_share,1835086316,0.41680349757302054,290,0x1.aace893bbcf7bp-2
transfer_share,1835086317,0.2336606736293479,290,0x1.de897cbccb872p-3
transfer_share,1835086318,0.26263949952462784,290,0x1.0cf15e746263ep-2
transfer_share,1835086319,0.2017692077212406,290,0x1.9d392ca4053dbp-3
transfer_share,1835086320,0.22293756150252383,290,0x1.c8937cfda06abp-3
transfer_share,1835086321,0.3828717163144668,290,0x1.880f85f0893dcp-2
transfer_share,1835086322,0.2507538018065143,290,0x1.00c59ac86d344p-2
transfer_share,1835086323,0.26208215945656027,290,0x1.0c5f43feec86fp-2
transfer_share,1835086324,0.2903846469404455,290,0x1.295a97c77a97ep-2
transfer_share,1835086325,0.31045301736240505,290,0x1.3de76552106f6p-2
transfer_share,1835086326,0.19983820609335062,290,0x1.9944c5fd4c492p-3
transfer_share,1835086327,0.24609973501018048,290,0x1.f803234b62495p-3
transfer_share,1835086328,0.21416531458997404,290,0x1.b69c4df0cfda1p-3
transfer_share,1835086329,0.2529887928202756,290,0x1.030f7e7daba03p-2
transfer_share,1835086330,0.26394638225175504,290,0x1.0e47f5deacdaap-2
transfer_share,1835086331,0.2635774142725796,290,0x1.0de73cd90f551p-2
transfer_share,1835086332,0.17876790729795633,290,0x1.6e1dde5b5a47cp-3
transfer_share,1835086333,0.2617768532050516,290,0x1.0c0f3b3d7642ep-2
transfer_share,1835086334,0.2378899345529514,290,0x1.e732d6879ebbdp-3
transfer_share,1835086335,0.17303754184824094,290,0x1.626181b9bf564p-3
transfer_share,1835086336,0.2071708493210893,290,0x1.a84930b426238p-3
transfer_share,1835086337,0.19772617544329243,290,0x1.94f17608bc9e9p-3
transfer_share,1835086338,0.29695590204943445,290,0x1.3015353ea041ap-2
transfer_share,1835086339,0.2658785084335711,290,0x1.104274a9b9cd8p-2
transfer_share,1835086340,0.30827623214426864,290,0x1.3bacc3bcc6633p-2
transfer_share,1835086341,0.25904099442887496,290,0x1.09420add94d30p-2
transfer_share,1835086342,0.38167851575648276,290,0x1.86d6bb9b0a26fp-2
transfer_share,1835086343,0.2989434045931525,290,0x1.321e384854774p-2
transfer_share,1835086344,0.31010360986150987,290,0x1.3d8bccfae82b6p-2
transfer_share,1835086345,0.23417661648780524,290,0x1.df97fd6a6ca9ap-3
transfer_share,1835086346,0.30622965547971315,290,0x1.3994444d6721ep-2
transfer_share,1835086347,0.29320186276144133,290,0x1.2c3d1beebf26ap-2
transfer_share,1835086348,0.2927229304222373,290,0x1.2bbf8f53cfa8ep-2
transfer_share,1835086349,0.42717487489919803,290,0x1.b56d549575b4ap-2
transfer_share,1835086350,0.1606146113710149,290,0x1.48f05038c93bep-3
transfer_share,1835086351,0.27567660132546756,290,0x1.1a4af78bdc7b2p-2
transfer_share,1835086352,0.23890321840436657,290,0x1.e946172fa5aecp-3
transfer_share,1835086353,0.20035382934636134,290,0x1.9a531bc55e2e7p-3
transfer_share,1835086354,0.28239501398959155,290,0x1.212c28968e16ap-2
transfer_share,1835086355,0.27055806368703444,290,0x1.150d2c4cd1d0dp-2
transfer_share,1835086356,0.38356524322560615,290,0x1.88c553be25226p-2
transfer_share,1835086357,0.20851360493144505,290,0x1.ab092e4f9ceb6p-3
transfer_share,1835086358,0.32827567722589746,290,0x1.50277fc707a94p-2
transfer_share,1835086359,0.2832120735897081,290,0x1.2202588799becp-2
transfer_share,1835086360,0.3445651088378175,290,0x1.60d5ad0734555p-2
transfer_share,1835086361,0.2742895089381392,290,0x1.18df595a19d00p-2
transfer_share,1835086362,0.2993516310620904,290,0x1.32893be5a9eb2p-2
transfer_share,1835086363,0.2175654858779684,290,0x1.bd92f934ac7dbp-3
transfer_share,1835086364,0.39124608793213156,290,0x1.90a2d0816d000p-2
transfer_share,1835086365,0.24568299340435867,290,0x1.f728a52ed740ep-3
transfer_share,1835086366,0.210429026816548,290,0x1.aef569e2730edp-3
transfer_share,1835086367,0.2811580409747684,290,0x1.1fe7e4bbf9ea6p-2
transfer_share,1835086368,0.2440868878197636,290,0x1.f3e3d3848be3bp-3
transfer_share,1835086369,0.20228865108364538,290,0x1.9e4983260cb8dp-3
transfer_share,1835086370,0.1987363665266812,290,0x1.97031796104fep-3
transfer_share,1835086371,0.23668719917553144,290,0x1.e4bc421eb9d8ep-3
transfer_share,1835086372,0.26025915644586056,290,0x1.0a816055ad965p-2
transfer_share,1835086373,0.17016957069173183,290,0x1.5c81dd2729ac6p-3
transfer_share,1835086374,0.24290351375105446,290,0x1.f17765bd27748p-3
transfer_share,1835086375,0.2912331951023965,290,0x1.2a3908e1e5c3fp-2
transfer_share,1835086376,0.24985606161477336,290,0x1.ffb488eabe148p-3
transfer_share,1835086377,0.14312320006916188,290,0x1.251dc6bcc46f3p-3
transfer_share,1835086378,0.18316360265091128,290,0x1.771e7a99a028dp-3
transfer_share,1835086379,0.2148550386584891,290,0x1.b805eb235a2a8p-3
transfer_share,1835086380,0.16796124426450476,290,0x1.57fc1098e4624p-3
transfer_share,1835086381,0.4002788598546278,290,0x1.99e2b3916c553p-2
transfer_share,1835086382,0.22031955437575765,290,0x1.c336e605b493fp-3
transfer_share,1835086383,0.3377800123800656,290,0x1.59e300e9a8d04p-2
transfer_share,1835086384,0.1740708664199338,290,0x1.647f4433ae14ap-3
transfer_share,1835086385,0.31138136481670253,290,0x1.3edac1a9e2e68p-2
transfer_share,1835086386,0.2662164185414846,290,0x1.109b096d2cfa8p-2
transfer_share,1835086387,0.19597843934212938,290,0x1.915d24dd9084ap-3
transfer_share,1835086388,0.24109065562484178,290,0x1.edc0f00a3d390p-3
transfer_share,1835086389,0.19576345733815248,290,0x1.90ec6e78276fcp-3
transfer_share,1835086390,0.4122984856351761,290,0x1.a63192fff93fcp-2
transfer_share,1835086391,0.19022648961812919,290,0x1.8595773df1261p-3
transfer_share,1835086392,0.23571479229077363,290,0x1.e2be6fe094150p-3
transfer_share,1835086393,0.22948876365713394,290,0x1.d5fe3475a7a82p-3
transfer_share,1835086394,0.3156345799437923,290,0x1.4335b61961928p-2
transfer_share,1835086395,0.23414528337526247,290,0x1.df878ff4e00fap-3
transfer_share,1835086396,0.35545898652817176,290,0x1.6bfd70c8d4ca2p-2
transfer_share,1835086397,0.30832978901611624,290,0x1.3bbacde0d3c33p-2
transfer_share,1835086398,0.2256449197597037,290,0x1.ce1eec7703038p-3
transfer_share,1835086399,0.2179665117887956,290,0x1.be6539fe0c716p-3
transfer_share,1835086400,0.42162796806820185,290,0x1.afbf3df7ba395p-2
transfer_share,1835086401,0.22397891667363212,290,0x1.cab57550daa48p-3
transfer_share,1835086402,0.24360053973536125,290,0x1.f2e4d6fb9c505p-3
transfer_share,1835086403,0.22276828913392277,290,0x1.c83abda3541ccp-3
transfer_share,1835086404,0.279334184822979,290,0x1.1e09c7d1e0c86p-2
transfer_share,1835086405,0.2548397213526512,290,0x1.04f4b433b9be4p-2
transfer_share,1835086406,0.2527870347287476,290,0x1.02da9abc0d181p-2
transfer_share,1835086407,0.21023150310649671,290,0x1.ae8ddab3735afp-3
transfer_share,1835086408,0.22918126315597195,290,0x1.d55cfc70e30f7p-3
transfer_share,1835086409,0.23883842403747643,290,0x1.e9241ea22733bp-3
transfer_share,1835086410,0.3341274574959005,290,0x1.5625821a8fe53p-2
transfer_share,1835086411,0.43889386446583034,290,0x1.c16d64a92ee5ap-2
transfer_share,1835086412,0.24771820711909026,290,0x1.fb53aef19a1b2p-3
transfer_share,1835086413,0.27653258033812667,290,0x1.1b2b5b5352af4p-2
transfer_share,1835086414,0.27271498028885904,290,0x1.17429885e1367p-2
transfer_share,1835086415,0.2934930902401047,290,0x1.2c8973e0bb9fcp-2
transfer_share,1835086416,0.22050206848542242,290,0x1.c39696a6c30e0p-3
transfer_share,1835086417,0.48667951740295207,290,0x1.f25c1d8b83d4fp-2
transfer_share,1835086418,0.2503119757722986,290,0x1.0051c856f4e82p-2
transfer_share,1835086419,0.20327175435437364,290,0x1.a04cf109387c1p-3
compute_share,1835086300,0.548362821491531,290,0x1.18c303014bfcap-1
compute_share,1835086301,0.5036082374506383,290,0x1.01d8f05bb181ep-1
compute_share,1835086302,0.6365360652792507,290,0x1.45e80e1e32a36p-1
compute_share,1835086303,0.34094756309975455,290,0x1.5d215ba4a8495p-2
compute_share,1835086304,0.6488808141756235,290,0x1.4c3a1b27c5b64p-1
compute_share,1835086305,0.44488266188269626,290,0x1.c78f520d5fda5p-2
compute_share,1835086306,0.4840738842198646,290,0x1.efb1107649bcbp-2
compute_share,1835086307,0.5755156464484839,290,0x1.26a9fc9faa424p-1
compute_share,1835086308,0.4113612281668158,290,0x1.a53be0b746855p-2
compute_share,1835086309,0.4119474441003215,290,0x1.a5d58d0053a11p-2
compute_share,1835086310,0.4584188445113779,290,0x1.d56bbfe42f97bp-2
compute_share,1835086311,0.43684640228289345,290,0x1.bf54a9ccb89d3p-2
compute_share,1835086312,0.33402704628686325,290,0x1.560b2f9f20503p-2
compute_share,1835086313,0.6456446294335672,290,0x1.4a91eed082aaep-1
compute_share,1835086314,0.340486854875725,290,0x1.5ca89609a2f4dp-2
compute_share,1835086315,0.47029669015955583,290,0x1.e195749e9bfe5p-2
compute_share,1835086316,0.566994946635957,290,0x1.224d296198ef4p-1
compute_share,1835086317,0.5319694612198558,290,0x1.105e4d1cd1ee4p-1
compute_share,1835086318,0.30457147282844266,290,0x1.37e1958c5ef06p-2
compute_share,1835086319,0.6203655905095959,290,0x1.3da08f059ad9cp-1
compute_share,1835086320,0.6186924675713936,290,0x1.3cc542550058ap-1
compute_share,1835086321,0.5263154144673956,290,0x1.0d7936c9094aep-1
compute_share,1835086322,0.5244086533747798,290,0x1.0c7f4a7ff7d94p-1
compute_share,1835086323,0.5436976056966809,290,0x1.165f8856c2f16p-1
compute_share,1835086324,0.4677041723192355,290,0x1.deedd7b14165dp-2
compute_share,1835086325,0.3474924767964301,290,0x1.63d5115dc96d5p-2
compute_share,1835086326,0.4164329512164589,290,0x1.aa6d6649ce4a1p-2
compute_share,1835086327,0.40450107535867624,290,0x1.9e3587a7730adp-2
compute_share,1835086328,0.44861288580609054,290,0x1.cb612d2467c61p-2
compute_share,1835086329,0.4853191565521547,290,0x1.f0f781460e23dp-2
compute_share,1835086330,0.4876830171914969,290,0x1.f3632d469bbc3p-2
compute_share,1835086331,0.49235459137305276,290,0x1.f82bcd4fee4a5p-2
compute_share,1835086332,0.5408960559300351,290,0x1.14f053ed8280ap-1
compute_share,1835086333,0.3397899118360615,290,0x1.5bf1e2fb62ed1p-2
compute_share,1835086334,0.44982162318119717,290,0x1.cc9e0a226333dp-2
compute_share,1835086335,0.5051583225265974,290,0x1.02a41c951ba02p-1
compute_share,1835086336,0.2798169919545673,290,0x1.1e8858753d669p-2
compute_share,1835086337,0.3473544238290183,290,0x1.63b0e0c9ddc11p-2
compute_share,1835086338,0.5066844185804411,290,0x1.036c23de643bep-1
compute_share,1835086339,0.3084494438445246,290,0x1.3bda2bc720617p-2
compute_share,1835086340,0.656861701090028,290,0x1.50502d485a6b0p-1
compute_share,1835086341,0.3729733901448799,290,0x1.7decbc83cd51fp-2
compute_share,1835086342,0.5668509385672829,290,0x1.223a4945b4eeep-1
compute_share,1835086343,0.3620247128268049,290,0x1.72b69b37bd5b5p-2
compute_share,1835086344,0.37251634725661803,290,0x1.7d74ece2c52cdp-2
compute_share,1835086345,0.48604052388262203,290,0x1.f1b49b6a6d205p-2
compute_share,1835086346,0.4908691227999496,290,0x1.f6a665342affdp-2
compute_share,1835086347,0.5878939306084254,290,0x1.2d006eeaf5cd2p-1
compute_share,1835086348,0.3531097227043108,290,0x1.6995985ba8985p-2
compute_share,1835086349,0.5209319557419112,290,0x1.0ab797e2b4a5ep-1
compute_share,1835086350,0.5073611632665009,290,0x1.03c4d7a6faf36p-1
compute_share,1835086351,0.46963272463783207,290,0x1.e0e766a5cdaedp-2
compute_share,1835086352,0.20384598445961977,290,0x1.a17a00e56661cp-3
compute_share,1835086353,0.30831894150322475,290,0x1.3bb7f5e9f9893p-2
compute_share,1835086354,0.42280368134623797,290,0x1.b0f372c00abfdp-2
compute_share,1835086355,0.40297754828843085,290,0x1.9ca6257baf2d5p-2
compute_share,1835086356,0.3421412876904501,290,0x1.5e5a4924f79d3p-2
compute_share,1835086357,0.48480488044048015,290,0x1.f070b0c9bb721p-2
compute_share,1835086358,0.3540610398388811,290,0x1.6a8efa2b953edp-2
compute_share,1835086359,0.48079769641444686,290,0x1.ec563b385e65fp-2
compute_share,1835086360,0.3704770031064278,290,0x1.7b5e52d10c7d9p-2
compute_share,1835086361,0.38700176816313464,290,0x1.8c4a310704f41p-2
compute_share,1835086362,0.5329146621510694,290,0x1.10da30cafed6cp-1
compute_share,1835086363,0.44697837230088117,290,0x1.c9b4b2cc34d5dp-2
compute_share,1835086364,0.3410110913710172,290,0x1.5d3202f40c11dp-2
compute_share,1835086365,0.4674120011836789,290,0x1.dea1406b5e049p-2
compute_share,1835086366,0.4283811596605584,290,0x1.b6a98cfbdbcdfp-2
compute_share,1835086367,0.44901266847136906,290,0x1.cbc9fa1a4c007p-2
compute_share,1835086368,0.5575793119101728,290,0x1.1d7b091b29270p-1
compute_share,1835086369,0.6571321880127434,290,0x1.5073a15153cacp-1
compute_share,1835086370,0.3384489167816585,290,0x1.5a925a53c6805p-2
compute_share,1835086371,0.597038665482047,290,0x1.31af0d4d62c0ap-1
compute_share,1835086372,0.4327404086661932,290,0x1.bb204d3b8411fp-2
compute_share,1835086373,0.31625313454432263,290,0x1.43d7dc98805cbp-2
compute_share,1835086374,0.29586817178949915,290,0x1.2ef810e70d869p-2
compute_share,1835086375,0.5324840347596174,290,0x1.10a1bf55de8eep-1
compute_share,1835086376,0.6782603315908164,290,0x1.5b44f02cb69dcp-1
compute_share,1835086377,0.38684503725810954,290,0x1.8c211afe92ecfp-2
compute_share,1835086378,0.4667410992820665,290,0x1.ddf160f476569p-2
compute_share,1835086379,0.4316984145659975,290,0x1.ba0f26312f1d1p-2
compute_share,1835086380,0.42292253007091124,290,0x1.b1129a8d95a5dp-2
compute_share,1835086381,0.49511238908065264,290,0x1.fafebdfbc887dp-2
compute_share,1835086382,0.5177111077064718,290,0x1.09116e28c01e2p-1
compute_share,1835086383,0.48239195085327696,290,0x1.edf827d312e83p-2
compute_share,1835086384,0.40363296354027306,290,0x1.9d51f5a7f8ddbp-2
compute_share,1835086385,0.36499150953461595,290,0x1.75c05593134cdp-2
compute_share,1835086386,0.34732344241305074,290,0x1.63a8c1a931595p-2
compute_share,1835086387,0.566479721352892,290,0x1.2209a14a1da06p-1
compute_share,1835086388,0.3120546189480081,290,0x1.3f8b3efbca2cep-2
compute_share,1835086389,0.5151932127040273,290,0x1.07c7679f5eb44p-1
compute_share,1835086390,0.4763071861194315,290,0x1.e7bd122cee545p-2
compute_share,1835086391,0.4430170389431985,290,0x1.c5a6423753c25p-2
compute_share,1835086392,0.34096442412713407,290,0x1.5d25c72ae6ed3p-2
compute_share,1835086393,0.43939640346674674,290,0x1.c1f1217b7a923p-2
compute_share,1835086394,0.41147368276958235,290,0x1.a5595b6aa3e03p-2
compute_share,1835086395,0.6453153410545946,290,0x1.4a66c5badf862p-1
compute_share,1835086396,0.5181583245204111,290,0x1.094c0c43ee3e8p-1
compute_share,1835086397,0.36234826424466277,290,0x1.730b6c62c5d45p-2
compute_share,1835086398,0.5171552268136437,290,0x1.08c891e43d78cp-1
compute_share,1835086399,0.51515672284172,290,0x1.07c29f39d6e60p-1
compute_share,1835086400,0.3680944796918348,290,0x1.78edc2607550fp-2
compute_share,1835086401,0.46069195705238947,290,0x1.d7bfa1e447ef7p-2
compute_share,1835086402,0.40228812959917143,290,0x1.9bf16b60ca309p-2
compute_share,1835086403,0.34295440502271074,290,0x1.5f2f70865de19p-2
compute_share,1835086404,0.30804704610616773,290,0x1.3b70af529f1fcp-2
compute_share,1835086405,0.34519777407998936,290,0x1.617b86794d5d3p-2
compute_share,1835086406,0.5634486567542667,290,0x1.207c57a3782b4p-1
compute_share,1835086407,0.33572776025044654,290,0x1.57c9049a8a3c9p-2
compute_share,1835086408,0.47843369818267373,290,0x1.e9ea85fbfee47p-2
compute_share,1835086409,0.42370157288541893,290,0x1.b1ded33b39fe7p-2
compute_share,1835086410,0.49040270396411373,290,0x1.f62c205d95569p-2
compute_share,1835086411,0.4735901340640874,290,0x1.e4f4cfe60dd5dp-2
compute_share,1835086412,0.5408084148847354,290,0x1.14e4d72ea9bf6p-1
compute_share,1835086413,0.42964016378206044,290,0x1.b7f39751f7d79p-2
compute_share,1835086414,0.616173762685275,290,0x1.3b7b209ec5e62p-1
compute_share,1835086415,0.5260287808415498,290,0x1.0d53a4f4f03c0p-1
compute_share,1835086416,0.3138516562237637,290,0x1.4162541d1b22dp-2
compute_share,1835086417,0.7042146610193978,290,0x1.688ed2f4e2530p-1
compute_share,1835086418,0.38751377108838486,290,0x1.8cd068f64c067p-2
compute_share,1835086419,0.546367244260475,290,0x1.17bd728b68a50p-1
