channel,seed,post_burn_in_records,maximum_statistic
entropy,1835086300,290,0.06324809166901257
entropy,1835086301,290,0.06211185963080923
entropy,1835086302,290,0.047881925944261994
entropy,1835086303,290,0.06605016588910884
entropy,1835086304,290,0.10930517524555372
entropy,1835086305,290,0.08202065399415226
entropy,1835086306,290,0.06919480023851521
entropy,1835086307,290,0.20130647120718637
entropy,1835086308,290,0.05442734746704192
entropy,1835086309,290,0.05067430802931949
entropy,1835086310,290,0.08285199173444469
entropy,1835086311,290,0.12827279289751914
entropy,1835086312,290,0.1433997511843813
entropy,1835086313,290,0.1292473746239019
entropy,1835086314,290,0.08174980592288605
entropy,1835086315,290,0.1276749106274312
entropy,1835086316,290,0.06698969934677734
entropy,1835086317,290,0.044591571299299915
entropy,1835086318,290,0.05121944788908395
entropy,1835086319,290,0.06977520025190043
entropy,1835086320,290,0.08146642812391358
entropy,1835086321,290,0.07695537755061288
entropy,1835086322,290,0.07249917389931504
entropy,1835086323,290,0.11244809046686854
entropy,1835086324,290,0.125276425142689
entropy,1835086325,290,0.09587738700784254
entropy,1835086326,290,0.04648083229330813
entropy,1835086327,290,0.04153977969613876
entropy,1835086328,290,0.1484008394849482
entropy,1835086329,290,0.172562894307133
entropy,1835086330,290,0.06997116885726784
entropy,1835086331,290,0.16434696906954438
entropy,1835086332,290,0.07014361433977379
entropy,1835086333,290,0.06646864583264389
entropy,1835086334,290,0.07622520145105516
entropy,1835086335,290,0.11012216317606549
entropy,1835086336,290,0.07637357337969075
entropy,1835086337,290,0.05345217617582876
entropy,1835086338,290,0.04766427272876961
entropy,1835086339,290,0.08917161079349645
entropy,1835086340,290,0.08317230367790085
entropy,1835086341,290,0.11338795224041687
entropy,1835086342,290,0.19784146230896715
entropy,1835086343,290,0.07995168991749568
entropy,1835086344,290,0.07089490164679724
entropy,1835086345,290,0.16764883087607751
entropy,1835086346,290,0.06483641247740368
entropy,1835086347,290,0.04535009900681242
entropy,1835086348,290,0.0931699685639904
entropy,1835086349,290,0.06739719321690185
entropy,1835086350,290,0.06274311684825207
entropy,1835086351,290,0.09088661245870433
entropy,1835086352,290,0.10198168310670175
entropy,1835086353,290,0.13214495580133678
entropy,1835086354,290,0.0905810567792229
entropy,1835086355,290,0.14520699883981147
entropy,1835086356,290,0.05985848682724171
entropy,1835086357,290,0.06803746864688309
entropy,1835086358,290,0.08174995538792929
entropy,1835086359,290,0.13726146293468533
entropy,1835086360,290,0.05882497928719388
entropy,1835086361,290,0.04426929673028557
entropy,1835086362,290,0.07005908194114463
entropy,1835086363,290,0.05475541211252688
entropy,1835086364,290,0.038305926416940195
entropy,1835086365,290,0.17099540002408553
entropy,1835086366,290,0.07661329162278996
entropy,1835086367,290,0.04825175763389156
entropy,1835086368,290,0.07884329487829167
entropy,1835086369,290,0.08026517901565011
entropy,1835086370,290,0.07029657559759239
entropy,1835086371,290,0.14094271748282716
entropy,1835086372,290,0.059256609177333774
entropy,1835086373,290,0.06894371763747986
entropy,1835086374,290,0.09563151713071327
entropy,1835086375,290,0.09410586790603792
entropy,1835086376,290,0.06518057087400286
entropy,1835086377,290,0.15444678015234092
entropy,1835086378,290,0.16663846345587296
entropy,1835086379,290,0.09711554573631354
entropy,1835086380,290,0.04995626607907022
entropy,1835086381,290,0.0530213559953433
entropy,1835086382,290,0.1015858502202488
entropy,1835086383,290,0.05706184235525724
entropy,1835086384,290,0.06080051100068662
entropy,1835086385,290,0.04729702632648192
entropy,1835086386,290,0.1109607207468436
entropy,1835086387,290,0.0506782821885412
entropy,1835086388,290,0.05990348886197061
entropy,1835086389,290,0.14461070607132276
entropy,1835086390,290,0.06918807173236119
entropy,1835086391,290,0.055356830739528795
entropy,1835086392,290,0.04300350711019996
entropy,1835086393,290,0.11103997983281932
entropy,1835086394,290,0.09060393783526888
entropy,1835086395,290,0.06083993856290226
entropy,1835086396,290,0.03190454012368371
entropy,1835086397,290,0.0993699657638466
entropy,1835086398,290,0.1548472435160515
entropy,1835086399,290,0.09382418965210981
entropy,1835086400,290,0.048043183483457375
entropy,1835086401,290,0.11659779153375194
entropy,1835086402,290,0.05997603484085878
entropy,1835086403,290,0.10027403816949987
entropy,1835086404,290,0.057456166285678734
entropy,1835086405,290,0.1010211298722532
entropy,1835086406,290,0.06587878836557026
entropy,1835086407,290,0.12390666861290212
entropy,1835086408,290,0.09357862165633468
entropy,1835086409,290,0.0474152747190042
entropy,1835086410,290,0.06980029742649296
entropy,1835086411,290,0.08009997669278768
entropy,1835086412,290,0.03528716002509957
entropy,1835086413,290,0.2714523254894583
entropy,1835086414,290,0.17035324252626938
entropy,1835086415,290,0.028617441502578056
entropy,1835086416,290,0.12404286164623868
entropy,1835086417,290,0.10766821154689254
entropy,1835086418,290,0.046673648058836115
entropy,1835086419,290,0.06179129075821588
g,1835086300,290,1.3723793776467204
g,1835086301,290,0.8265646986439343
g,1835086302,290,5.396161623736302
g,1835086303,290,1.246472822991666
g,1835086304,290,2.344859218214844
g,1835086305,290,0.857453275459997
g,1835086306,290,1.5395777983994232
g,1835086307,290,0.9915517224912518
g,1835086308,290,1.1679668819563866
g,1835086309,290,0.8219914443826584
g,1835086310,290,0.3928775662234645
g,1835086311,290,0.8766347765313611
g,1835086312,290,0.812889984324189
g,1835086313,290,4.4875145426366645
g,1835086314,290,0.2956996292171947
g,1835086315,290,0.8690397494222604
g,1835086316,290,1.024984846209685
g,1835086317,290,2.639165526755976
g,1835086318,290,1.4054037928422758
g,1835086319,290,2.2411608562666485
g,1835086320,290,3.3433107287053714
g,1835086321,290,0.45266826193737053
g,1835086322,290,0.8693675965249079
g,1835086323,290,0.8306217877416542
g,1835086324,290,0.13419270495000757
g,1835086325,290,0.5331190596277657
g,1835086326,290,1.5705116509570194
g,1835086327,290,0.8610962812486882
g,1835086328,290,0.5417159045782589
g,1835086329,290,0.7877319688232802
g,1835086330,290,1.789750559676455
g,1835086331,290,1.8617902719846422
g,1835086332,290,1.0678640091105043
g,1835086333,290,1.790640002104119
g,1835086334,290,2.085708178898119
g,1835086335,290,0.7655430280364783
g,1835086336,290,0.3386985832223426
g,1835086337,290,0.7256051545215503
g,1835086338,290,0.9062606661415975
g,1835086339,290,1.6173965631142122
g,1835086340,290,2.129097440117647
g,1835086341,290,1.3302044021376263
g,1835086342,290,5.416883868824323
g,1835086343,290,1.112758855806028
g,1835086344,290,1.1936896878408454
g,1835086345,290,0.33759678931816883
g,1835086346,290,1.8357498931922873
g,1835086347,290,1.202477519839167
g,1835086348,290,1.9275426577374242
g,1835086349,290,2.5839863937714167
g,1835086350,290,0.838646893553342
g,1835086351,290,2.429789840810054
g,1835086352,290,0.7271744025882843
g,1835086353,290,1.095126608464019
g,1835086354,290,1.2606113735379176
g,1835086355,290,0.5935900578527653
g,1835086356,290,1.4802962885991968
g,1835086357,290,1.5635697533721113
g,1835086358,290,1.752672859301348
g,1835086359,290,2.84233213383785
g,1835086360,290,2.7474378037271094
g,1835086361,290,1.4492402893149883
g,1835086362,290,0.9429762759300575
g,1835086363,290,4.351409257663999
g,1835086364,290,1.7503188105434087
g,1835086365,290,2.3060499571391118
g,1835086366,290,0.9283850635012003
g,1835086367,290,0.46190894400426097
g,1835086368,290,0.5588749076433293
g,1835086369,290,1.1823771790228832
g,1835086370,290,1.6145440414278986
g,1835086371,290,4.039452993090459
g,1835086372,290,1.1236277717389294
g,1835086373,290,0.2611939466338067
g,1835086374,290,0.6471540156439535
g,1835086375,290,3.0309118597207467
g,1835086376,290,0.8839984607106552
g,1835086377,290,0.4847987257426909
g,1835086378,290,0.46791688540937026
g,1835086379,290,1.9658316494966106
g,1835086380,290,1.3379863213857088
g,1835086381,290,4.498145489674058
g,1835086382,290,1.575257971674869
g,1835086383,290,2.06287769591804
g,1835086384,290,2.0781424301429077
g,1835086385,290,0.5423669531156836
g,1835086386,290,0.35046482486321096
g,1835086387,290,0.7132392593701347
g,1835086388,290,2.5990123177239264
g,1835086389,290,0.5558524491407741
g,1835086390,290,4.881521684469589
g,1835086391,290,1.1399621136536655
g,1835086392,290,0.30332337586946156
g,1835086393,290,0.7514382232636798
g,1835086394,290,2.0174112358295915
g,1835086395,290,2.0637053520816906
g,1835086396,290,1.3889565182293404
g,1835086397,290,1.264840060107691
g,1835086398,290,0.28513139081785366
g,1835086399,290,0.6060358386388469
g,1835086400,290,2.167245581541911
g,1835086401,290,1.1776866159674604
g,1835086402,290,1.2641645203562335
g,1835086403,290,1.4962441654599263
g,1835086404,290,0.773609329867277
g,1835086405,290,3.4175650737113346
g,1835086406,290,1.1386830923578757
g,1835086407,290,1.7056474625333713
g,1835086408,290,1.1717555226125265
g,1835086409,290,0.8422323081013479
g,1835086410,290,2.346218468402019
g,1835086411,290,1.5459698136177826
g,1835086412,290,2.4393419700990675
g,1835086413,290,0.5439839908101296
g,1835086414,290,2.3595512966520262
g,1835086415,290,0.7032666133854844
g,1835086416,290,0.4467289980933442
g,1835086417,290,2.12153543261559
g,1835086418,290,1.7534967095584022
g,1835086419,290,0.29943655357023324
L,1835086300,290,8.979032358212248
L,1835086301,290,5.0479669719315705
L,1835086302,290,6.577549149826244
L,1835086303,290,3.488245529231953
L,1835086304,290,5.110217598341401
L,1835086305,290,3.4219822575547862
L,1835086306,290,5.231926610596673
L,1835086307,290,28.359256498844122
L,1835086308,290,5.401793813329753
L,1835086309,290,3.7792057754764183
L,1835086310,290,7.507124232224362
L,1835086311,290,4.13298063703112
L,1835086312,290,4.727426670419895
L,1835086313,290,4.081033245292561
L,1835086314,290,3.4824680372809014
L,1835086315,290,7.3063870971219185
L,1835086316,290,3.8167692567053995
L,1835086317,290,4.9775157547554505
L,1835086318,290,4.471867341133031
L,1835086319,290,6.663350425931099
L,1835086320,290,8.178562578635633
L,1835086321,290,4.8603049796854645
L,1835086322,290,3.3097141964864947
L,1835086323,290,3.7266053570392255
L,1835086324,290,10.971698382443945
L,1835086325,290,4.7714223733175025
L,1835086326,290,4.331335269169722
L,1835086327,290,5.133157242538866
L,1835086328,290,15.008379527652409
L,1835086329,290,3.7571034499057014
L,1835086330,290,6.491227645021008
L,1835086331,290,8.030991446174975
L,1835086332,290,3.7297196721024894
L,1835086333,290,6.94243529782639
L,1835086334,290,3.960205257661298
L,1835086335,290,11.75179639683761
L,1835086336,290,3.541415839508268
L,1835086337,290,3.472537835129916
L,1835086338,290,5.0610681383650356
L,1835086339,290,7.350035375823478
L,1835086340,290,3.6014290245150375
L,1835086341,290,14.036206953386905
L,1835086342,290,13.292506213797665
L,1835086343,290,9.156964382041764
L,1835086344,290,5.208393488738736
L,1835086345,290,10.75088618725252
L,1835086346,290,6.526572925918908
L,1835086347,290,4.421805488694982
L,1835086348,290,5.78022587234902
L,1835086349,290,4.9768922554347625
L,1835086350,290,4.410810994027106
L,1835086351,290,5.188183213228148
L,1835086352,290,4.591847987884096
L,1835086353,290,7.477327403689296
L,1835086354,290,9.098849899642161
L,1835086355,290,8.150392449204443
L,1835086356,290,3.700040788803266
L,1835086357,290,4.507750543072819
L,1835086358,290,5.496923612917095
L,1835086359,290,8.067139865131585
L,1835086360,290,4.432697302872491
L,1835086361,290,4.535620869129701
L,1835086362,290,8.598103321894303
L,1835086363,290,3.6036732892402514
L,1835086364,290,4.159507397264872
L,1835086365,290,10.673505290892887
L,1835086366,290,16.135790602879077
L,1835086367,290,4.354505958667939
L,1835086368,290,12.574093647531043
L,1835086369,290,8.151895827355633
L,1835086370,290,8.990208497874134
L,1835086371,290,11.614131872990095
L,1835086372,290,3.989801237471551
L,1835086373,290,3.4526414840684825
L,1835086374,290,5.548461801642346
L,1835086375,290,6.958396084268838
L,1835086376,290,3.950846075192131
L,1835086377,290,6.936804483450563
L,1835086378,290,4.868545491750697
L,1835086379,290,4.543798435408597
L,1835086380,290,3.1097594998248796
L,1835086381,290,7.460307457408256
L,1835086382,290,11.389521412641487
L,1835086383,290,4.218191066396892
L,1835086384,290,5.8220263019029
L,1835086385,290,7.415305570062264
L,1835086386,290,5.038753448868528
L,1835086387,290,4.840070928572637
L,1835086388,290,6.2026100530803845
L,1835086389,290,7.673553578526015
L,1835086390,290,6.75549546266447
L,1835086391,290,3.534624478543384
L,1835086392,290,6.7387507609335815
L,1835086393,290,3.4783977946836484
L,1835086394,290,5.741352106346596
L,1835086395,290,3.1848636074021153
L,1835086396,290,8.256448748651463
L,1835086397,290,4.623390535868012
L,1835086398,290,3.1640123418362585
L,1835086399,290,4.965690748424899
L,1835086400,290,3.981038360965365
L,1835086401,290,3.958968788623541
L,1835086402,290,3.6993402405788096
L,1835086403,290,4.695925517632306
L,1835086404,290,5.16462611791344
L,1835086405,290,10.277612318073691
L,1835086406,290,17.2646951427613
L,1835086407,290,21.28421744366339
L,1835086408,290,15.740388881181689
L,1835086409,290,3.3159420383443754
L,1835086410,290,2.5035543050345144
L,1835086411,290,6.1684760384507555
L,1835086412,290,4.253116302816104
L,1835086413,290,19.146925356305378
L,1835086414,290,5.104858359848737
L,1835086415,290,4.7110053165828125
L,1835086416,290,5.699747900325547
L,1835086417,290,10.445458652143545
L,1835086418,290,3.266985782637917
L,1835086419,290,3.509060141724641
