seed,status,recorded_rows,raw_log,reason
1835086396,PARTIAL_NOT_COMPLETE,299,detector_run_cal_H_1835086396_steps_attempt1.csv.partial,Stopped after the coordinator exception
1835086398,PARTIAL_NOT_COMPLETE,296,detector_run_cal_H_1835086398_steps_attempt1.csv.partial,Stopped after the coordinator exception
1835086399,PARTIAL_NOT_COMPLETE,299,detector_run_cal_H_1835086399_steps_attempt1.csv.partial,Stopped after the coordinator exception
1835086400,PARTIAL_NOT_COMPLETE,294,detector_run_cal_H_1835086400_steps_attempt1.csv.partial,Stopped after the coordinator exception
1835086401,PARTIAL_NOT_COMPLETE,291,detector_run_cal_H_1835086401_steps_attempt1.csv.partial,Stopped after the coordinator exception
1835086402,PARTIAL_NOT_COMPLETE,297,detector_run_cal_H_1835086402_steps_attempt1.csv.partial,Stopped after the coordinator exception
1835086403,PARTIAL_NOT_COMPLETE,294,detector_run_cal_H_1835086403_steps_attempt1.csv.partial,Stopped after the coordinator exception
1835086404,PARTIAL_NOT_COMPLETE,284,detector_run_cal_H_1835086404_steps_attempt1.csv.partial,Stopped after the coordinator exception
1835086405,PARTIAL_NOT_COMPLETE,18,detector_run_cal_H_1835086405_steps_attempt1.csv.partial,Stopped after the coordinator exception
1835086406,PARTIAL_NOT_COMPLETE,12,detector_run_cal_H_1835086406_steps_attempt1.csv.partial,Stopped after the coordinator exception
1835086407,PARTIAL_NOT_COMPLETE,5,detector_run_cal_H_1835086407_steps_attempt1.csv.partial,Stopped after the coordinator exception
1835086408,PARTIAL_NOT_COMPLETE,5,detector_run_cal_H_1835086408_steps_attempt1.csv.partial,Stopped after the coordinator exception
1835086409,PARTIAL_NOT_COMPLETE,0,detector_run_cal_H_1835086409_steps_attempt1.csv.partial,Stopped after the coordinator exception
1835086410,NOT_LAUNCHED,0,null,Not dispatched before halt
1835086411,NOT_LAUNCHED,0,null,Not dispatched before halt
1835086412,NOT_LAUNCHED,0,null,Not dispatched before halt
1835086413,NOT_LAUNCHED,0,null,Not dispatched before halt
1835086414,NOT_LAUNCHED,0,null,Not dispatched before halt
1835086415,NOT_LAUNCHED,0,null,Not dispatched before halt
1835086416,NOT_LAUNCHED,0,null,Not dispatched before halt
1835086417,NOT_LAUNCHED,0,null,Not dispatched before halt
1835086418,NOT_LAUNCHED,0,null,Not dispatched before halt
1835086419,NOT_LAUNCHED,0,null,Not dispatched before halt
