arm,seed,steps_completed,end_reason,extinct,shape_fallback_increase_step_0,shape_fallback_permitted_increase_after_step_0,shape_fallback_nonpermitted_increase_count,first_fewer_than_two_novelty_vectors_step,adapter_active_steps,action_modified_steps,recorder_rng_unchanged_calls,raw_entropy_exact_matches,elapsed_seconds,raw_log,raw_log_sha256
H,1835086300,300,step_limit,False,2,0,0,null,0,0,300,300,86.33610899999985,detector_run_cal_H_1835086300_steps_attempt1.csv,0dfc7753cc02343dae1a21848482ebbcbc1a1d7567045e2a0c4db0a37e34ba25
H,1835086301,300,step_limit,False,2,0,0,null,0,0,300,300,86.1314986999987,detector_run_cal_H_1835086301_steps_attempt1.csv,cbf69e967382dc1c2bcd7a7443eb4919a1532215873188e5cf4ee25b73ba257a
H,1835086302,300,step_limit,False,2,0,0,null,0,0,300,300,87.12271599999985,detector_run_cal_H_1835086302_steps_attempt1.csv,9be2d51fc7f6ff363f4b6282931f9e1cb383e33673b1fbded4e632d21343f59b
H,1835086303,300,step_limit,False,2,0,0,null,0,0,300,300,85.06438630000048,detector_run_cal_H_1835086303_steps_attempt1.csv,3618fdf8f55903942c62fc7894bb4626dba5ff9e37dd6e1628736d5bbe9b9963
H,1835086304,300,step_limit,False,2,0,0,null,0,0,300,300,85.83145559999866,detector_run_cal_H_1835086304_steps_attempt1.csv,2d3af5b21719df63215db912d7389e1820247e983fb78b0cd6ae9577a82ea824
H,1835086305,300,step_limit,False,2,0,0,null,0,0,300,300,85.07957999999962,detector_run_cal_H_1835086305_steps_attempt1.csv,f0fac2b9d8eb6c9a8f4dec372a75f9e9743b64c9824e92b8f9ff79c609fe9eb8
H,1835086306,300,step_limit,False,2,0,0,null,0,0,300,300,86.21046650000062,detector_run_cal_H_1835086306_steps_attempt1.csv,f2af61077add09b52a678dd30888e026f9cd4055758e22e06630aff5f6445652
H,1835086307,300,step_limit,False,2,0,0,null,0,0,300,300,85.58098439999958,detector_run_cal_H_1835086307_steps_attempt1.csv,bb0e52f3a1ef87384333c60aa2e0f44822620ab22982eca1b9f2e92bae0a17cc
H,1835086308,300,step_limit,False,2,0,0,null,0,0,300,300,86.62545800000044,detector_run_cal_H_1835086308_steps_attempt1.csv,e34fa0d4fbb4ca36ecf9bb2e978902f7669197e589ed55d2c6d8834a9b4eee58
H,1835086309,300,step_limit,False,2,0,0,null,0,0,300,300,86.47062780000124,detector_run_cal_H_1835086309_steps_attempt1.csv,9186ca2a7d74d357c1cfa50d88dfb6e5a8097a0a0ff8aa23fdd0578350f4145a
H,1835086310,300,step_limit,False,2,0,0,null,0,0,300,300,85.85306149999997,detector_run_cal_H_1835086310_steps_attempt1.csv,0b6b6a0269f6f9af01c2608dbaf7030aa42812d6ff3f3525a8f2f252d179adaa
H,1835086311,300,step_limit,False,2,0,0,null,0,0,300,300,86.02198010000029,detector_run_cal_H_1835086311_steps_attempt1.csv,af34e5cd4e735ae42d2f87bab47260192e8b13315b8e88fd279f5059939950eb
H,1835086312,300,step_limit,False,2,0,0,null,0,0,300,300,86.61077950000072,detector_run_cal_H_1835086312_steps_attempt1.csv,0572fc5b2c94299a12bdeb4fc4e3c40fda80e251e2ebb8abc613775b0260884b
H,1835086313,300,step_limit,False,2,0,0,null,0,0,300,300,86.58471849999842,detector_run_cal_H_1835086313_steps_attempt1.csv,d357962b190e8f668979ab407b81365f0e742ab57f3f85f2558160568dfdbc78
H,1835086314,300,step_limit,False,2,0,0,null,0,0,300,300,85.45705269999962,detector_run_cal_H_1835086314_steps_attempt1.csv,b2739d104cedbc71a23ff7cbc0656aeebc01930f10905ede0858e0175ec8d682
H,1835086315,300,step_limit,False,2,0,0,null,0,0,300,300,96.01686490000066,detector_run_cal_H_1835086315_steps_attempt1.csv,77beb278a11ec08d29e06c3ca0201a39934bc4d0172daf8199cd41472bb32c16
H,1835086316,300,step_limit,False,2,0,0,null,0,0,300,300,97.72201529999984,detector_run_cal_H_1835086316_steps_attempt1.csv,cc1f7e14c5701054903dcf840b9d0b962243137096683a4758ea70b7c66694cd
H,1835086317,300,step_limit,False,2,0,0,null,0,0,300,300,97.9686700000002,detector_run_cal_H_1835086317_steps_attempt1.csv,e8ca92e173973a54afa8e491b68077532f762d99a303a552f9c8e8fed5172296
H,1835086318,300,step_limit,False,2,0,0,null,0,0,300,300,97.06609610000123,detector_run_cal_H_1835086318_steps_attempt1.csv,b1ad16e76f9735baf7ea780bf61f72f06af158f21cc77a3673d6e87e815b9b28
H,1835086319,300,step_limit,False,2,0,0,null,0,0,300,300,98.05145709999852,detector_run_cal_H_1835086319_steps_attempt1.csv,a85c8e1f48e375cbb9cdabcebaa0cca3be1fb370b0e18ed180e82c29b8e488e9
H,1835086320,300,step_limit,False,2,0,0,null,0,0,300,300,98.82711589999963,detector_run_cal_H_1835086320_steps_attempt1.csv,b083224458253bdc37dd94b16ee2562769685f0fbdcf1c763ed798e773ccc4ef
H,1835086321,300,step_limit,False,2,0,0,null,0,0,300,300,97.57259759999943,detector_run_cal_H_1835086321_steps_attempt1.csv,316d61c1d3c95a6c23581a9c3aee7640e582f086c545963b745ec88a18785af6
H,1835086322,300,step_limit,False,2,0,0,null,0,0,300,300,99.0751638999991,detector_run_cal_H_1835086322_steps_attempt1.csv,a68f1ecb9deb2a0a6829e1414b8ae1da9c1fb18f92c93473acf24329d2403c98
H,1835086323,300,step_limit,False,2,0,0,null,0,0,300,300,99.05511540000043,detector_run_cal_H_1835086323_steps_attempt1.csv,85439058e68476c35f3a2de53fd1a8685e043a482e3327e6844d36d163b92dce
H,1835086324,300,step_limit,False,2,0,0,null,0,0,300,300,97.88847309999983,detector_run_cal_H_1835086324_steps_attempt1.csv,f3300576c38ca95940134df20ce4cb7c5b854f43cd2ac7c5d68f650fb5c2f527
H,1835086325,300,step_limit,False,2,0,0,null,0,0,300,300,97.9045870000009,detector_run_cal_H_1835086325_steps_attempt1.csv,ccebe15ba248c7d2f7557c5b32a47faaf019cf385a49f38c6e673fea207d45bb
H,1835086326,300,step_limit,False,2,0,0,null,0,0,300,300,98.55202559999998,detector_run_cal_H_1835086326_steps_attempt1.csv,60be9918a82e79ff841a19eb010537ec13c13f0dfe6c7bcf1941c7cbe3627546
H,1835086327,300,step_limit,False,2,0,0,null,0,0,300,300,98.26776570000038,detector_run_cal_H_1835086327_steps_attempt1.csv,cdd77344e29a7a1e7d1cf7f63d904cf005458f3f45a611d408f8d9acb19629fa
H,1835086328,300,step_limit,False,2,0,0,null,0,0,300,300,98.24988860000121,detector_run_cal_H_1835086328_steps_attempt1.csv,57270e66fad72117df7fa81c4b133fa3157e4a0cac23b433213995799c54cb66
H,1835086329,300,step_limit,False,2,0,0,null,0,0,300,300,96.95902519999981,detector_run_cal_H_1835086329_steps_attempt1.csv,bb62854a62106589cc1c22e8b3630faadad1505b7fd6bcf69c92201caf096a5d
H,1835086330,300,step_limit,False,2,0,0,null,0,0,300,300,96.69255399999929,detector_run_cal_H_1835086330_steps_attempt1.csv,e4bbf6a9151a6ee44aff01bc34e327f04e85e09db57ced1176d8bef89319b5ff
H,1835086331,300,step_limit,False,2,0,0,null,0,0,300,300,100.58687520000058,detector_run_cal_H_1835086331_steps_attempt1.csv,3de0b0c1b3b41ec06cc84393987c287cd4eaac33c5dae9431acf53bcb573a73a
H,1835086332,300,step_limit,False,2,0,0,null,0,0,300,300,96.80307940000057,detector_run_cal_H_1835086332_steps_attempt1.csv,12f76f0c141b0765d85228c8485ded12b0906fc3d6ca8a08966227cba3abb04d
H,1835086333,300,step_limit,False,2,0,0,null,0,0,300,300,95.63658789999863,detector_run_cal_H_1835086333_steps_attempt1.csv,3290616409c528f1e2d976f0cce7b238bbda3b15b85cb506d9ac7cecb409be02
H,1835086334,300,step_limit,False,2,0,0,null,0,0,300,300,98.4563306,detector_run_cal_H_1835086334_steps_attempt1.csv,401d23be5e18e1803d0c29c00d66766429636073a5136f214169b0aab0c4b8c7
H,1835086335,300,step_limit,False,2,0,0,null,0,0,300,300,98.0451193000008,detector_run_cal_H_1835086335_steps_attempt1.csv,e28821a3fb6be8469421b2de183102c026face8a7033962e112b0813dbb6df9a
H,1835086336,300,step_limit,False,2,0,0,null,0,0,300,300,98.98935720000009,detector_run_cal_H_1835086336_steps_attempt1.csv,8b80bde40f7167e81858088eb73b31d48d50be8aee0b161e5ed30d0ca9ef0f47
H,1835086337,300,step_limit,False,2,0,0,null,0,0,300,300,98.50115689999984,detector_run_cal_H_1835086337_steps_attempt1.csv,970f70971d83fc31b4b3c4c86e8244adbef11fcc11133abf89500eb2aa601566
H,1835086338,300,step_limit,False,2,0,0,null,0,0,300,300,97.85692310000013,detector_run_cal_H_1835086338_steps_attempt1.csv,5d2bfd9807eb70638c8260f8ca4b9ef6e4a6360e004221e11bb40ab16ebe0c86
H,1835086339,300,step_limit,False,2,0,0,null,0,0,300,300,98.11004250000042,detector_run_cal_H_1835086339_steps_attempt1.csv,59c16f1e45b3dc2b4b73b9c1cbc0ef1bbf01bca1902dfe5a9fc99d80a50c6889
H,1835086340,300,step_limit,False,2,0,0,null,0,0,300,300,97.04966100000092,detector_run_cal_H_1835086340_steps_attempt1.csv,ddb624fc7f9fdbf011e4bf8f3aa169c2684e6754144f15251ec518a1f08385c2
H,1835086341,300,step_limit,False,2,0,0,null,0,0,300,300,98.17041839999911,detector_run_cal_H_1835086341_steps_attempt1.csv,daea175b275e04370e24bb588383bad63ef8f2936f5bdd40cc6dab9ff4ee3a08
H,1835086342,300,step_limit,False,2,0,0,null,0,0,300,300,97.7212483000003,detector_run_cal_H_1835086342_steps_attempt1.csv,7b96ae4277e46020fd81fc08ef968a3f5e2fe2fcf566d52a8f5dbbfaec28e878
H,1835086343,300,step_limit,False,2,0,0,null,0,0,300,300,98.37486579999859,detector_run_cal_H_1835086343_steps_attempt1.csv,8e3d016d17cc5721f1a7115ebe22b89fce19ac5d999e5a18e1e0fe62674d8b8c
H,1835086344,300,step_limit,False,2,0,0,null,0,0,300,300,97.97594389999904,detector_run_cal_H_1835086344_steps_attempt1.csv,d88f3092143d3729196416bd2885ca5bb4a542e01f6e122da2d628ae5a926982
H,1835086345,300,step_limit,False,2,0,0,null,0,0,300,300,95.0149607000003,detector_run_cal_H_1835086345_steps_attempt1.csv,cb960b9a2254cb8d8dd9629485d39cb3cd528ee5fcc7855a0d46c22c47f41623
H,1835086346,300,step_limit,False,2,0,0,null,0,0,300,300,94.24648780000098,detector_run_cal_H_1835086346_steps_attempt1.csv,343814825ab6bbd5a3e41a4bb43484f51873cf8a8d1779ba1f15e44045a846ec
H,1835086347,300,step_limit,False,2,0,0,null,0,0,300,300,95.2941950000004,detector_run_cal_H_1835086347_steps_attempt1.csv,4e96e9dfe5bc6022ec040f3b1ec3f80b8edc89ae60facacec18d7b00457282c3
H,1835086348,300,step_limit,False,2,0,0,null,0,0,300,300,93.41273069999988,detector_run_cal_H_1835086348_steps_attempt1.csv,ba5177d1cd34205300ef0e1eeb6476b053008ceab566a0ef4495f0a25cdf0671
H,1835086349,300,step_limit,False,2,0,0,null,0,0,300,300,94.98168740000074,detector_run_cal_H_1835086349_steps_attempt1.csv,df68263d53dec01eed16aaea05262e79aee794658a7e8acac4acfc4397a60e27
H,1835086350,300,step_limit,False,2,0,0,null,0,0,300,300,95.66569899999922,detector_run_cal_H_1835086350_steps_attempt1.csv,d718bd0ce5ef5877cab0c1ade058ca1854bcb0d9f996e5d873db2d586c9b709e
H,1835086351,300,step_limit,False,2,0,0,null,0,0,300,300,94.94458449999911,detector_run_cal_H_1835086351_steps_attempt1.csv,be9678dd9a367cf1c292eaf9dd6f7226ceca339447bf95a23b6bd0110d48141e
H,1835086352,300,step_limit,False,2,0,0,null,0,0,300,300,94.64254299999993,detector_run_cal_H_1835086352_steps_attempt1.csv,cc4173af2dc8a97c296b6d33286acedd2e7fdcceffebd712d05f71d6c30c5489
H,1835086353,300,step_limit,False,2,0,0,null,0,0,300,300,95.37871139999879,detector_run_cal_H_1835086353_steps_attempt1.csv,a6079034c7da2e4e54024efbadd966c68625934b95c3f9159c182e781976f64f
H,1835086354,300,step_limit,False,2,0,0,null,0,0,300,300,95.53360699999939,detector_run_cal_H_1835086354_steps_attempt1.csv,06e8c94dfdc70b9dab116bee6777f5a78d8f6cf8240af322001cf46793461b4c
H,1835086355,300,step_limit,False,2,0,0,null,0,0,300,300,95.53271369999857,detector_run_cal_H_1835086355_steps_attempt1.csv,c445dc9b29739e903dadec5edf7633bfabaf293e840ec6e113749b4f89202a52
H,1835086356,300,step_limit,False,2,0,0,null,0,0,300,300,94.84698589999971,detector_run_cal_H_1835086356_steps_attempt1.csv,1db085f92c6b63dd100e0e54a1100ac4406ab3ce90a180d1f8db553519c560d4
H,1835086357,300,step_limit,False,2,0,0,null,0,0,300,300,95.14700369999991,detector_run_cal_H_1835086357_steps_attempt1.csv,d6185ac7c4a5d409438e4e4e416d28e18dcc93c41d2b43fcea291f0c93ee53a7
H,1835086358,300,step_limit,False,2,0,0,null,0,0,300,300,95.97558589999971,detector_run_cal_H_1835086358_steps_attempt1.csv,53f80f2aaaee205fc7bb9de60ef250e7b499c30b6b6553b6a18457ed4c27aeaa
H,1835086359,300,step_limit,False,2,0,0,null,0,0,300,300,95.96089340000071,detector_run_cal_H_1835086359_steps_attempt1.csv,e1600aef927f06dd1b1ad99bdc11c6b0617141a28ed2cf181a1fe72e93f4b769
H,1835086360,300,step_limit,False,2,0,0,null,0,0,300,300,91.54700840000078,detector_run_cal_H_1835086360_steps_attempt1.csv,949080ba2678d36e1bff9384d7fae3cee95babed0a3dc0af2b621812f04df2d1
H,1835086361,300,step_limit,False,2,0,0,null,0,0,300,300,93.75094700000045,detector_run_cal_H_1835086361_steps_attempt1.csv,6afecb9e9bf94e777e18b0fa1d4964571e3ee4658ca9bbcb19b8dfd166cddc92
H,1835086362,300,step_limit,False,2,0,0,null,0,0,300,300,92.57662460000029,detector_run_cal_H_1835086362_steps_attempt1.csv,5f0982fcbb7e15a736eeab64ce2c0a3ff485a52521ae6624a1cedfd5b0a83cdb
H,1835086363,300,step_limit,False,2,0,0,null,0,0,300,300,93.69864439999947,detector_run_cal_H_1835086363_steps_attempt1.csv,1b4326c7a7d46993d92125bada06290a24c55b74ff964ceebdea9be09ab361ce
H,1835086364,300,step_limit,False,2,0,0,null,0,0,300,300,95.1688764999999,detector_run_cal_H_1835086364_steps_attempt1.csv,b47b6f6d31f9f67e42d66bc9f96f51317792f340d01164a43b0868e289343017
H,1835086365,300,step_limit,False,2,0,0,null,0,0,300,300,93.91178969999964,detector_run_cal_H_1835086365_steps_attempt1.csv,88caa50f35462a4c2bbc15a2392134ae774bce0899c422f7a4d89e0e8648062b
H,1835086366,300,step_limit,False,2,0,0,null,0,0,300,300,93.35209279999981,detector_run_cal_H_1835086366_steps_attempt1.csv,51c200df87f8f8af411b1da39d7c0bf5601060503a7898b1aa57b3bf153b3e33
H,1835086367,300,step_limit,False,2,0,0,null,0,0,300,300,94.14579779999985,detector_run_cal_H_1835086367_steps_attempt1.csv,5ff6171cee80628e86971eec9dd6ef6fb1a9046403e845cfc06ead0a8453d87d
H,1835086368,300,step_limit,False,2,0,0,null,0,0,300,300,93.18439919999946,detector_run_cal_H_1835086368_steps_attempt1.csv,1d5a2e5cd7946e25f3a0d4414e1368176434419dd9e0a73cff8c6ef6110422e6
H,1835086369,300,step_limit,False,2,0,0,null,0,0,300,300,94.15415290000055,detector_run_cal_H_1835086369_steps_attempt1.csv,f328e1c5815040b99d0afffb7d44e36d8c78c643570f9383ddb37c4a0cf4b8c8
H,1835086370,300,step_limit,False,2,0,0,null,0,0,300,300,94.01135849999991,detector_run_cal_H_1835086370_steps_attempt1.csv,c41e0acc190d226b04c063b5bf6ce99ab144b277520eafc3f7cce2d308dbfe03
H,1835086371,300,step_limit,False,2,0,0,null,0,0,300,300,93.12208239999927,detector_run_cal_H_1835086371_steps_attempt1.csv,26837dc67a240d4c8acd741b5960711676b6c272de0797ff6a460bdbbf88f2b8
H,1835086372,300,step_limit,False,2,0,0,null,0,0,300,300,94.76923270000043,detector_run_cal_H_1835086372_steps_attempt1.csv,3236affba3f0cb3788571497a10fa168419219c85fae3a182fb3be2f22f863d0
H,1835086373,300,step_limit,False,2,0,0,null,0,0,300,300,94.20717970000078,detector_run_cal_H_1835086373_steps_attempt1.csv,2c221089491da9dca7da8e84a654e84b371fe115457e5a53abd3780edd228a08
H,1835086374,300,step_limit,False,2,0,0,null,0,0,300,300,93.65382209999916,detector_run_cal_H_1835086374_steps_attempt1.csv,13b091f70a335889021b615e87ce22a83379259243af285b14fdaea8d4bcb96e
H,1835086375,300,step_limit,False,2,0,0,null,0,0,300,300,97.15320929999871,detector_run_cal_H_1835086375_steps_attempt1.csv,a68bea30c8279862f1a86d1b5d8312a09d0b9110ad80e4542c112eb76f312682
H,1835086376,300,step_limit,False,2,0,0,null,0,0,300,300,96.2313649000007,detector_run_cal_H_1835086376_steps_attempt1.csv,8e48b9db245af86c159dfb4942c7d5334e54e81afd30bf08cf7ee9cdf1ae0479
H,1835086377,300,step_limit,False,2,0,0,null,0,0,300,300,97.24317969999902,detector_run_cal_H_1835086377_steps_attempt1.csv,885935dbb427e0272b9d13298502a229b1f3e82da646f5ac767d748b8593f8b8
H,1835086378,300,step_limit,False,2,0,0,null,0,0,300,300,96.61138179999944,detector_run_cal_H_1835086378_steps_attempt1.csv,004c36d00bce25ac72324592bb2eaee0f0df00216756b3301820ce1bb7b4524d
H,1835086379,300,step_limit,False,2,0,0,null,0,0,300,300,96.33963279999989,detector_run_cal_H_1835086379_steps_attempt1.csv,9e5a435cf34fbff8c824bb8176dbcd1d9b55807af311ccc770fff80d742ad8b0
H,1835086380,300,step_limit,False,2,0,0,null,0,0,300,300,98.068698699999,detector_run_cal_H_1835086380_steps_attempt1.csv,8f5cbbfc61aca5b3cffed3c9464a5b12c2175f331ff6b4d57e265e9027ee7ea6
H,1835086381,300,step_limit,False,2,0,0,null,0,0,300,300,95.3513839999996,detector_run_cal_H_1835086381_steps_attempt1.csv,eea570f16e630c766c3e146399319a9d9c7c1d30caaee1daadbb98787e547c51
H,1835086382,300,step_limit,False,2,0,0,null,0,0,300,300,96.03449209999962,detector_run_cal_H_1835086382_steps_attempt1.csv,3907c0da0179411f0b9d2641ea0fe6e8ec88be290a35cb88056237ea16f90b41
H,1835086383,300,step_limit,False,2,0,0,null,0,0,300,300,96.58861490000163,detector_run_cal_H_1835086383_steps_attempt1.csv,da06761ce2e63f30ff275900ad599ffcf63be834e016a5ccb1af692481c0d0d5
H,1835086384,300,step_limit,False,2,0,0,null,0,0,300,300,98.94052859999829,detector_run_cal_H_1835086384_steps_attempt1.csv,29ae2242d5243d30ea6391b26e784d78d5c8dd07b6fec5a92e1419e40f65801c
H,1835086385,300,step_limit,False,2,0,0,null,0,0,300,300,95.48608449999847,detector_run_cal_H_1835086385_steps_attempt1.csv,165699cd68b84cd072384aa798a5ad1db855aa19b2f06b09915cfb01ab7a422b
H,1835086386,300,step_limit,False,2,0,0,null,0,0,300,300,97.28620570000021,detector_run_cal_H_1835086386_steps_attempt1.csv,61576871b6f7abdbe4b25e3605cb6a394af8249710abfe3500cee899a4493e3f
H,1835086387,300,step_limit,False,2,0,0,null,0,0,300,300,97.41897119999885,detector_run_cal_H_1835086387_steps_attempt1.csv,339deacf2b4d7bb520d4b0a44145f4a832c3c2b158ba0aa77881b81e34c972e3
H,1835086388,300,step_limit,False,2,0,0,null,0,0,300,300,98.47747979999986,detector_run_cal_H_1835086388_steps_attempt1.csv,573019430242c2575cb2aa3aab07cf9c1b38cd549715a018e32c2f63aec73e52
H,1835086389,300,step_limit,False,2,0,0,null,0,0,300,300,97.29359440000007,detector_run_cal_H_1835086389_steps_attempt1.csv,cc8dde8c80be83f4a78b985599e340a738dd79a8fbd37a5be1e9606f422f6a2a
H,1835086390,300,step_limit,False,2,0,0,null,0,0,300,300,92.03377400000136,detector_run_cal_H_1835086390_steps_attempt1.csv,2f72fa41d9fbc44ec8ba7fee663a0b279798deeac38665743f8807480f16c778
H,1835086391,300,step_limit,False,2,0,0,null,0,0,300,300,92.49598610000066,detector_run_cal_H_1835086391_steps_attempt1.csv,1e0c9fca14bbd6e0a0e5d9b2e0a13cb1f3b7f9ac92e5035dbab00db19fd7864d
H,1835086392,300,step_limit,False,2,0,0,null,0,0,300,300,91.72534769999947,detector_run_cal_H_1835086392_steps_attempt1.csv,96bfc28f8ec7a96fb5eb4b5767f68226e546faf2cde1ae0fb09ac854c20da5ee
H,1835086393,300,step_limit,False,2,0,0,null,0,0,300,300,92.27116500000011,detector_run_cal_H_1835086393_steps_attempt1.csv,5caffb6f9628cb9130fd253b6a6ba46d23a706d10a20573090dfaf34c460293d
H,1835086394,300,step_limit,False,2,0,0,null,0,0,300,300,91.24526370000058,detector_run_cal_H_1835086394_steps_attempt1.csv,209166b05a17116a21a34b46cb43cf70e889362e59efa140c304ce5767533032
H,1835086395,300,step_limit,False,2,0,0,null,0,0,300,300,92.65018690000034,detector_run_cal_H_1835086395_steps_attempt1.csv,016a0ad04ef84710fb3eab0e2b4375d0655786176992c22f03f996621fb0e656
H,1835086396,300,step_limit,False,2,0,0,null,0,0,300,300,96.49586789999921,detector_run_cal_H_1835086396_steps_attempt2.csv,e12cd43cd4537bdf7e790027d12925b504f9966000cb05c2aad84b5055789f62
H,1835086397,300,step_limit,False,2,0,0,null,0,0,300,300,91.88801710000007,detector_run_cal_H_1835086397_steps_attempt1.csv,d01140c1fbcb37e950225dce5030edb15e3ea97cb8d5c1fd5e75cdef4ffbaf04
H,1835086398,300,step_limit,False,2,0,0,null,0,0,300,300,97.74089439999989,detector_run_cal_H_1835086398_steps_attempt2.csv,84727ea5dd38ada4a67d8348b1fa40604b2b8f6e7df576e14af765071a106aa1
H,1835086399,300,step_limit,False,2,0,0,null,0,0,300,300,97.42327640000076,detector_run_cal_H_1835086399_steps_attempt2.csv,340c908e52849c29968c3e4c8b29a8d7b617e67f42914231e3b35910f8fb87a7
H,1835086400,300,step_limit,False,2,0,0,null,0,0,300,300,98.36132130000078,detector_run_cal_H_1835086400_steps_attempt2.csv,ffc101d9c1c35aad01f4094eebc2e46749b682e991346737999cd5f83c7ad233
H,1835086401,300,step_limit,False,2,0,0,null,0,0,300,300,97.22238160000052,detector_run_cal_H_1835086401_steps_attempt2.csv,a4e09f1d9946437ccc9eb9c59fb29f96028c3c4b2762a3cc9ebcb1749c570b8c
H,1835086402,300,step_limit,False,2,0,0,null,0,0,300,300,98.55629150000095,detector_run_cal_H_1835086402_steps_attempt2.csv,a135618e18f4af0bb0863fa5d94514ce2af1ca25bafa319c6ebd292de6a4513d
H,1835086403,300,step_limit,False,2,0,0,null,0,0,300,300,97.81145479999941,detector_run_cal_H_1835086403_steps_attempt2.csv,17c232fbd0fe7c93ae162798672cd6d679b4518d746fc301a5fe0f6afc9f16d1
H,1835086404,300,step_limit,False,2,0,0,null,0,0,300,300,97.82497889999831,detector_run_cal_H_1835086404_steps_attempt2.csv,c34e8479d77b6d256239030cb9d60f9cd55ef1b90e49aafaeb38da7dcc618ee0
H,1835086405,300,step_limit,False,2,0,0,null,0,0,300,300,98.10436739999932,detector_run_cal_H_1835086405_steps_attempt2.csv,334e4b553b7ad2ff1581005d2e500cac774568e395f6ecd9e75457ac74d40e5a
H,1835086406,300,step_limit,False,2,0,0,null,0,0,300,300,97.91715860000113,detector_run_cal_H_1835086406_steps_attempt2.csv,354d8917b5b6dab9b38211a3af58a50f8717e842502059961d6c09d327cca8f5
H,1835086407,300,step_limit,False,2,0,0,null,0,0,300,300,97.67705039999964,detector_run_cal_H_1835086407_steps_attempt2.csv,5e229063d07cea1f95a772249f5086c7fdf259e8db47c7be9fc259c02011e05e
H,1835086408,300,step_limit,False,2,0,0,null,0,0,300,300,97.8614751999994,detector_run_cal_H_1835086408_steps_attempt2.csv,9e0833c4b89a2ebe8391ca4ea43dd0fd8c2ba71ca8d574159317d0a15de030d9
H,1835086409,300,step_limit,False,2,0,0,null,0,0,300,300,97.99152969999886,detector_run_cal_H_1835086409_steps_attempt2.csv,c915ee4ceedd8d5a57a01b882d0270693ede6b3cb116b243d46531848088b99b
H,1835086410,300,step_limit,False,2,0,0,null,0,0,300,300,97.64155060000121,detector_run_cal_H_1835086410_steps_attempt1.csv,92c032aba8d38cb583e142cb3729e0638b6c6aa95a0eeeb2037962ca750ca0bf
H,1835086411,300,step_limit,False,2,0,0,null,0,0,300,300,98.16095480000149,detector_run_cal_H_1835086411_steps_attempt1.csv,94b224ee2e4c1b5d76055325480189c5e0d49fbb51825a18c3751c97bf18fe9c
H,1835086412,300,step_limit,False,2,0,0,null,0,0,300,300,63.8327405,detector_run_cal_H_1835086412_steps_attempt1.csv,3bfe3cb93b2492aaf653b8b545218ee4bc54d63bf7c74f9ef6fe117ed441baec
H,1835086413,300,step_limit,False,2,0,0,null,0,0,300,300,63.672975999999835,detector_run_cal_H_1835086413_steps_attempt1.csv,31329a7219c1316be554939b9d9fee937f3097ea8ffb0cd89a9cadb570090638
H,1835086414,300,step_limit,False,2,0,0,null,0,0,300,300,64.14149120000002,detector_run_cal_H_1835086414_steps_attempt1.csv,50296af2e2eb3d5ba4745e7ba60c1f8534e124afd62e5b80684a8828c4c541b1
H,1835086415,300,step_limit,False,2,0,0,null,0,0,300,300,64.84363870000016,detector_run_cal_H_1835086415_steps_attempt1.csv,e498eff67e5be5d1d197e83180f866186a62004d98dc9195328a28df7253cbc4
H,1835086416,300,step_limit,False,2,0,0,null,0,0,300,300,64.62027760000092,detector_run_cal_H_1835086416_steps_attempt1.csv,ef596d7dd44d38803c06d2a36d259c5ddc00f9b27722480915d6d628a87db2c4
H,1835086417,300,step_limit,False,2,0,0,null,0,0,300,300,65.03320129999884,detector_run_cal_H_1835086417_steps_attempt1.csv,0e393decc2b72cd851d5dd201a741f759024c668096d1814317e34a6d0f04913
H,1835086418,300,step_limit,False,2,0,0,null,0,0,300,300,65.3885162000006,detector_run_cal_H_1835086418_steps_attempt1.csv,006914d860d4eef0d35e36f20e46dc4b39e1b7765560a0e717ac52b0fc97f218
H,1835086419,300,step_limit,False,2,0,0,null,0,0,300,300,64.6858685999996,detector_run_cal_H_1835086419_steps_attempt1.csv,8f4014f7ad37b668980f2b00020e8b8fa2e74cc563e91d9be39256e697a8be2c
