arm,seed,step,novelty_vector_count,h_n_latest,h_n_shape_latest,V,H_N,total_suppression,avg_wb,theta_capability,transfer_state,g,population,x_compute,x_bio_welfare,x_novelty_agency,x_institutional_capacity,x_transfer_comprehension,x_resilience,c_protective,c_suppressive,adapter_active,action_modified,adapter_score,shape_fallback_increase
M4,1835086215,0,200,0.9857295769805088,0.9862263948363422,0.060444174549677286,0.9857295769805088,0.22400000000000003,0.6636986799590177,0.5058042866728018,0.55,1.3856350560222581,195,0.07255358341002145,0.2037876123561782,0.004186331788776837,0.2385842775061313,0.43414397589557835,0.04674421904331394,0.8,0.0,False,False,0.0,2
M4,1835086215,1,195,0.9843265666544795,0.9843277764104161,0.10833101324561284,0.9843265666544795,0.014000000000000002,0.6744209732453198,0.5109254575169191,0.5950000000000001,1.2732377580067407,197,0.06764231472196769,0.2070116111619427,0.03196372643021521,0.24339648745040382,0.370305731798592,0.0796801284368786,0.2,0.0,False,False,0.0,0
M4,1835086215,2,197,0.9843509233982669,0.9844755309844243,0.07143924373620193,0.9843509233982669,0.21400000000000002,0.6837845869140079,0.5335665975957767,0.6072907150834569,1.2849099304639233,198,0.2898426619337947,0.17958758755403637,0.04248203845681742,0.22308529783876127,0.15895357541728383,0.10604883879930649,0.2,0.2,False,False,0.0,0
M4,1835086215,3,198,0.9803585727035384,0.987943216435769,0.03876158174651512,0.9803585727035384,0.41400000000000003,0.6946761642863615,0.5407660839353118,0.6167085017139693,1.2622550368183845,201,0.11097270274154901,0.17178548164863877,0.020412309093050043,0.43940492378528656,0.15073429069429026,0.1066902920371854,0.2,0.4,False,False,0.0,0
M4,1835086215,4,201,0.9857521921168297,0.9857814946287802,0.08297197486390002,0.9857521921168297,0.126,0.7083017879777002,0.5515098778714209,0.641786533151818,1.2132333986454726,198,0.1597762266609346,0.16617555789905022,0.0851374442150769,0.31933043033487013,0.23374440804622834,0.03583593284383984,0.6,0.0,False,False,0.0,0
M4,1835086215,5,198,0.9807671258599622,0.9904924762379332,0.03680313880224459,0.9807671258599622,0.456,0.7207605398127362,0.5700150209805808,0.6569485683147961,1.2038265793876477,196,0.26350796253413583,0.17353582728703323,0.10317853020182735,0.22484161838040564,0.19670344239079926,0.038232619205798624,0.4,0.4,False,False,0.0,0
M4,1835086215,6,196,0.9825756511273044,0.9906901090494412,0.038246205097886884,0.9825756511273044,0.41400000000000003,0.7296627018539106,0.5782599364571052,0.6768349495287077,1.1708956188535191,197,0.14682083156941728,0.16174414565820364,0.09190082471994593,0.23554251547859134,0.22790619022695607,0.13608549234688583,0.2,0.4,False,False,0.0,0
M4,1835086215,7,197,0.9788649204855536,0.9853014726179076,0.04004677615389426,0.9788649204855536,0.42400000000000004,0.7391366360794711,0.5957427989731341,0.7013083272210763,1.1492779562358901,198,0.2674482417360525,0.26092125770144914,0.04686443953141079,0.15545180232133057,0.26078436322619647,0.008529895483560403,0.8,0.2,False,False,0.0,0
M4,1835086215,8,198,0.9840086651919571,0.9841170190376526,0.07254890235597668,0.9840086651919571,0.256,0.7452695074667856,0.605008749600666,0.7228517309743986,1.1230499621989931,199,0.1756636322023577,0.22041473299401823,0.042719470132320025,0.2279983727779143,0.2583711823771497,0.0748326095162399,0.4,0.2,False,False,0.0,0
M4,1835086215,9,199,0.9852337810607388,0.9859258852281444,0.057802880330597176,0.9852337810607388,0.35,0.7510623375342158,0.600047266453401,0.7479588706282311,1.068148807277961,201,0.003611929159603887,0.24818898207180295,0.18300854116157422,0.25785155095802925,0.2869615637563615,0.020377432892627972,1.0,0.0,False,False,0.0,0
M4,1835086215,10,201,0.9877309931267015,0.9877310435804628,0.13364857380823528,0.9877309931267015,0.014000000000000002,0.7559990608314371,0.6061916452029628,0.7720478574678589,1.0385907931667397,205,0.13933427590289718,0.26317787832115747,0.11525780702025397,0.16713548741245834,0.2944243695122545,0.02067018183097852,0.2,0.0,False,False,0.0,0
M4,1835086215,11,205,0.983412958999578,0.9853646637817818,0.04954596272612065,0.983412958999578,0.41400000000000003,0.758325064125179,0.6080817672226781,0.7948430717210729,1.0088467009406017,211,0.08999630349829367,0.20073079849140943,0.08051024847418035,0.24936422143944825,0.3351838315980616,0.04421459649860676,0.2,0.4,False,False,0.0,0
M4,1835086215,12,211,0.9862154661451409,0.9862387848751246,0.08479387780505734,0.9862154661451409,0.21400000000000002,0.7674311479630351,0.610757982247531,0.8153587645489656,0.9760700470687627,208,0.10100379232483392,0.3045684167533312,0.016967798488911858,0.18052321626076573,0.3265659896657524,0.0703707865064049,0.2,0.2,False,False,0.0,0
M4,1835086215,13,208,0.9822680302151444,0.9877953355401874,0.04127915868573968,0.9822680302151444,0.456,0.770373679466026,0.60720538038983,0.833822888094069,0.9452797679724011,209,0.02481621568344443,0.2228408937217719,0.042512861293126696,0.2307782299866055,0.32774269315706694,0.15130910615798462,0.4,0.4,False,False,0.0,0
M4,1835086215,14,209,0.9891662492619332,0.9891810376235137,0.08844273854803544,0.9891662492619332,0.22400000000000003,0.7785078917936302,0.6114828411351771,0.8493732280371444,0.9247464809546116,204,0.1204716220604836,0.18686706077689805,0.08467101522916165,0.27354153344202264,0.2946631437624116,0.0397856247290224,0.8,0.0,False,False,0.0,0
M4,1835086215,15,204,0.9684410122477088,0.9845633796934401,0.032731754127283325,0.9684410122477088,0.526,0.781952810397424,0.6161177026882666,0.8443155740920517,0.9332077617011805,204,0.1276125451231043,0.28181609710965594,0.08901529450532107,0.274046409140442,0.19939834429310885,0.028111309828367983,0.6,0.4,False,False,0.0,0
M4,1835086215,16,204,0.9823997628023092,0.9840450400977058,0.050894830687878,0.9823997628023092,0.41400000000000003,0.7852309453095638,0.628242127903843,0.8389642552276972,0.9536438035731384,199,0.22412887937487233,0.1679006861703784,0.10321661153102211,0.2763462959115232,0.19540119272425352,0.033006334287950446,0.2,0.4,False,False,0.0,0
M4,1835086215,17,199,0.9825318091231835,0.9846390362188128,0.04892980238495612,0.9825318091231835,0.41400000000000003,0.7820652900216268,0.6336592609448823,0.8550678297049276,0.9475719755454217,205,0.14786549295289345,0.16869081108573458,0.032794879070428364,0.32728908789638506,0.3069096910911765,0.016450037903382224,0.2,0.4,False,False,0.0,0
M4,1835086215,18,205,0.9854324701428641,0.9898033615938785,0.04316381950706686,0.9854324701428641,0.456,0.7900088381026656,0.648732801597046,0.8424067226764055,0.9747922856936999,205,0.2719562962425977,0.2684188496573326,0.0581750649002822,0.21635446588162477,0.16422837970985327,0.020866943608309405,0.4,0.4,False,False,0.0,0
M4,1835086215,19,205,0.967754840432062,0.9846082135652573,0.03237914113989755,0.967754840432062,0.55,0.7986148085010064,0.652193101741262,0.8458134199714376,0.965526661144685,203,0.13621175280085332,0.23443091925156592,0.07753355711438667,0.31142229626754386,0.23823684781336277,0.0021646267522875424,1.0,0.2,False,False,0.0,0
M4,1835086215,20,203,0.9829898657469542,0.985132640107201,0.04880063162073943,0.9829898657469542,0.42400000000000004,0.7985738621860191,0.6622196790042434,0.8502238615321802,0.9753347587557805,202,0.22045290437555565,0.15423444258974597,0.01927573487300159,0.32481438383495054,0.24495891778943224,0.036263616537313935,0.8,0.2,False,False,0.0,0
M4,1835086215,21,202,0.9897895107178911,0.989807744334249,0.08678072989207532,0.9897895107178911,0.256,0.8023385337282548,0.6608479584226146,0.8652014753789622,0.951977427438438,205,0.08424079210729171,0.16896225326354086,0.055896884706003465,0.23923022572438438,0.3964890389776589,0.05518080522112071,0.4,0.2,False,False,0.0,0
M4,1835086215,22,205,0.9823690518591933,0.9839192090432627,0.05136785594905234,0.9823690518591933,0.42400000000000004,0.809486598520944,0.657126336775193,0.8734262223372329,0.9294220764100153,205,0.054009703421365685,0.24046486816194995,0.1150765088618556,0.22578122575520954,0.2737244724808344,0.09094322131878481,0.8,0.2,False,False,0.0,0
M4,1835086215,23,205,0.981735831715638,0.9828939922073426,0.05368010533809106,0.981735831715638,0.4,0.8133773810162328,0.6530773148649487,0.8807119496927913,0.9116720038236742,202,0.047591186606441266,0.19601196970753101,0.040831470859355616,0.3201963595040358,0.2731417479464088,0.12222726537622754,0.0,0.4,False,False,0.0,0
M4,1835086215,24,202,0.9861776072129509,0.9861777835868116,0.12367362521113782,0.9861776072129509,0.126,0.8102344474666126,0.6544937834185727,0.8847899001617913,0.9129661296791723,206,0.1133791787108926,0.18157940948934342,0.14943620752936657,0.18972603662403253,0.2607457271913954,0.10513344045496952,0.6,0.0,False,False,0.0,0
M4,1835086215,25,206,0.9842259319939325,0.9842324699781463,0.09489992231979096,0.9842259319939325,0.21400000000000002,0.8181017763963847,0.6492566575793509,0.890906783747508,0.890793029750314,206,0.031094541646335426,0.23654387161258328,0.025203889405170175,0.3117934913449969,0.27297936800947914,0.12238483798143522,0.2,0.2,False,False,0.0,0
M4,1835086215,26,206,0.9814419416613153,0.9814538676197656,0.09009270869620394,0.9814419416613153,0.256,0.8313438695340571,0.6493947659930579,0.888683417639097,0.8789840791320946,202,0.09501176615843192,0.238526980891846,0.020707570126753113,0.4007207405272877,0.23433656133169906,0.010696380963982066,0.4,0.2,False,False,0.0,0
M4,1835086215,27,202,0.9847788752615726,0.9847859629016795,0.09426183203258269,0.9847788752615726,0.256,0.8310781882957506,0.6505150985815031,0.8921725827390027,0.8773373607376522,204,0.10737588610122671,0.19043932614628373,0.0077757550838219724,0.4304596733927469,0.26178753431907714,0.0021618249568435997,0.4,0.2,False,False,0.0,0
M4,1835086215,28,204,0.9852267660485425,0.986064433323722,0.05628454391661658,0.9852267660485425,0.42400000000000004,0.8252244273736161,0.6511042691783333,0.9029553244651024,0.8738003306399467,211,0.1014365690738168,0.21386632463219743,0.003209195398744688,0.364026682989261,0.31746121139929456,1.6506685584957028e-08,0.8,0.2,False,False,0.0,0
M4,1835086215,29,211,0.9816978409154968,0.9816978463020188,0.15140774409045998,0.9816978409154968,0.014000000000000002,0.8278453881707748,0.6435532604172521,0.9126597920185922,0.8517778522135607,213,5.255872294354514e-05,0.32742385275530883,0.0331338808004295,0.2915355656602335,0.34764839732541125,0.00020574473567342474,0.2,0.0,False,False,0.0,0
M4,1835086215,30,213,0.9867880362113706,0.9869119118575315,0.07150581402855129,0.9867880362113706,0.35,0.83312988077446,0.6500769530054121,0.9213938128167329,0.8468505360055689,216,0.17126694511278248,0.17544557500841565,0.11358447957359426,0.1616526323075039,0.33069123875095824,0.04735912924674549,1.0,0.0,False,False,0.0,0
M4,1835086215,31,216,0.9900149329106774,0.9900149346867195,0.16030670182739923,0.9900149329106774,0.014000000000000002,0.8316545128684243,0.652586809585498,0.9292544315350596,0.8444242600613401,221,0.1251713028794561,0.3069183849380532,0.01211156686556593,0.21140284588274275,0.3344049485706075,0.00999095086357453,0.2,0.0,False,False,0.0,0
M4,1835086215,32,221,0.9896298524712014,0.9896314245627316,0.10628834134491272,0.9896298524712014,0.21400000000000002,0.8295854061622833,0.6672403689802131,0.9302228389665803,0.8646377885391685,224,0.27853624842487557,0.2289885528252114,0.030090357311960834,0.14490606248332252,0.26946925292513335,0.048009526029496326,0.2,0.2,False,False,0.0,0
M4,1835086215,33,224,0.9881623724252735,0.9881623762378489,0.15421095173825672,0.9881623724252735,0.05600000000000001,0.8255438037746493,0.6717678834057741,0.9311997619553322,0.8738487280126225,225,0.16111916093214532,0.2146001211927439,0.03262332545043426,0.19858071462654536,0.2699960344270495,0.12308064337108157,0.4,0.0,False,False,0.0,0
M4,1835086215,34,225,0.9844826560089844,0.9844878821110549,0.09668475155009175,0.9844826560089844,0.21400000000000002,0.8199854170736338,0.6783197305799443,0.9232054051343492,0.8960453335821437,229,0.1892530168057367,0.265848969729199,0.019803002114248548,0.23597909863151126,0.22562809687275126,0.06348781584655327,0.2,0.2,False,False,0.0,0
M4,1835086215,35,229,0.9849515307164097,0.9849544659048991,0.10128064291496486,0.9849515307164097,0.2,0.8146800754449237,0.6829872777663513,0.9068197716822761,0.9244949398971944,234,0.16979417144255243,0.17741302182587398,0.03735636823425743,0.4221640291875763,0.17967453530680885,0.013597874002931068,0.0,0.2,False,False,0.0,0
M4,1835086215,36,234,0.9849070231812749,0.9883043599542927,0.04515749643994636,0.9849070231812749,0.456,0.8144101518235098,0.6956980811587036,0.9161377945140485,0.9324312642786639,226,0.2732520910083731,0.16571284275418377,0.05809001520026009,0.16053291834453895,0.31281287086808635,0.0295992618245577,0.4,0.4,False,False,0.0,0
M4,1835086215,37,226,0.9876188010395622,0.9876188847212201,0.129620170331291,0.9876188010395622,0.126,0.808653588456202,0.6951659077624182,0.9245240150626437,0.9298389846196193,231,0.11565913327062136,0.18172427552166476,0.05364852797660485,0.3105437131112287,0.306670176138868,0.03175417398101238,0.6,0.0,False,False,0.0,0
M4,1835086215,38,231,0.9886331219432115,0.9902107524130905,0.051278753486783506,0.9886331219432115,0.41400000000000003,0.8043387223771052,0.7009950531537197,0.9038618973426193,0.9642150309512639,236,0.19484300974278,0.20115891167704783,0.023966095891842256,0.37593527089845585,0.15895141893119982,0.045145292858674274,0.2,0.4,False,False,0.0,0
M4,1835086215,39,236,0.9876635981906022,0.9876636024194243,0.1533821211938588,0.9876635981906022,0.014000000000000002,0.8072434424032793,0.6956541362719938,0.8966724737288074,0.9610699717674127,229,0.05886044719950137,0.2259994936801948,0.05673701895043133,0.25734461353911364,0.21598383060225018,0.18507459602850873,0.2,0.0,False,False,0.0,0
M4,1835086215,40,229,0.9690813381374279,0.9849326389652647,0.03286971019066123,0.9690813381374279,0.55,0.8012180777960239,0.7108714294583941,0.8950933613627382,0.991224400054731,232,0.387912240338654,0.1917972296156611,0.018851342407297453,0.09642217482026552,0.24044067503405758,0.06457633778406438,1.0,0.2,False,False,0.0,0
M4,1835086215,41,232,0.9875716453525872,0.9875761309509962,0.09792593249825535,0.9875716453525872,0.21400000000000002,0.7946645462992453,0.71052756081201,0.8836748297614718,1.0118231371166293,243,0.12749628533169444,0.1934359197625359,0.12642950390148097,0.29611604214343296,0.1904540226750375,0.06606822618581819,0.2,0.2,False,False,0.0,0
M4,1835086215,42,243,0.9889273293568853,0.9891505021575461,0.06683800660756753,0.9889273293568853,0.326,0.7914869993949999,0.7095081936184066,0.8924099993716587,1.004498289581856,245,0.11883763558746333,0.15575470439240133,0.09708261943624588,0.2954421727794674,0.2855132629316703,0.04736960487275193,0.6,0.2,False,False,0.0,0
M4,1835086215,43,245,0.9871773269145114,0.9871778315091287,0.11531446497493211,0.9871773269145114,0.126,0.7901864844007949,0.7166264796581053,0.8944243551015411,1.013957233729967,238,0.21992119650773848,0.15148391716887416,0.05332347053064199,0.28884125711055886,0.25627677833524115,0.030153380346945327,0.6,0.0,False,False,0.0,0
M4,1835086215,44,238,0.9890458940383465,0.9903690612517845,0.05268016936654435,0.9890458940383465,0.4,0.782589495457258,0.7297847250045688,0.9047185291187916,1.0307355849934958,239,0.2998696166171095,0.15949574230065147,0.020307123459432423,0.2104355716714827,0.29868304763702314,0.011208898314300764,0.0,0.4,False,False,0.0,0
M4,1835086215,45,239,0.9854543945299,0.9854604242202042,0.09555408201425382,0.9854543945299,0.22400000000000003,0.7827998055951616,0.733905643190763,0.9095100181465339,1.0308180885830345,239,0.1951269304552829,0.2127284855462673,0.06571896316769303,0.1250079564216977,0.2763167096981075,0.12510095471095165,0.8,0.0,False,False,0.0,0
M4,1835086215,46,239,0.9723589687488746,0.9882703083635774,0.032866546296154785,0.9723589687488746,0.526,0.7867292805214792,0.7231615773611646,0.9185590163318805,1.0006978457755646,240,0.011890204124246975,0.3001916142335239,0.0054468889440881674,0.30306665492871804,0.35321743897190294,0.026187198797519906,0.6,0.4,False,False,0.0,0
M4,1835086215,47,240,0.9859816986942735,0.9871909813026553,0.05337099898642263,0.9859816986942735,0.42400000000000004,0.7892389407121889,0.7261350757595397,0.9182006964284963,1.0020082398592474,239,0.17664471583041727,0.21587161593576212,0.05382988891472155,0.24836830936954477,0.25748790864901955,0.04779756130053486,0.8,0.2,False,False,0.0,0
M4,1835086215,48,239,0.9860002708053777,0.9860006464529492,0.11765401688507486,0.9860002708053777,0.126,0.7867385135265148,0.7372568062941636,0.8976879523355867,1.0439098202105872,241,0.28035605403251024,0.24533677708923377,0.07224568620045313,0.23580575637447992,0.15653662774969992,0.00971909855362301,0.6,0.0,False,False,0.0,0
M4,1835086215,49,241,0.9771597037403722,0.9771644574678248,0.09737942760030954,0.9771597037403722,0.2,0.7834721923307192,0.7297341573516685,0.9079191571020281,1.025873729604232,243,0.054252392152663316,0.19730359716199516,0.08158040309013169,0.26227157701813003,0.33440736778479196,0.0701846627922878,0.0,0.2,False,False,0.0,0
M4,1835086215,50,243,0.9847337433972357,0.9887623238073475,0.04380461037898947,0.9847337433972357,0.45000000000000007,0.7844958349359779,0.7377577102355151,0.9097735657269288,1.0336887766968132,248,0.24387825939287566,0.247896764889809,0.023391636235866913,0.16265217114971148,0.2632316216755174,0.05894954665621961,0.8,0.226,True,True,0.03,0
M4,1835086215,51,248,0.9863074434848893,0.9872635982588546,0.05524110983642336,0.9863074434848893,0.378,0.772343975606371,0.735233582669178,0.9187962091542359,1.0360849797608847,253,0.11704697431798422,0.1367341433231683,0.09143385124993783,0.26182474359165003,0.3572592935483215,0.035700993968938194,0.6,0.252,True,True,0.06,0
M4,1835086215,52,253,0.9893128581677759,0.9893263925965573,0.08914920082625756,0.9893128581677759,0.20400000000000001,0.7590685497448028,0.7449493533679548,0.9123106313523716,1.0757293398132382,252,0.26846812290294564,0.1282083371732874,0.023770329749293564,0.3148475256501157,0.22697021556779612,0.03773546895656173,0.6,0.078,True,True,0.09000000000000001,0
M4,1835086215,53,252,0.9894614637580506,0.9894966246159715,0.08155111265016071,0.9894614637580506,0.22999999999999998,0.7528317628089144,0.7360560042102103,0.9210795682171344,1.0614896814725523,249,0.04192648138316707,0.14282063418823973,0.2103123951713755,0.19065535091037925,0.41278295407318577,0.0015021842736526584,0.6,0.104,True,True,0.12000000000000001,0
M4,1835086215,54,249,0.9314259842876,0.984556169658079,0.0232390068182107,0.9314259842876,0.5860000000000001,0.74724948258115,0.7449662362834335,0.9219579832816994,1.0813339479108366,251,0.25891290354667174,0.1499160468270644,0.01681158136580732,0.2336617395728803,0.26493185943139225,0.07576586925618405,0.4,0.53,True,True,0.15000000000000002,0
M4,1835086215,55,251,0.9863610127193447,0.9875073812221902,0.05379884210898467,0.9863610127193447,0.38,0.7379519810064632,0.7395049587795135,0.9297621849535295,1.0778072705808333,255,0.08483792887814645,0.13160495785558446,0.16541314877917113,0.24648774393471676,0.3324660066732529,0.03919021387912841,0.8,0.156,True,True,0.18000000000000005,0
M4,1835086215,56,255,0.9839482367980201,0.9865772438736263,0.0471844220859434,0.9839482367980201,0.406,0.7246633414210298,0.7361531596502087,0.9367859664581766,1.0844050018590168,260,0.10779311012088588,0.1421671168442295,5.027576863862455e-08,0.20892299053993027,0.5353596032073638,0.005757129011821953,0.8,0.182,True,True,0.21000000000000008,0
M4,1835086215,57,260,0.9557366292188206,0.9826671292960073,0.028632476913805736,0.9557366292188206,0.534,0.7310739096811271,0.7383063694589636,0.9364428828349357,1.0784351550807585,258,0.17451084739081643,0.16828735157309924,0.07357328630801738,0.26516280604760334,0.2666775651128841,0.05178814356757948,0.6,0.40800000000000003,True,True,0.2400000000000001,0
M4,1835086215,58,258,0.976047862201074,0.9769201396077041,0.05588810577733241,0.976047862201074,0.36,0.7174622311531703,0.7323626115180647,0.9427985945514421,1.0827001437778345,264,0.07464450665061614,0.134867962752095,0.12245727003248673,0.2661189630457726,0.30040677136662053,0.10150452615240896,0.6,0.23399999999999999,True,True,0.27000000000000013,0
M4,1835086215,59,264,0.7210871995146878,0.9823684845363606,0.01054207596984906,0.7210871995146878,0.7160000000000001,0.7201498960210971,0.7303061340637033,0.9465254174494154,1.0713953702638517,269,0.119520664019273,0.33460522885136906,0.0016674830352356612,0.2539486053996044,0.2900334117655877,0.00022460692893017114,0.4,0.66,True,True,0.30000000000000016,0
M4,1835086215,60,269,0.9731960097459769,0.9907041704981905,0.032124863598124796,0.9731960097459769,0.51,0.7263700937177997,0.7261457231209859,0.9358589567002421,1.0682070197635798,269,0.09193619700584797,0.1932099456087719,0.06984124405901003,0.24658711650688356,0.21993040497884103,0.1784950918406456,0.8,0.286,True,True,0.3300000000000002,0
M4,1835086215,61,269,0.8774832366063838,0.9893445509383119,0.017351234631784087,0.8774832366063838,0.638,0.7363213355185612,0.7291856426419409,0.9338315667314867,1.0604792464280686,264,0.17934007096255292,0.16238552585376023,0.1574165577701024,0.21970752079351402,0.25779252850634393,0.02335779611372663,0.6,0.512,True,True,0.3600000000000002,0
M4,1835086215,62,264,0.7406587905047192,0.9901536818588978,0.01097234028182388,0.7406587905047192,0.688,0.7064134798904219,0.7397139346091953,0.940448410058338,1.113447758868329,263,0.27484467624189396,0.09209225109076698,0.015152419565216839,0.21402053254736728,0.31821243039450997,0.085677690160245,1.0,0.33799999999999997,True,True,0.39000000000000024,0
M4,1835086215,63,263,0.986556181946495,0.9915260263275739,0.04215541613140772,0.986556181946495,0.42,0.7063096594587817,0.7334592483733553,0.9407323716002064,1.1038619272683834,257,0.07163763118274709,0.15203789025634304,0.008707664028136509,0.3261249992818898,0.2716440127385107,0.1698478025123729,0.4,0.364,True,True,0.42000000000000026,0
M4,1835086215,64,257,0.9097142044470087,0.9905299118417454,0.01994849489292711,0.9097142044470087,0.59,0.6870218759078517,0.7361093233346546,0.9466591344401858,1.1318219773240354,253,0.1790379672495885,0.1073960047152339,0.052105448506765045,0.23010356341055288,0.3311801998273388,0.1001768162905209,0.0,0.59,True,True,0.45000000000000023,0
M4,1835086215,65,253,0.9450122486742606,0.9898622163461663,0.02463040539122436,0.9450122486742606,0.542,0.7015425793823583,0.7341302747839497,0.93488749802419,1.1193341320210928,246,0.12283022020034663,0.33292192112010704,0.004372136647604914,0.28597806820755906,0.21447138514011413,0.03942626868426822,0.6,0.416,True,True,0.48000000000000026,0
M4,1835086215,66,246,0.15175974783973603,0.9897488976352845,0.0013249235905105868,0.15175974783973603,0.8980000000000001,0.7110716689033323,0.7392490683380192,0.9385023221948426,1.1077507655395824,242,0.21031634116583808,0.22823940001750198,0.027729194352976914,0.22818707445431116,0.2855178698653583,0.0200101201440136,0.4,0.8420000000000001,True,True,0.5100000000000002,0
M4,1835086215,67,242,0.456141377918985,0.981563341285642,0.004974607997666937,0.456141377918985,0.7939999999999999,0.6817729156420059,0.7470224562644757,0.9446520899753583,1.1599039390390475,241,0.2466980167919694,0.08765818283360348,0.1623114777858114,0.1608732651007461,0.33334287034907395,0.009116187138795796,0.6,0.6679999999999999,True,True,0.5400000000000001,0
M4,1835086215,68,241,0.7266015305637599,0.9853858253983658,0.010642925819340673,0.7266015305637599,0.694,0.6692090621270519,0.7489484368477184,0.9399942967464237,1.1905972818929909,235,0.1784637924558307,0.11622280704105883,0.04435446167554177,0.39307831330164084,0.2490370788430058,0.018843546682922253,0.0,0.694,True,True,0.5700000000000001,0
M4,1835086215,69,235,0.6127765461310148,0.9829540245058801,0.007773648317835629,0.6127765461310148,0.734,0.6482197072249994,0.7615010150053325,0.9314601374442043,1.2612000594014852,232,0.37602218749198824,0.0925464711546428,0.029444930136535045,0.18193673203991795,0.22732635186211497,0.09272332731480103,0.2,0.72,True,True,0.6,0
M4,1835086215,70,232,0.8804077492623453,0.987170336767888,0.017705077707086216,0.8804077492623453,0.5599999999999999,0.6153738795415676,0.7685491914592263,0.9383141236997838,1.331019317321778,233,0.2515403400520046,0.07398225081923274,0.10671443850833205,0.2242603912146245,0.3192583132116811,0.024244266194125178,0.2,0.5459999999999999,True,True,0.6299999999999999,0
M4,1835086215,71,233,0.17340022594008772,0.982347112537307,0.0015459377761180004,0.17340022594008772,0.864,0.5852005044778894,0.770776299539232,0.9444827113298054,1.3945357354751267,232,0.19568209566208808,0.06436262624633031,0.06874889664157705,0.24764979819718688,0.3678445337906718,0.05571204946214595,0.2,0.85,True,True,0.6599999999999998,0
M4,1835086215,72,232,0.2638625049417017,0.9865083625883521,0.0024775934245138383,0.2638625049417017,0.8220000000000001,0.5479834150253933,0.7754699951011356,0.9370949467160969,1.5101287924923055,226,0.22790638173581423,0.05749254095303151,0.07095113028818821,0.26020674552520096,0.23530253259636014,0.14814066890140498,0.8,0.598,True,True,0.6899999999999997,0
M4,1835086215,73,226,0.1598354524456937,0.9824390829241884,0.001413421721668798,0.1598354524456937,0.864,0.5751002050744519,0.7848857999723614,0.9218992775258427,1.4804013582320792,216,0.2898663078285324,0.1990230622489886,0.03186593006108035,0.2840251538343884,0.19256912740677684,0.0026504186202334487,0.2,0.85,True,True,0.7199999999999996,0
M4,1835086215,74,216,0.651537830319549,0.9728984124856094,0.008817501362864176,0.651537830319549,0.65,0.5659341121620545,0.7844247967315604,0.9297093497732584,1.4908647387138836,211,0.17229108447271393,0.10836925887909901,0.0797756910236047,0.18821488916083745,0.35231831902832317,0.09903075743542171,0.0,0.65,True,True,0.7499999999999996,0
M4,1835086215,75,211,0.20985653350207714,0.9850455892777492,0.0019070825715516435,0.20985653350207714,0.85,0.5772300970617585,0.7804235975777771,0.9367384147959326,1.4433215454206854,207,0.127750508534934,0.24408450971124018,0.04893805700029586,0.256971652802943,0.312796044502414,0.009459227448173112,0.0,0.85,True,True,0.7799999999999995,0
M4,1835086215,76,207,0.12863329748091848,0.9837586296379535,0.0011154654160142972,0.12863329748091848,0.8740000000000001,0.5588065646033366,0.7817777762132668,0.9430645733163393,1.4834755417305274,204,0.19219198142973154,0.07681773705122383,0.0006610768521674679,0.37179451782426354,0.32087013242525947,0.037664554417354154,0.8,0.65,True,True,0.8099999999999994,0
M4,1835086215,77,204,0.0,1.0,0.0,0.01,1.0,0.5606508511249545,0.7920267331935696,0.9388386524053219,1.5047224250079698,202,0.30422307238707635,0.14097832346379877,0.04919776429627018,0.23075776884436217,0.25040268210308264,0.024440388905409803,0.8,0.85,True,True,0.8399999999999993,0
M4,1835086215,78,202,0.06811190243963638,0.9830429473357788,0.0005715660797991609,0.06811190243963638,0.906,0.5273136623352097,0.791985101854141,0.9428802520477422,1.5929107695035065,193,0.18199631650312198,0.056704963063142794,0.18329419593897664,0.25911489925445697,0.28962732441476186,0.02926230082553968,0.4,0.85,True,True,0.8699999999999992,0
M4,1835086215,79,193,0.2937177208102754,0.9814680922535954,0.002830790232603051,0.2937177208102754,0.776,0.4891637880104421,0.7925646905644894,0.9377138658175834,1.7278660954281024,190,0.18973554753819408,0.046080815694025,0.08715246496048071,0.20339764693520282,0.24560819487307758,0.22802532999901987,0.6,0.65,True,True,0.8999999999999991,0
M4,1835086215,80,190,0.6121024676149088,0.9834454172772207,0.0077526044511766175,0.6121024676149088,0.65,0.5083532318171339,0.7975918692865319,0.9439424792358251,1.6621476448914618,184,0.24569266562833672,0.24409664674167653,0.009519636492669199,0.12991092759890663,0.3183300463502811,0.05245007718812992,0.0,0.65,True,True,0.929999999999999,0
M4,1835086215,81,184,0.0,1.0,0.0,0.01,1.0,0.4999511724638565,0.8041007109528281,0.9368561033532405,1.716761496790363,181,0.26735543913278487,0.11204676454634682,0.05799118843925758,0.24962186975079687,0.23653936020498992,0.076445377925824,1.0,0.65,True,True,0.9599999999999991,0
M4,1835086215,82,181,0.4392158046191546,0.9797374128855074,0.004734254392318128,0.4392158046191546,0.7060000000000001,0.4701782347606966,0.803759874397284,0.9431704930179164,1.8124815517120545,177,0.18580248740121647,0.04994227711530222,0.07019484962422698,0.18220776571889907,0.41441045016104744,0.09744216997930778,0.4,0.65,True,True,0.9899999999999991,0
M4,1835086215,83,177,0.15009867265919463,0.9826835089078627,0.0013193982016307222,0.15009867265919463,0.85,0.4949845659031531,0.8020977390481411,0.9447024451961977,1.715302005075914,170,0.16907322963401566,0.22920086303067744,0.08082090827688515,0.21986002310377167,0.2792450074003647,0.02179996855428532,0.0,0.85,True,True,1.0199999999999991,0
M4,1835086215,84,170,0.0,1.0,0.0,0.01,1.0,0.4742304602126949,0.8094056374320687,0.9438128432299463,1.8083850015487481,159,0.2801598167041835,0.06694876223277627,0.05466725199895676,0.28654316293448095,0.2679032127668415,0.043777793362761,0.8,0.85,True,True,1.0499999999999992,0
M4,1835086215,85,159,0.4991110749216325,0.9752289633034096,0.0057074277992627065,0.4991110749216325,0.7060000000000001,0.4974191734835149,0.8111244401220321,0.9439385986464744,1.727512587909152,156,0.21486355701958457,0.18507060345452322,0.10723270500360066,0.1635076206785372,0.27253519869761367,0.056790315146140774,0.4,0.65,True,True,1.0799999999999992,0
M4,1835086215,86,156,0.12023376800359473,0.9719118401418801,0.0010511796014965027,0.12023376800359473,0.864,0.47993799873211385,0.8174333167365957,0.9439360601979359,1.8043659420407445,156,0.2733137327583143,0.09635609474441204,0.0630293744281754,0.2696130913489687,0.27195660708054453,0.025731099639585045,0.2,0.85,True,True,1.1099999999999992,0
M4,1835086215,87,156,0.12943336490693816,0.9753220894823801,0.0011333550361228282,0.12943336490693816,0.864,0.5140194847002602,0.8156059639502464,0.9463841780766502,1.6766149713528364,152,0.17555391313100693,0.2340976794012627,0.07533766514805072,0.1389638206840259,0.2842086194925399,0.0918383021431137,0.2,0.85,True,True,1.1399999999999992,0
M4,1835086215,88,152,0.0,1.0,0.0,0.01,1.0,0.48850989408326484,0.8102212441777968,0.9517457602689852,1.7426465517886354,150,0.12994473031328357,0.07723301899550172,0.13089478746151553,0.25276280182487143,0.30655087395123065,0.10261378745359712,0.8,0.85,True,True,1.1699999999999993,0
M4,1835086215,89,150,0.15633581762962365,0.9779284410303055,0.001386579934414864,0.15633581762962365,0.85,0.5045644994569537,0.8148250885152146,0.9498252449223503,1.7002155871801468,148,0.25143633182884534,0.2605785900150152,0.03782206685379468,0.13719792355313778,0.2662703034013182,0.046694784347888776,0.0,0.85,True,True,1.1999999999999993,0
M4,1835086215,90,148,0.3137303749897132,0.9765121169773617,0.003084858761745986,0.3137303749897132,0.776,0.4868155032719114,0.8195152902020713,0.943348253585822,1.7845166757366056,141,0.2553932014077164,0.09584195264263973,0.059402985167912065,0.2730141706217814,0.24252766577853319,0.07382002438141715,0.6,0.65,True,True,1.2299999999999993,0
M4,1835086215,91,141,0.004515055091646418,0.9711696513886617,3.7093397004896885e-05,0.01,0.976,0.4939747165688437,0.8171243287800667,0.9490134282272398,1.7430548874322094,135,0.16981003860123778,0.14175562744342302,0.0007879644417039643,0.13303048620520871,0.37915386516422817,0.17546201814419843,0.6,0.85,True,True,1.2599999999999993,0
M4,1835086215,92,135,0.1357544801733617,0.9722931373053032,0.0011970727566327879,0.1357544801733617,0.864,0.5102600693470668,0.8148006628074216,0.9539378490239603,1.6739393144745462,131,0.16915688082947797,0.19414534947425494,0.06097138761285218,0.15389050513038782,0.29912881809722264,0.12270705885580435,0.2,0.85,True,True,1.2899999999999994,0
M4,1835086215,93,131,0.05440389499550211,0.9806255375707714,0.00045433808152590266,0.05440389499550211,0.906,0.46826177569112115,0.8187419959332072,0.9538333579095049,1.8330987148639497,130,0.2460170783269589,0.04343424626807882,0.19949059563882454,0.2240477166890596,0.2764464689397032,0.010563894137374871,0.4,0.85,True,True,1.3199999999999994,0
M4,1835086215,94,130,0.26510370800476796,0.9559974088991445,0.0025851873757657346,0.26510370800476796,0.776,0.4477223938124875,0.8165038085159262,0.9584500221185543,1.902742093359047,129,0.17123640474224208,0.09331720180948515,0.022686780080070693,0.14863254024741207,0.45819996529737833,0.10592710782341153,0.6,0.65,True,True,1.3499999999999994,0
M4,1835086215,95,129,0.11497503477795094,0.9752298134105246,0.0009985480204558084,0.11497503477795094,0.85,0.41964154941526177,0.8118102874390632,0.9626050199066989,2.0096847938259965,123,0.1391458668616666,0.07186504544549373,0.06242542262987159,0.22792949705146243,0.3348259492948976,0.1638082187166082,0.0,0.85,True,True,1.3799999999999994,0
M4,1835086215,96,123,0.11445880333588097,0.965970526719639,0.0010039250947871186,0.11445880333588097,0.85,0.40708647850964774,0.810086531010508,0.966344517916029,2.0592674116357155,120,0.17333447429247353,0.10545537800824412,0.04412615267788196,0.16581092864563884,0.35837990179625817,0.1528931645795035,0.0,0.85,True,True,1.4099999999999995,0
M4,1835086215,97,120,0.25119225837748155,0.964354267277384,0.002401953484442488,0.25119225837748155,0.776,0.4360957322034176,0.8133274365521923,0.957219603721906,1.9483725489141281,114,0.23431540115262192,0.24586333413195982,0.07990729092403852,0.1868964153823031,0.23754768798739914,0.015469870421677556,0.6,0.65,True,True,1.4399999999999995,0
M4,1835086215,98,114,0.47327491311941594,0.9681630891361557,0.005341757351675485,0.47327491311941594,0.65,0.39972466367806425,0.8150979005313472,0.9614976433497153,2.120804345668082,109,0.21796044758455674,0.05694775343510113,0.07336599540715415,0.18752042806604813,0.447917926358786,0.016287449148353915,0.0,0.65,True,True,1.4699999999999995,0
M4,1835086215,99,109,0.22039702769313207,0.945331388577585,0.0021130371465215383,0.22039702769313207,0.776,0.3938046103116718,0.815667044633623,0.9653478790147438,2.145597591465317,105,0.2040504891105398,0.09455207829569034,0.07687606101156148,0.22129613084325866,0.3259936647148948,0.077231576024055,0.6,0.65,True,True,1.4999999999999996,0
M4,1835086215,100,105,0.3760814094210904,0.9432949456595714,0.004048837748057219,0.3760814094210904,0.7060000000000001,0.41508593878294503,0.8109448882033958,0.9685831641028708,2.0170487880356065,100,0.13826494751817417,0.1877254785537217,0.05791365371169754,0.08217724460785243,0.29885036494800654,0.23506831066054773,0.4,0.65,True,True,1.5299999999999996,0
M4,1835086215,101,100,0.5091417785864419,0.9551494044640905,0.006061849604935261,0.5091417785864419,0.65,0.4268444761550918,0.8092228583913824,0.9597585061470112,1.9753156588962515,98,0.17281518247695488,0.34004555683683296,0.04315779978747454,0.1805991777032184,0.24016829227213726,0.02321399092338198,0.0,0.65,True,True,1.5599999999999996,0
M4,1835086215,102,98,0.08864952200234683,0.9529303897719323,0.0007772540646039275,0.08864952200234683,0.8740000000000001,0.4115426649798829,0.8103269960087478,0.9637826555323101,2.0429904462484187,93,0.20706600671168202,0.0818126469611268,0.086933247229004,0.16675321346983366,0.319409107105671,0.13802577852268255,0.8,0.65,True,True,1.5899999999999996,0
M4,1835086215,103,93,0.47749186313118736,0.9575018240663556,0.005496597103066607,0.47749186313118736,0.664,0.40952114581626525,0.8168032264118374,0.967069488971954,2.062450012476471,91,0.2749072525440872,0.10156881758012218,0.04208627773019764,0.09537175267826005,0.2983254949643743,0.18774040450295862,0.2,0.65,True,True,1.6199999999999997,0
M4,1835086215,104,91,0.49946245601811595,0.9519972597325138,0.005919887712926275,0.49946245601811595,0.65,0.4247849485850474,0.8201946021470538,0.9584804295999887,2.014487314841033,87,0.24039421319760257,0.244297742494882,0.024655143614233963,0.16952221113074695,0.24058944762615075,0.08054124193638375,0.0,0.65,True,True,1.6499999999999997,0
M4,1835086215,105,87,0.2881284978167479,0.9512711118056076,0.0028720669421780616,0.2881284978167479,0.776,0.4485401363949427,0.8140746431018595,0.9626323866399898,1.885395420168819,85,0.12362213827697992,0.18444985469894032,0.09991725142857151,0.020423714157707853,0.40991222827000284,0.1616748131677977,0.6,0.65,True,True,1.6799999999999997,0
M4,1835086215,106,85,0.1278137901731306,0.9399996601295864,0.0011633673122301467,0.1278137901731306,0.85,0.4459414817948241,0.8150202584300893,0.9637619954157226,1.8963597754287846,79,0.20811684354153487,0.0862881176021309,0.07265196353124659,0.2972243263381711,0.2869642371986588,0.04875451178825783,0.0,0.85,True,True,1.7099999999999997,0
M4,1835086215,107,79,0.2622992429636106,0.9585746818171126,0.002544853060891663,0.2622992429636106,0.776,0.4688069029328999,0.8090819064757092,0.9673857958741503,1.7840161640398808,76,0.12265826208905474,0.1490544613836031,0.0032449003146486355,0.08586150428705457,0.6083607401194324,0.0308201318062066,0.6,0.65,True,True,1.7399999999999998,0
M4,1835086215,108,76,0.06494790102103311,0.9223189955876003,0.0005812471040418693,0.06494790102103311,0.906,0.48966550744220105,0.8037963643296582,0.9706472162867352,1.6911616090797832,71,0.12710691472168045,0.13514883403274497,0.0350747386969039,0.19755705807912033,0.47664669684500705,0.028465757624543384,0.4,0.85,True,True,1.7699999999999998,0
M4,1835086215,109,71,0.34139758061763203,0.9590060142524263,0.0035027728205915005,0.34139758061763203,0.776,0.5163707632711214,0.8070423672834517,0.9597131585712065,1.6285205392292457,68,0.23044776462845476,0.22085010071696654,0.07538759155691907,0.04021127594551985,0.23065331956572432,0.20244994758641544,0.6,0.65,True,True,1.7999999999999998,0
M4,1835086215,110,68,0.5605086175621186,0.9357959810902587,0.0072731638735138125,0.5605086175621186,0.664,0.5019221722142883,0.8070187048072041,0.9464354699673201,1.6988546048773787,64,0.19160569859906146,0.08366291724811145,0.1897547979688878,0.3002869592991046,0.2134681362661709,0.021221490618663814,0.2,0.65,True,True,1.8299999999999998,0
M4,1835086215,111,64,0.5354144689915914,0.9168190253786686,0.006981379441448919,0.5354144689915914,0.7060000000000001,0.5288356478577025,0.8014663438981787,0.9389964695042109,1.6139891386998904,64,0.12248217914168572,0.24404285195221115,0.02629637498633461,0.3237037191779055,0.23602273266811405,0.04745214207374904,0.4,0.65,True,True,1.8599999999999999,0
M4,1835086215,112,64,0.0,1.0,0.0,0.01,1.0,0.513458230032496,0.7959988611984187,0.9450968225537898,1.640329230170242,62,0.12007293118936074,0.09135001234022187,0.07427864726328205,0.1667235142398209,0.5459354500931219,0.00163944487419246,1.0,0.65,True,True,1.89,0
M4,1835086215,113,62,0.06819590008209733,0.9430822090680657,0.000597479340814819,0.06819590008209733,0.906,0.5086272620893283,0.8021466204004304,0.9460251368769707,1.6670608309447283,59,0.26184627827415874,0.1207501399866808,0.038747526658290975,0.29454371786028566,0.2771899828927991,0.006922354327784764,0.4,0.85,True,True,1.92,0
M4,1835086215,114,59,0.06396266030013203,0.9201115465723118,0.0005735283003385377,0.06396266030013203,0.906,0.5168296388810842,0.8049946821915853,0.9405660927312345,1.6559845537887634,54,0.22444241013970556,0.14491144580977938,0.027138334873602146,0.34966414505955956,0.2457173477098044,0.008126316407548862,0.4,0.85,True,True,1.95,0
M4,1835086215,115,54,0.17025400206994643,0.932750619886208,0.0016042719487299774,0.17025400206994643,0.85,0.5426987603581717,0.8002845593366716,0.9303226405463023,1.5850830357121233,52,0.13174514068331925,0.23126218190569628,0.09351591231389489,0.2289900417384772,0.21906578544095617,0.09542093791765628,0.0,0.85,True,True,1.9799999999999998,0
M4,1835086215,116,52,0.17152329763249363,0.9541740398832619,0.0015773648016513934,0.17152329763249363,0.864,0.5317467818519618,0.8020172807438971,0.9305540822145133,1.6208291439234161,52,0.20933686717573777,0.13035587438613175,0.018753300526751265,0.2783822807702777,0.26631852861420624,0.0968531485268952,0.2,0.85,True,True,2.01,0
M4,1835086215,117,52,0.5244081548480471,0.9135250814930861,0.00679337435275928,0.5244081548480471,0.664,0.5386521913590285,0.8097638933145167,0.9340384729003994,1.6094786198141675,51,0.28559345759768084,0.14485149694257615,0.03651991657305323,0.12683420922303437,0.28269899453668734,0.12350192512696809,0.2,0.65,True,True,2.04,0
M4,1835086215,118,51,0.4966140091463611,0.9006411275368278,0.006380994090808619,0.4966140091463611,0.7060000000000001,0.5245791645529141,0.8045914017961647,0.9406346256103595,1.6305847963171853,50,0.12894628934217361,0.09898685073725898,0.0008614321971205371,0.37303037417093643,0.3966699915213034,0.0015050620312071765,0.4,0.65,True,True,2.0700000000000003,0
M4,1835086215,119,50,0.0,1.0,0.0,0.01,1.0,0.5347516958802705,0.8021121830762609,0.9465711630493235,1.584636563578366,52,0.15937939212380517,0.14516613523188168,0.09356699121480175,0.23113396562833333,0.31478853734892176,0.0559649784522562,1.0,0.65,True,True,2.1000000000000005,0
M4,1835086215,120,52,0.15089762482897262,0.9196446232648338,0.0014266476347171838,0.15089762482897262,0.864,0.5523532216335875,0.8032643029151441,0.9459458792523928,1.5373589703762987,49,0.20322161240870262,0.123825103229258,0.024628998253794606,0.31036917573515765,0.27015916254000805,0.06779594783307924,0.2,0.85,True,True,2.130000000000001,0
M4,1835086215,121,49,0.08184687698405241,0.947854283852647,0.0007188530372582017,0.08184687698405241,0.906,0.568052273518342,0.8064583176746426,0.936302198112591,1.5162736233953504,44,0.22946537381569684,0.18935600122466512,0.045274776344137055,0.28301349649486335,0.22475453392718692,0.028135818193450686,0.4,0.85,True,True,2.160000000000001,0
M4,1835086215,122,44,0.6404920020662481,0.9113083373377168,0.009659076867983075,0.6404920020662481,0.664,0.5837193652122565,0.8161354017909105,0.9185616155389533,1.5221232577760586,41,0.33665876958895574,0.1900290806772205,0.04039790721646862,0.24867403820564157,0.17944818618810707,0.004792018123606647,0.2,0.65,True,True,2.1900000000000013,0
M4,1835086215,123,41,0.5258057389409149,0.9019067398741135,0.00696230660179267,0.5258057389409149,0.664,0.541178108149842,0.8156451858053431,0.9110583522663482,1.6543022603385658,42,0.1914569262997261,0.049356961702384544,0.09512408542101228,0.3461885955605784,0.22176449140645105,0.09610893960984765,0.2,0.65,True,True,2.2200000000000015,0
M4,1835086215,124,42,0.0,1.0,0.0,0.01,1.0,0.5163740292742987,0.8246418099389932,0.9188273430068227,1.7380691368343772,42,0.30973604279896594,0.07381323776635026,0.08566578546097912,0.1684346965782176,0.2943741298355462,0.06797610755994092,0.8,0.85,True,True,2.2500000000000018,0
M4,1835086215,125,42,0.5286943018749561,0.9196821940196632,0.006808662672752472,0.5286943018749561,0.664,0.4928289455241618,0.8275819287401914,0.9179358176368815,1.829373884644879,40,0.23965261622684902,0.08997590379013115,0.15897728366410457,0.16515746940915882,0.2549560446537052,0.09128068225605133,0.2,0.65,True,True,2.280000000000002,0
M4,1835086215,126,40,0.5666570455451213,0.9055008175729281,0.007824347961640353,0.5666570455451213,0.65,0.46173057642825127,0.8281940863747073,0.907594417550883,1.9762945550927085,39,0.21239067589406796,0.0944589616473035,0.13182583784299046,0.2801883049028804,0.20726090838844852,0.07387531132430918,0.0,0.65,True,True,2.3100000000000023,0
M4,1835086215,127,39,0.5388560808269763,0.919979735845823,0.0070146390952155685,0.5388560808269763,0.664,0.4675539191891954,0.8231033362822036,0.9148537295048143,1.9242921022024633,35,0.14148692782789568,0.09868140979092649,0.13880792829766497,0.2930217487353298,0.29009376854509755,0.037908216803085315,0.2,0.65,True,True,2.3400000000000025,0
M4,1835086215,128,35,0.4438105060218862,0.915691840658103,0.0052771503717601,0.4438105060218862,0.664,0.4760412157551068,0.8219125657445495,0.9173146113601839,1.882186930007319,33,0.18705495345570203,0.14644464640679944,0.08072659176849792,0.18338769545014139,0.26973127402925545,0.13265483888960378,0.2,0.65,True,True,2.3700000000000028,0
M4,1835086215,129,33,0.38724758389479635,0.8636144260040447,0.004735752428532051,0.38724758389479635,0.7060000000000001,0.49052799505642247,0.815423221443211,0.9255831502241655,1.7959896806074827,31,0.12007854982361153,0.14024724671213484,1.5474669166188313e-05,0.016778775163138082,0.5722049919364663,0.15067496169548308,0.4,0.65,True,True,2.400000000000003,0
M4,1835086215,130,31,0.0,1.0,0.0,0.01,1.0,0.49241663206636244,0.812024691729376,0.933024835201749,1.76743445876392,30,0.1546578919790684,0.08614922117788763,0.004276603886184366,0.2273945085180994,0.3525905437600716,0.17493123067868868,1.0,0.65,True,True,2.4300000000000033,0
M4,1835086215,131,30,0.004217955399013685,0.9036574803481227,3.724181489270401e-05,0.01,0.976,0.5155968679788047,0.8214234571429072,0.9392948194826468,1.6961134696277302,30,0.32049733100147987,0.1839793296947874,0.011030523882202103,0.1750827240573859,0.297862339005364,0.011547752358780675,0.6,0.85,True,True,2.4600000000000035,0
M4,1835086215,132,30,0.10008901147000195,0.8730518208825335,0.0009692503955216706,0.10008901147000195,0.8740000000000001,0.5487037644755441,0.8181300300505053,0.9413874280306548,1.5838571160395898,29,0.15972182205929333,0.23736534524698116,0.019513814451980433,0.28765816481294315,0.28011045248136346,0.015630400947438353,0.8,0.65,True,True,2.4900000000000038,0
M4,1835086215,133,29,0.004032490354557821,0.8940629780324205,3.59835186081921e-05,0.01,0.976,0.5761151193680899,0.8145651545742042,0.9343563760742294,1.5132267206641044,25,0.1542703253278022,0.12934160862280006,0.045635447596921536,0.3349020472749549,0.23553845423320063,0.10031211694432071,0.6,0.85,True,True,2.520000000000004,0
M4,1835086215,134,25,0.1240092496585246,0.8836167572451128,0.0012037350634653582,0.1240092496585246,0.8740000000000001,0.55129394779338,0.816913062435442,0.9409207384668065,1.5748513787323208,23,0.22595206987435024,0.08884966746493642,0.0369033644144711,0.2118460245533565,0.3282421278087871,0.10820674588409884,0.8,0.65,True,True,2.5500000000000043,0
M4,1835086215,135,23,0.19124350883800806,0.8654416062228177,0.001987757471538603,0.19124350883800806,0.85,0.5480719450294422,0.8130100408225174,0.9468286646201258,1.566703955993134,22,0.14928289386059276,0.13606676857512906,0.023808162317469066,0.270457567734277,0.3434390136915294,0.07694559382100273,0.0,0.85,True,True,2.5800000000000045,0
M4,1835086215,136,22,0.5086413669372475,0.8234597517800494,0.007653761396216565,0.5086413669372475,0.664,0.5411708105995611,0.8223595387813916,0.9487730739130925,1.6016404167990093,22,0.3703977763243331,0.13712053993478263,0.006190136335883417,0.19889024285216436,0.2831363787748963,0.004264925777940299,0.2,0.65,True,True,2.6100000000000048,0
M4,1835086215,137,22,0.15400955213075102,0.8120091951409986,0.0016740616793195187,0.15400955213075102,0.85,0.49908203356459685,0.8294975460367455,0.9538957665217833,1.742377475824333,21,0.29069980243029414,0.08149139295870395,0.01686288169332274,0.23543663338362733,0.35630403535018834,0.019205254183863422,0.0,0.85,True,True,2.640000000000005,0
M4,1835086215,138,21,0.4860342803305952,0.8559031680235161,0.006678571860520431,0.4860342803305952,0.664,0.504771128092518,0.8247797769604376,0.958506189869605,1.7047024126778927,21,0.14696385281911675,0.09243310321626713,0.023900105566674917,0.13942389621714735,0.5053935926889848,0.09188544949180916,0.2,0.65,True,True,2.6700000000000053,0
M4,1835086215,139,21,0.4302602779134629,0.7985235108709765,0.006160830742461829,0.4302602779134629,0.664,0.4982182184606169,0.8217971386796218,0.9456287173105268,1.7443128002206116,21,0.16570438209007557,0.059113918759231665,0.11644233522874951,0.4348159811751443,0.2148657321394113,0.009057650607387668,0.2,0.65,True,True,2.7000000000000055,0
M4,1835086215,140,21,0.0948761631291147,0.830329031343438,0.0009658403840280835,0.0948761631291147,0.864,0.4818770243339053,0.8210369642207789,0.9475801904765875,1.7980862384600655,20,0.19162103093922653,0.13801303865914064,0.018213146145981608,0.23303950454862582,0.2825717244855666,0.13654155522145864,0.2,0.85,True,True,2.7300000000000058,0
M4,1835086215,141,20,0.05693213741608148,0.8261907261588237,0.000568337181951442,0.05693213741608148,0.906,0.5132132136707686,0.8172142263660026,0.9357821642739322,1.701622914940229,18,0.15286387945328336,0.32982122602848074,0.07550529729078168,0.20940630608197655,0.2147999642250175,0.017603326920460172,0.4,0.85,True,True,2.760000000000006,0
M4,1835086215,142,18,0.22313540635590473,0.8066117112664295,0.0025777792109756064,0.22313540635590473,0.776,0.4749056141284673,0.8263535150477025,0.9271317418387469,1.8767962414398758,17,0.352429035979487,0.09604736157793818,0.06076993390580811,0.24528450776023164,0.2246389699610394,0.02083019081549579,0.6,0.65,True,True,2.7900000000000063,0
M4,1835086215,143,17,0.08250283894091381,0.8219893841422344,0.0008419482164506143,0.08250283894091381,0.8740000000000001,0.4417966134783657,0.8196734130460624,0.9344185676548722,1.985532528291753,17,0.12046967188431298,0.0937680133515042,0.11796514137159074,0.16463371885323866,0.5006803507509588,0.002483103788394566,0.8,0.65,True,True,2.8200000000000065,0
M4,1835086215,144,17,0.2658212108512062,0.7477691123356527,0.003496528498754709,0.2658212108512062,0.664,0.4633811801382654,0.8143918771974459,0.932316248804385,1.8850886939121767,15,0.1337766850460817,0.1499854398185835,0.3175963468918505,0.13475355215525525,0.2566976895750002,0.007190286513228742,0.2,0.65,True,True,2.8500000000000068,0
M4,1835086215,145,15,0.17295820136621826,0.7170045416832941,0.0021973607640447725,0.17295820136621826,0.776,0.41705916413585564,0.8180859359856807,0.9390846239239465,2.0887984109512647,14,0.2426706581013393,0.05194694877460902,0.09958321680907514,0.20630826134078617,0.30193473421668693,0.09755618075750329,0.6,0.65,True,True,2.880000000000007,0
M4,1835086215,146,14,0.059550746476474646,0.7515728162218492,0.0006571061885870501,0.059550746476474646,0.8740000000000001,0.44334926394258134,0.81568940846045,0.9451761615315519,1.9465522768546135,13,0.16884711592566656,0.18850785279271404,0.021780098246768066,0.11790360234088054,0.3572203987854828,0.14574093190848797,0.8,0.65,True,True,2.9100000000000072,0
M4,1835086215,147,13,0.318928508236554,0.6677698144959793,0.0051686869543326255,0.318928508236554,0.664,0.40258746778494553,0.8167163983139274,0.9506585453783968,2.133960949004257,13,0.21014325345624785,0.07102372394978035,0.10139864033225131,0.2422526427801862,0.3154995882661046,0.059682151215429635,0.2,0.65,True,True,2.9400000000000075,0
M4,1835086215,148,13,0.25567481778660794,0.6217277030182006,0.004216645956911189,0.25567481778660794,0.65,0.35642487237362086,0.8249044852813355,0.9555926908405571,2.4219370056714036,13,0.3002988360388067,0.060917753411940945,0.0017787019098551222,0.25219450697002016,0.3360556229511366,0.04875457871824051,0.0,0.65,True,True,2.9700000000000077,0
M4,1835086215,149,13,0.05767100919710209,0.6140881541444325,0.0007850243269220079,0.05767100919710209,0.8740000000000001,0.40090506153432925,0.8183849876553763,0.9600334217565014,2.1263255725435397,13,0.12157158297634402,0.4336298402418418,0.0013881454837374981,0.0456267039195074,0.3149822687466208,0.08280145863194859,0.8,0.65,True,True,3.000000000000008,0
M4,1835086215,150,13,0.3115531658787864,0.6669191232905519,0.005011031648001317,0.3115531658787864,0.65,0.3836874536767585,0.8172275940557943,0.9640300795808513,2.209402490046297,11,0.18452319728983474,0.0647219828312785,0.08136872209958429,0.14826494802171986,0.41327672965513323,0.10784442010244932,0.0,0.65,True,True,3.0300000000000082,0
M4,1835086215,151,11,0.1400511826616615,0.5400576717889876,0.0023895760092965705,0.1400511826616615,0.776,0.4012259352832941,0.8138552115105415,0.9676270716227662,2.09628410089636,12,0.15611246446921256,0.13416616906581685,0.08057715849909572,0.17260801036393564,0.3527595721689975,0.10377662543294175,0.6,0.65,True,True,3.0600000000000085,0
M4,1835086215,152,12,0.04877547964678924,0.744336686832199,0.000539489754688201,0.04877547964678924,0.8740000000000001,0.389313207691169,0.8093678415483725,0.9708643644604895,2.141352902078501,12,0.1400673826669761,0.14063320640529503,0.0034413926307400276,0.07332696569239193,0.6077772571176351,0.03475379548696187,0.8,0.65,True,True,3.0900000000000087,0
M4,1835086215,153,12,0.25933610266505513,0.712471633208457,0.0036023226407475217,0.25933610266505513,0.65,0.36906638296065375,0.8089018653182654,0.9737779280144405,2.2507715754469166,12,0.18753019809139349,0.12535383736698213,0.02859296576826971,0.18805135834547715,0.3895638895833955,0.08090775084448203,0.0,0.65,True,True,3.120000000000009,0
M4,1835086215,154,12,0.2930748244586213,0.6126110486552407,0.005180891091430777,0.2930748244586213,0.664,0.3609964111917768,0.8075501710919745,0.968640876126729,2.309424862407987,11,0.17616748799528031,0.07833311889257538,0.0383448504418531,0.35286808075373916,0.26120370456866243,0.09308275734788964,0.2,0.65,True,True,3.1500000000000092,0
M4,1835086215,155,11,0.2602247073185681,0.6022688219860263,0.0045035252482366365,0.2602247073185681,0.65,0.38546095263917235,0.8048130860316108,0.9717767885140561,2.1485631229921727,10,0.15800529367793903,0.20050728841690807,0.01878697850805998,0.08413597835384469,0.5162688673921476,0.02229559365110065,0.0,0.65,True,True,3.1800000000000095,0
M4,1835086215,156,10,0.0417732790091164,0.6120673147711528,0.0005626991953936363,0.0417732790091164,0.906,0.3727723545424535,0.8006227433061398,0.9745991096626505,2.2037291472791374,6,0.13812889470136844,0.19282890993195745,0.03166922652368368,0.10991179490883167,0.5181495694681332,0.009311604466025653,0.4,0.85,True,True,3.2100000000000097,0
M4,1835086215,157,6,0.15273511862326508,0.45707380820254495,0.003237391880551955,0.15273511862326508,0.65,0.3619575572580617,0.8073870117042881,0.9771391986963854,2.2827990039772317,6,0.27244256954319035,0.1312963401223537,0.012146879635225878,0.11139893879730876,0.3832463981936252,0.08946887370829615,0.0,0.65,True,True,3.24000000000001,0
M4,1835086215,158,6,0.19857393629471898,0.38936482684613555,0.0056782299142097824,0.19857393629471898,0.65,0.425615614467897,0.8078566078069723,0.9794252788267469,1.9379627282729992,5,0.1979868335987331,0.1461145872558779,0.0034836804233196452,0.08156849800890226,0.5339369059505469,0.03690949476262023,0.0,0.65,True,True,3.2700000000000102,0
M4,1835086215,159,5,0.0,1.0,0.0,0.01,1.0,0.4131227737306143,0.8033140810953218,0.9814827509440722,1.9811783420650868,6,0.13562879598372632,0.04850487338037737,0.005270209900923805,0.32870613185375963,0.48083552730799883,0.0010544615732140982,1.0,0.65,True,True,3.3000000000000105,0
M4,1835086215,160,6,0.142852400657066,0.3730961136649759,0.0038423098345909666,0.142852400657066,0.664,0.3977316741889953,0.8010132586934011,0.9768478334929563,2.0616864129174277,6,0.16081102066056818,0.10075332418876146,0.07629841910919603,0.3074812420645647,0.2675667882164568,0.08708920576045286,0.2,0.65,True,True,3.3300000000000107,0
M4,1835086215,161,6,0.18805730635820617,0.48711441703825215,0.0038834378159002115,0.18805730635820617,0.776,0.4885085188678535,0.7980036768826503,0.9791630501436607,1.6683137697003267,5,0.15051351404899033,0.21151144177698977,0.15890193115375723,0.07117167957564147,0.35888888658643264,0.04901254685818855,0.6,0.65,True,True,3.360000000000011,0
M4,1835086215,162,5,0.04631699645173481,0.4429221357331618,0.0008792126836311779,0.04631699645173481,0.906,0.6290509887822717,0.8049160262526894,0.9712247136875339,1.3174829399618655,5,0.2726566651771457,0.10231219424202237,0.014597002778804385,0.2650540239515194,0.2498898427911966,0.0954902710593115,0.4,0.85,True,True,3.3900000000000112,0
M4,1835086215,163,5,0.29835763619977607,0.4099284933356801,0.010358627520860381,0.29835763619977607,0.664,0.6051378477537026,0.8067284126775992,0.962074711621702,1.3856841116433058,5,0.21322734671930266,0.09101428952381455,0.05029190096766783,0.3023324066686011,0.2398623465146073,0.1032717096060066,0.2,0.65,True,True,3.4200000000000115,0
M4,1835086215,164,5,0.0,1.0,0.0,0.01,1.0,0.5994805993059673,0.8163919920437193,0.9297109737072802,1.4647909435459663,5,0.36380033869911743,0.13113073240055145,0.032030537884081355,0.3389752613893705,0.1192186662387422,0.014844463388137028,1.0,0.65,True,True,3.4500000000000117,0
M4,1835086215,165,5,0.22985284459625402,0.4556967207750602,0.0055878417278486395,0.22985284459625402,0.776,0.555063781626569,0.8255723924415332,0.9346857447263278,1.5912801751332188,5,0.31995412777936777,0.05246496316792017,0.05785053914217606,0.205019869731697,0.28972934194887834,0.07498115822996067,0.6,0.65,True,True,3.480000000000012,0
M4,1835086215,166,5,0.10810416092745036,0.37032914778700055,0.002747732986948083,0.10810416092745036,0.776,0.5500850752918458,0.8237758990903024,0.941217170253695,1.5910703351847806,6,0.18102657838557262,0.054405630069599226,0.06478808023371539,0.2625874301719768,0.3607965568432509,0.07639572429588501,0.6,0.65,True,True,3.510000000000012,0
M4,1835086215,167,6,0.34817192161009103,0.5541888322858298,0.007876870100895569,0.34817192161009103,0.65,0.5045691639143671,0.8242078723511866,0.9470954532283256,1.72473469986724,6,0.20775960269249238,0.04545296240803053,0.19849788781090483,0.21962004653066405,0.3075726419547194,0.021096858603188693,0.0,0.65,True,True,3.5400000000000125,0
M4,1835086215,168,6,0.15384768496505344,0.6079025843984351,0.0023227222676122285,0.15384768496505344,0.776,0.4693676665464232,0.8238320162266949,0.952385907905493,1.8429456857310886,6,0.19793171866334422,0.0690246582612279,0.1468305285539382,0.14063778965001106,0.3846797674373813,0.06089553743409728,0.6,0.65,True,True,3.5700000000000127,0
M4,1835086215,169,6,0.0,1.0,0.0,0.01,1.0,0.46319954100882316,0.8177902061119645,0.9474746713491438,1.8634003634595457,6,0.1268723837075551,0.053692491523654656,0.009646043727760591,0.31821973990576413,0.25163677117100025,0.23993256996426535,1.0,0.65,True,True,3.600000000000013,0
M4,1835086215,170,6,0.0,1.0,0.0,0.01,1.0,0.43951389205486313,0.8154751760358078,0.9527272042142294,1.9474646007690402,6,0.16968100286801913,0.10377989801258311,0.010657302039626807,0.23307217045856254,0.3602198727750427,0.12258975384616587,1.0,0.65,True,True,3.630000000000013,0
M4,1835086215,171,6,0.2102446360815115,0.40769801500880704,0.0057712473126769635,0.2102446360815115,0.7060000000000001,0.43489335714705485,0.8107382218041449,0.9574544837928065,1.9470618020269526,6,0.1379600571265935,0.14558221894206635,0.1074340490409377,0.17625118127816483,0.3186330705442994,0.11413942306793826,0.4,0.65,True,True,3.6600000000000135,0
M4,1835086215,172,6,0.028861992593688126,0.5147499004169467,0.00045932177818728284,0.028861992593688126,0.906,0.40276513670807207,0.8078726260386526,0.9617090354135258,2.0856783131160053,6,0.158391441558937,0.09035787408545248,0.013443531843180338,0.2548952478830867,0.3145166335937135,0.16839527103563007,0.4,0.85,True,True,3.6900000000000137,0
M4,1835086215,173,6,0.07339825610895397,0.5316194285329278,0.0011826752766924908,0.07339825610895397,0.864,0.4072841577476411,0.8021081044805624,0.9655381318721732,2.0396984080746234,6,0.12036387179803011,0.25158508663074713,0.010021034809340615,0.0982732493944352,0.4486902757903967,0.07106648157705017,0.2,0.85,True,True,3.720000000000014,0
M4,1835086215,174,6,0.04188883377345744,0.4750480177060713,0.0007347992813489765,0.04188883377345744,0.85,0.4035323403864994,0.801994637324395,0.9689843186849558,2.0510505745527956,6,0.18739922584826008,0.1536420471642881,0.07497737792733652,0.1202106423654726,0.3032256484654858,0.16054505822915707,0.0,0.85,True,True,3.750000000000014,0
M4,1835086215,175,6,0.05165908653573556,0.48155080226022956,0.0009032964199433377,0.05165908653573556,0.864,0.4370566505844127,0.7965507261173799,0.9720858868164602,1.8748695978699574,5,0.12069775824005732,0.11528004130813013,0.10916442691105607,0.2097829399369777,0.30150633612174754,0.14356849748203135,0.2,0.85,True,True,3.7800000000000145,0
M4,1835086215,176,5,0.02912020563207409,0.5024611581585742,0.0004752354293274264,0.02912020563207409,0.8740000000000001,0.4295382332054151,0.7988589844399976,0.9748772981348142,1.9077362862030756,5,0.21419743285608328,0.14587672155522208,0.012310256237034748,0.24723645366640568,0.3764565539409066,0.003922581744347644,0.8,0.65,True,True,3.8100000000000147,0
M4,1835086215,177,5,0.17265521459843172,0.4401180755116523,0.003964613450992669,0.17265521459843172,0.7060000000000001,0.42823917991659083,0.7946330690707194,0.9773895683213327,1.8985084580151863,5,0.1339629231590217,0.15234621539368676,0.08452964384761082,0.2691840206847388,0.33140589759550704,0.028571299319434904,0.4,0.65,True,True,3.840000000000015,0
M4,1835086215,178,5,0.16821585701367325,0.4057411316185227,0.00426215298859831,0.16821585701367325,0.776,0.5399688994659809,0.7975268338828685,0.9712017070249236,1.520782550620358,4,0.22031772832106328,0.2016603808535407,0.005179414567461881,0.199535371337148,0.25775547767862045,0.11555162724216582,0.6,0.65,True,True,3.870000000000015,0
M4,1835086215,179,4,0.0170432109291706,0.30429774039972496,0.0004588023739172759,0.0170432109291706,0.906,0.5436795989304014,0.7925887242634571,0.9705605802571894,1.5020424424401333,4,0.12422790093414997,0.20505828870169968,0.009030988370137518,0.35377729094999555,0.28239521967379067,0.025510311370226663,0.4,0.85,True,True,3.9000000000000155,0
M4,1835086215,180,4,0.0017775237470382134,0.42668164767352046,3.323034111909172e-05,0.01,0.976,0.518430194813556,0.8011587022471991,0.9670046064028852,1.5980844416278568,4,0.2899926774614354,0.10937624142323876,0.09566448985214683,0.2136235631223529,0.267500420857074,0.023842607283752135,0.6,0.85,True,True,3.9300000000000157,0
M4,1835086215,181,4,0.2167686860491234,0.3662758188219796,0.007132565879840581,0.2167686860491234,0.664,0.5221927234328207,0.807061030988654,0.9682058948848888,1.5962754688800238,3,0.2620032981726853,0.0699203007234649,0.08239387633402631,0.12480182838341249,0.289508745611461,0.17137195077494996,0.2,0.65,True,True,3.960000000000016,0
M4,1835086215,182,3,0.1903147945939231,0.29372723124991534,0.008309731772014982,0.1903147945939231,0.664,0.46423646037662714,0.808325201025246,0.9713853053964,1.7924842291223344,3,0.20771526982530847,0.043146674188485425,0.12613710329908326,0.15874040226250768,0.3136575820330919,0.15060296839152335,0.2,0.65,True,True,3.990000000000016,0
M4,1835086215,183,3,0.02496824236155214,0.17874975834715637,0.001197624817227557,0.02496824236155214,0.776,0.4492921400148674,0.803931724657399,0.97424677485676,1.8366287115591788,4,0.1377847960426923,0.08971720447951737,0.11824063234983095,0.147930386104956,0.4639231466043369,0.04240383441866632,0.6,0.65,True,True,4.0200000000000164,0
M4,1835086215,184,4,0.03199506562908651,0.41136437921613855,0.0006445210327114012,0.03199506562908651,0.864,0.45373354197728444,0.8017293200391511,0.976822097371084,1.8088868663951523,4,0.16242727018277525,0.2659501635347564,0.022007767238384518,0.08619783903531367,0.41950488479199866,0.04391207521677155,0.2,0.85,True,True,4.050000000000017,0
M4,1835086215,185,4,0.03242397684623099,0.30621784273841046,0.0008909014936668035,0.03242397684623099,0.85,0.4231067249419683,0.7983654826072253,0.9770180982545396,1.9312976637192512,4,0.14653285712539682,0.09817329784309141,0.1329138960986202,0.18491383137353448,0.2893910531028194,0.14807506445653776,0.0,0.85,True,True,4.080000000000017,0
M4,1835086215,186,4,0.101776002134344,0.3130282736810766,0.0031302238515810215,0.101776002134344,0.65,0.5057644379827034,0.7987041726212716,0.9675449417803471,1.632174231877869,3,0.19071205180509423,0.1877131581297081,0.20311835679410659,0.11368060663840501,0.24114326675630757,0.06363255987637866,0.0,0.65,True,True,4.110000000000017,0
M4,1835086215,187,3,0.010076227328572985,0.28780361877396304,0.0002836838744129425,0.010076227328572985,0.906,0.5226640605176963,0.803249903506274,0.9707904476023124,1.5830788605150772,4,0.24351174395082464,0.1091297676524347,0.08245094513595994,0.1664996746855356,0.3482850645456789,0.050122804029566315,0.4,0.85,True,True,4.140000000000017,0
M4,1835086215,188,4,0.12191927766563651,0.3802092510925495,0.003077674473275905,0.12191927766563651,0.7060000000000001,0.4740983688080684,0.8024697899079948,0.9737114028420811,1.738320992028472,3,0.17977976971293025,0.13531592156707545,0.09039423897026601,0.19744597628079696,0.3366136706489486,0.06045042281998269,0.4,0.65,True,True,4.170000000000018,0
M4,1835086215,189,3,0.05886609677745327,0.14076654084856474,0.00431116360256214,0.05886609677745327,0.65,0.4626787822588403,0.8044401158211153,0.976340262557873,1.7807909371163417,3,0.21367269260650318,0.13454252802244154,0.03634070974985096,0.22752499376634291,0.3142134969304855,0.073705578924376,0.0,0.65,True,True,4.200000000000018,0
M4,1835086215,190,3,0.016682210610912313,0.11689880347579996,0.0012256514341470787,0.016682210610912313,0.864,0.41514914478654524,0.8039242683702961,0.9787062363020856,1.9786028751362936,3,0.18382697925295627,0.06139658859938535,0.08368988162627292,0.18551331617766928,0.32605271811074193,0.15952051623297428,0.2,0.85,True,True,4.230000000000018,0
M4,1835086215,191,3,0.07117323198587723,0.2504404509656016,0.0026614004048624183,0.07117323198587723,0.65,0.417201941248905,0.8001040388157823,0.9808356126718771,1.9552573003582618,3,0.14219979830001345,0.17106637186330767,0.041165309139247624,0.2824537250138432,0.3443180307491533,0.018796764934434832,0.0,0.65,True,True,4.260000000000018,0
M4,1835086215,192,3,0.014305252450758867,0.19025106915676251,0.0006222273470400386,0.014305252450758867,0.864,0.3618688877140921,0.8030323942581564,0.9827520514046895,2.2580723895531563,3,0.224169467289541,0.04930613846913985,0.07593973322622692,0.28810582926122064,0.35741025572675594,0.005068576027115568,0.2,0.85,True,True,4.290000000000019,0
M4,1835086215,193,3,0.0,1.0,0.0,0.01,1.0,0.3887232013722717,0.79925266636544,0.9844768462642205,2.0885175283771207,4,0.1421486477523931,0.09779566159068898,0.010742248781840968,0.2632523143107607,0.46354713890331034,0.022513988661005957,0.8,0.85,True,True,4.320000000000019,0
M4,1835086215,194,4,0.102373492693617,0.3313077917872514,0.002942145352057662,0.102373492693617,0.7060000000000001,0.3137096880483075,0.7976799931477643,0.9743935032262235,2.6095546055474745,3,0.1673745012574526,0.0690251032876241,0.14260737589846728,0.28515272949628273,0.2418217079421256,0.09401858211804774,0.4,0.65,True,True,4.350000000000019,0
M4,1835086215,195,3,0.006941230799487934,0.18194794389447388,0.00030961738357930963,0.01,0.906,0.3148133364866021,0.7944120604610698,0.9769541529036012,2.5829650114315683,3,0.14520083713367155,0.15969890136967058,0.0016541988207392155,0.157607717253454,0.4871390733120869,0.04869927211037784,0.4,0.85,True,True,4.380000000000019,0
M4,1835086215,196,3,0.007249785976400858,0.2013509026776285,0.00029189536840489624,0.01,0.85,0.27938422025150106,0.7917612205997276,0.9792587376132411,2.8939758200401124,3,0.15087203952139178,0.047617345098642544,0.12089067753406292,0.223597615824626,0.3754440026751461,0.08157831934613072,0.0,0.85,True,True,4.41000000000002,0
M4,1835086215,197,3,0.0018941644347321793,0.22022317244721457,6.876164498448992e-05,0.01,0.906,0.2739348932148734,0.7881374500777898,0.981332863851917,2.931826500280003,3,0.13705363135060666,0.14338751967720526,0.07734172900826582,0.31814770050661084,0.31199578161046676,0.012073637846844667,0.4,0.85,True,True,4.44000000000002,0
M4,1835086215,198,3,0.0001553999272900177,0.12938619134930485,9.566233490354385e-06,0.01,0.976,0.14402869924716763,0.7834625847906828,0.9831995774667253,5.5325779214616535,2,0.12165009020978006,0.3089688806472387,0.05534521538065388,0.20759255170949736,0.3047530891113899,0.0016901729414401084,0.6,0.85,True,True,4.47000000000002,0
M4,1835086215,199,2,6.822274246233467e-06,6.84624289567788e-05,0.0008355817428162275,0.01,0.664,0.13124879902746864,0.7896518074597959,0.9273144105452956,6.48803653561965,2,0.2545293988580905,0.11341708241792083,0.08472227140788541,0.48911031897658486,0.012173954126214578,0.04604697421330385,0.2,0.65,True,True,4.50000000000002,0
M4,1835086215,200,2,5.4884540250541445e-06,0.0016268817016241721,2.6899537621148695e-05,0.01,0.864,0.18149759805493726,0.8001692170868061,0.8745886606611177,5.040888781930979,1,0.6899897813039922,0.0,0.0001368601464091346,0.29868279392804314,2.8455851758226336e-05,0.011162108769797306,0.2,0.85,True,True,4.530000000000021,0
M4,1835086215,201,1,0.0,null,null,0.01,0.906,0.18220953768840792,0.7963408820392461,0.8864071686498907,4.930541810744827,1,0.1397515725847541,0.39266163612255567,0.07975673942987425,0.09144266456153351,0.29638687027442334,5.17026859184035e-07,0.4,0.85,True,True,4.560000000000021,1
M4,1835086215,202,1,0.0,null,null,0.01,1.0,0.18413718804288493,0.7920183055219345,0.8898187995535443,4.833838490559388,1,0.13118084480813422,0.5773041962064182,0.013020399628692118,0.002154775735730044,0.2602617388432132,0.016078044777812155,0.8,0.85,True,True,4.590000000000021,3
M4,1835086215,203,1,0.0,null,null,0.01,0.976,0.18073882366279506,0.7890698566533496,0.9008369195981898,4.846384030858563,1,0.14565583009389707,0.21680296832584456,0.039589392452777185,0.13832370457205836,0.40323985314435556,0.05638825141106713,0.6,0.85,True,True,4.620000000000021,3
M4,1835086215,204,1,0.0,null,null,0.01,0.906,0.17940267116247943,0.784379592305659,0.9107532276383709,4.800612611969179,1,0.12204035606221107,0.47198729164036346,0.0005247766505164996,0.03336602557102154,0.3477245376118435,0.024357012464043936,0.4,0.85,True,True,4.650000000000022,3
M4,1835086215,205,1,0.0,null,null,0.01,0.664,0.176855306987838,0.7797645055728099,0.9196779048745338,4.794127868116604,1,0.12004866103042265,0.4543863187798796,0.012326171326675316,1.2670515216730055e-05,0.40848074518566707,0.004745433162138627,0.2,0.65,True,True,4.680000000000022,3
M4,1835086215,206,1,0.0,null,null,0.01,1.0,0.17079807621174187,0.7839270984431851,0.9277101143870804,4.947438575648511,1,0.22688522686269652,0.24523076865865484,0.047081741630313347,0.08864443892914789,0.3132805203200354,0.07887730359915208,0.8,0.85,True,True,4.710000000000022,3
M4,1835086215,207,1,0.0,null,null,0.01,0.976,0.16590818553452735,0.780528248403591,0.9262695304875455,5.079061055429201,1,0.13496881103206432,0.42584244356545803,0.017557477734191668,0.07986699174331427,0.2566521376958652,0.08511213822910661,0.6,0.85,True,True,4.740000000000022,3
M4,1835086215,208,1,0.0,null,null,0.01,0.7060000000000001,0.0,0.7796261066878374,0.9336425774387909,77.96261066878374,0,0.1640533838053231,0.10192654954621898,0.10143810166015468,0.20833044159977523,0.3350711730752587,0.08918035031326943,0.4,0.65,True,True,4.770000000000023,3
