job,arm,defense_arm,seed,steps_completed,end_reason,steps_ge_50_above_g_star,sustained_hazard,hazard_confirmation_step,veto_entry_step,consensus_entry_step,final_population,recorded_steps,heartbeat_count,raw_log,audit_file,defended_successor_commits_exploratory
H_OFF_1835087600,H,OFF,1835087600,300,step_limit,0,False,null,null,null,329,300,300,drift_defense_run_H_OFF_1835087600_steps_attempt1.csv,drift_defense_run_H_OFF_1835087600_audit_attempt1.json,0
H_OFF_1835087601,H,OFF,1835087601,300,step_limit,0,False,null,null,null,287,300,300,drift_defense_run_H_OFF_1835087601_steps_attempt1.csv,drift_defense_run_H_OFF_1835087601_audit_attempt1.json,0
H_OFF_1835087602,H,OFF,1835087602,300,step_limit,0,False,null,null,null,305,300,300,drift_defense_run_H_OFF_1835087602_steps_attempt1.csv,drift_defense_run_H_OFF_1835087602_audit_attempt1.json,0
H_OFF_1835087603,H,OFF,1835087603,300,step_limit,5,False,null,null,null,388,300,300,drift_defense_run_H_OFF_1835087603_steps_attempt1.csv,drift_defense_run_H_OFF_1835087603_audit_attempt1.json,0
H_OFF_1835087604,H,OFF,1835087604,300,step_limit,3,False,null,null,null,313,300,300,drift_defense_run_H_OFF_1835087604_steps_attempt1.csv,drift_defense_run_H_OFF_1835087604_audit_attempt1.json,0
H_OFF_1835087605,H,OFF,1835087605,300,step_limit,7,False,null,null,null,381,300,300,drift_defense_run_H_OFF_1835087605_steps_attempt1.csv,drift_defense_run_H_OFF_1835087605_audit_attempt1.json,0
H_OFF_1835087606,H,OFF,1835087606,300,step_limit,3,False,null,null,null,310,300,300,drift_defense_run_H_OFF_1835087606_steps_attempt1.csv,drift_defense_run_H_OFF_1835087606_audit_attempt1.json,0
H_OFF_1835087607,H,OFF,1835087607,300,step_limit,0,False,null,null,null,257,300,300,drift_defense_run_H_OFF_1835087607_steps_attempt1.csv,drift_defense_run_H_OFF_1835087607_audit_attempt1.json,0
H_OFF_1835087608,H,OFF,1835087608,300,step_limit,0,False,null,null,null,268,300,300,drift_defense_run_H_OFF_1835087608_steps_attempt1.csv,drift_defense_run_H_OFF_1835087608_audit_attempt1.json,0
H_OFF_1835087609,H,OFF,1835087609,300,step_limit,0,False,null,null,null,316,300,300,drift_defense_run_H_OFF_1835087609_steps_attempt1.csv,drift_defense_run_H_OFF_1835087609_audit_attempt1.json,0
H_OFF_1835087610,H,OFF,1835087610,300,step_limit,0,False,null,null,null,349,300,300,drift_defense_run_H_OFF_1835087610_steps_attempt1.csv,drift_defense_run_H_OFF_1835087610_audit_attempt1.json,0
H_OFF_1835087611,H,OFF,1835087611,300,step_limit,0,False,null,null,null,283,300,300,drift_defense_run_H_OFF_1835087611_steps_attempt1.csv,drift_defense_run_H_OFF_1835087611_audit_attempt1.json,0
H_OFF_1835087612,H,OFF,1835087612,300,step_limit,0,False,null,null,null,306,300,300,drift_defense_run_H_OFF_1835087612_steps_attempt1.csv,drift_defense_run_H_OFF_1835087612_audit_attempt1.json,0
H_OFF_1835087613,H,OFF,1835087613,300,step_limit,0,False,null,null,null,322,300,300,drift_defense_run_H_OFF_1835087613_steps_attempt1.csv,drift_defense_run_H_OFF_1835087613_audit_attempt1.json,0
H_OFF_1835087614,H,OFF,1835087614,300,step_limit,0,False,null,null,null,311,300,300,drift_defense_run_H_OFF_1835087614_steps_attempt1.csv,drift_defense_run_H_OFF_1835087614_audit_attempt1.json,0
H_OFF_1835087615,H,OFF,1835087615,300,step_limit,0,False,null,null,null,292,300,300,drift_defense_run_H_OFF_1835087615_steps_attempt1.csv,drift_defense_run_H_OFF_1835087615_audit_attempt1.json,0
H_OFF_1835087616,H,OFF,1835087616,300,step_limit,0,False,null,null,null,371,300,300,drift_defense_run_H_OFF_1835087616_steps_attempt1.csv,drift_defense_run_H_OFF_1835087616_audit_attempt1.json,0
H_OFF_1835087617,H,OFF,1835087617,300,step_limit,0,False,null,null,null,337,300,300,drift_defense_run_H_OFF_1835087617_steps_attempt1.csv,drift_defense_run_H_OFF_1835087617_audit_attempt1.json,0
H_OFF_1835087618,H,OFF,1835087618,300,step_limit,2,False,null,null,null,348,300,300,drift_defense_run_H_OFF_1835087618_steps_attempt1.csv,drift_defense_run_H_OFF_1835087618_audit_attempt1.json,0
H_OFF_1835087619,H,OFF,1835087619,300,step_limit,0,False,null,null,null,286,300,300,drift_defense_run_H_OFF_1835087619_steps_attempt1.csv,drift_defense_run_H_OFF_1835087619_audit_attempt1.json,0
H_VETO_1835087600,H,VETO,1835087600,300,step_limit,0,False,null,null,null,329,300,300,drift_defense_run_H_VETO_1835087600_steps_attempt1.csv,drift_defense_run_H_VETO_1835087600_audit_attempt1.json,0
H_VETO_1835087601,H,VETO,1835087601,300,step_limit,0,False,null,null,null,287,300,300,drift_defense_run_H_VETO_1835087601_steps_attempt1.csv,drift_defense_run_H_VETO_1835087601_audit_attempt1.json,0
H_VETO_1835087602,H,VETO,1835087602,300,step_limit,0,False,null,186,null,331,300,300,drift_defense_run_H_VETO_1835087602_steps_attempt1.csv,drift_defense_run_H_VETO_1835087602_audit_attempt1.json,0
H_VETO_1835087603,H,VETO,1835087603,300,step_limit,5,False,null,null,null,388,300,300,drift_defense_run_H_VETO_1835087603_steps_attempt1.csv,drift_defense_run_H_VETO_1835087603_audit_attempt1.json,0
H_VETO_1835087604,H,VETO,1835087604,300,step_limit,3,False,null,null,null,313,300,300,drift_defense_run_H_VETO_1835087604_steps_attempt1.csv,drift_defense_run_H_VETO_1835087604_audit_attempt1.json,0
H_VETO_1835087605,H,VETO,1835087605,300,step_limit,163,True,150,136,null,282,300,300,drift_defense_run_H_VETO_1835087605_steps_attempt1.csv,drift_defense_run_H_VETO_1835087605_audit_attempt1.json,0
H_VETO_1835087606,H,VETO,1835087606,300,step_limit,3,False,null,null,null,310,300,300,drift_defense_run_H_VETO_1835087606_steps_attempt1.csv,drift_defense_run_H_VETO_1835087606_audit_attempt1.json,0
H_VETO_1835087607,H,VETO,1835087607,300,step_limit,176,True,132,121,null,315,300,300,drift_defense_run_H_VETO_1835087607_steps_attempt1.csv,drift_defense_run_H_VETO_1835087607_audit_attempt1.json,0
H_VETO_1835087608,H,VETO,1835087608,300,step_limit,0,False,null,null,null,268,300,300,drift_defense_run_H_VETO_1835087608_steps_attempt1.csv,drift_defense_run_H_VETO_1835087608_audit_attempt1.json,0
H_VETO_1835087609,H,VETO,1835087609,300,step_limit,0,False,null,null,null,316,300,300,drift_defense_run_H_VETO_1835087609_steps_attempt1.csv,drift_defense_run_H_VETO_1835087609_audit_attempt1.json,0
H_VETO_1835087610,H,VETO,1835087610,300,step_limit,0,False,null,null,null,349,300,300,drift_defense_run_H_VETO_1835087610_steps_attempt1.csv,drift_defense_run_H_VETO_1835087610_audit_attempt1.json,0
H_VETO_1835087611,H,VETO,1835087611,300,step_limit,0,False,null,null,null,283,300,300,drift_defense_run_H_VETO_1835087611_steps_attempt1.csv,drift_defense_run_H_VETO_1835087611_audit_attempt1.json,0
H_VETO_1835087612,H,VETO,1835087612,300,step_limit,0,False,null,29,null,170,300,300,drift_defense_run_H_VETO_1835087612_steps_attempt1.csv,drift_defense_run_H_VETO_1835087612_audit_attempt1.json,0
H_VETO_1835087613,H,VETO,1835087613,300,step_limit,0,False,null,null,null,322,300,300,drift_defense_run_H_VETO_1835087613_steps_attempt1.csv,drift_defense_run_H_VETO_1835087613_audit_attempt1.json,0
H_VETO_1835087614,H,VETO,1835087614,300,step_limit,0,False,null,209,null,352,300,300,drift_defense_run_H_VETO_1835087614_steps_attempt1.csv,drift_defense_run_H_VETO_1835087614_audit_attempt1.json,0
H_VETO_1835087615,H,VETO,1835087615,300,step_limit,0,False,null,null,null,292,300,300,drift_defense_run_H_VETO_1835087615_steps_attempt1.csv,drift_defense_run_H_VETO_1835087615_audit_attempt1.json,0
H_VETO_1835087616,H,VETO,1835087616,300,step_limit,0,False,null,null,null,371,300,300,drift_defense_run_H_VETO_1835087616_steps_attempt1.csv,drift_defense_run_H_VETO_1835087616_audit_attempt1.json,0
H_VETO_1835087617,H,VETO,1835087617,300,step_limit,0,False,null,null,null,337,300,300,drift_defense_run_H_VETO_1835087617_steps_attempt1.csv,drift_defense_run_H_VETO_1835087617_audit_attempt1.json,0
H_VETO_1835087618,H,VETO,1835087618,300,step_limit,2,False,null,null,null,348,300,300,drift_defense_run_H_VETO_1835087618_steps_attempt1.csv,drift_defense_run_H_VETO_1835087618_audit_attempt1.json,0
H_VETO_1835087619,H,VETO,1835087619,300,step_limit,0,False,null,null,null,286,300,300,drift_defense_run_H_VETO_1835087619_steps_attempt1.csv,drift_defense_run_H_VETO_1835087619_audit_attempt1.json,0
H_GRADED_1835087600,H,GRADED,1835087600,300,step_limit,0,False,null,null,null,329,300,300,drift_defense_run_H_GRADED_1835087600_steps_attempt1.csv,drift_defense_run_H_GRADED_1835087600_audit_attempt1.json,0
H_GRADED_1835087601,H,GRADED,1835087601,300,step_limit,0,False,null,null,null,287,300,300,drift_defense_run_H_GRADED_1835087601_steps_attempt1.csv,drift_defense_run_H_GRADED_1835087601_audit_attempt1.json,0
H_GRADED_1835087602,H,GRADED,1835087602,300,step_limit,0,False,null,186,205,339,300,300,drift_defense_run_H_GRADED_1835087602_steps_attempt1.csv,drift_defense_run_H_GRADED_1835087602_audit_attempt1.json,0
H_GRADED_1835087603,H,GRADED,1835087603,300,step_limit,5,False,null,null,null,388,300,300,drift_defense_run_H_GRADED_1835087603_steps_attempt1.csv,drift_defense_run_H_GRADED_1835087603_audit_attempt1.json,0
H_GRADED_1835087604,H,GRADED,1835087604,300,step_limit,3,False,null,null,null,313,300,300,drift_defense_run_H_GRADED_1835087604_steps_attempt1.csv,drift_defense_run_H_GRADED_1835087604_audit_attempt1.json,0
H_GRADED_1835087605,H,GRADED,1835087605,300,step_limit,14,True,150,136,148,304,300,300,drift_defense_run_H_GRADED_1835087605_steps_attempt1.csv,drift_defense_run_H_GRADED_1835087605_audit_attempt1.json,0
H_GRADED_1835087606,H,GRADED,1835087606,300,step_limit,3,False,null,null,null,310,300,300,drift_defense_run_H_GRADED_1835087606_steps_attempt1.csv,drift_defense_run_H_GRADED_1835087606_audit_attempt1.json,0
H_GRADED_1835087607,H,GRADED,1835087607,300,step_limit,17,True,132,121,132,310,300,300,drift_defense_run_H_GRADED_1835087607_steps_attempt1.csv,drift_defense_run_H_GRADED_1835087607_audit_attempt1.json,0
H_GRADED_1835087608,H,GRADED,1835087608,300,step_limit,0,False,null,null,null,268,300,300,drift_defense_run_H_GRADED_1835087608_steps_attempt1.csv,drift_defense_run_H_GRADED_1835087608_audit_attempt1.json,0
H_GRADED_1835087609,H,GRADED,1835087609,300,step_limit,0,False,null,null,null,316,300,300,drift_defense_run_H_GRADED_1835087609_steps_attempt1.csv,drift_defense_run_H_GRADED_1835087609_audit_attempt1.json,0
H_GRADED_1835087610,H,GRADED,1835087610,300,step_limit,0,False,null,null,null,349,300,300,drift_defense_run_H_GRADED_1835087610_steps_attempt1.csv,drift_defense_run_H_GRADED_1835087610_audit_attempt1.json,0
H_GRADED_1835087611,H,GRADED,1835087611,300,step_limit,0,False,null,null,null,283,300,300,drift_defense_run_H_GRADED_1835087611_steps_attempt1.csv,drift_defense_run_H_GRADED_1835087611_audit_attempt1.json,0
H_GRADED_1835087612,H,GRADED,1835087612,300,step_limit,0,False,null,29,188,198,300,300,drift_defense_run_H_GRADED_1835087612_steps_attempt1.csv,drift_defense_run_H_GRADED_1835087612_audit_attempt1.json,0
H_GRADED_1835087613,H,GRADED,1835087613,300,step_limit,0,False,null,null,null,322,300,300,drift_defense_run_H_GRADED_1835087613_steps_attempt1.csv,drift_defense_run_H_GRADED_1835087613_audit_attempt1.json,0
H_GRADED_1835087614,H,GRADED,1835087614,300,step_limit,0,False,null,209,221,289,300,300,drift_defense_run_H_GRADED_1835087614_steps_attempt1.csv,drift_defense_run_H_GRADED_1835087614_audit_attempt1.json,0
H_GRADED_1835087615,H,GRADED,1835087615,300,step_limit,0,False,null,null,null,292,300,300,drift_defense_run_H_GRADED_1835087615_steps_attempt1.csv,drift_defense_run_H_GRADED_1835087615_audit_attempt1.json,0
H_GRADED_1835087616,H,GRADED,1835087616,300,step_limit,0,False,null,null,null,371,300,300,drift_defense_run_H_GRADED_1835087616_steps_attempt1.csv,drift_defense_run_H_GRADED_1835087616_audit_attempt1.json,0
H_GRADED_1835087617,H,GRADED,1835087617,300,step_limit,0,False,null,null,null,337,300,300,drift_defense_run_H_GRADED_1835087617_steps_attempt1.csv,drift_defense_run_H_GRADED_1835087617_audit_attempt1.json,0
H_GRADED_1835087618,H,GRADED,1835087618,300,step_limit,2,False,null,null,null,348,300,300,drift_defense_run_H_GRADED_1835087618_steps_attempt1.csv,drift_defense_run_H_GRADED_1835087618_audit_attempt1.json,0
H_GRADED_1835087619,H,GRADED,1835087619,300,step_limit,0,False,null,null,null,286,300,300,drift_defense_run_H_GRADED_1835087619_steps_attempt1.csv,drift_defense_run_H_GRADED_1835087619_audit_attempt1.json,0
M1_OFF_1835087600,M1,OFF,1835087600,228,extinction,143,True,97,null,null,0,228,228,drift_defense_run_M1_OFF_1835087600_steps_attempt1.csv,drift_defense_run_M1_OFF_1835087600_audit_attempt1.json,0
M1_OFF_1835087601,M1,OFF,1835087601,265,extinction,185,True,98,null,null,0,265,265,drift_defense_run_M1_OFF_1835087601_steps_attempt1.csv,drift_defense_run_M1_OFF_1835087601_audit_attempt1.json,0
M1_OFF_1835087602,M1,OFF,1835087602,236,extinction,149,True,97,null,null,0,236,236,drift_defense_run_M1_OFF_1835087602_steps_attempt1.csv,drift_defense_run_M1_OFF_1835087602_audit_attempt1.json,0
M1_OFF_1835087603,M1,OFF,1835087603,265,extinction,179,True,94,null,null,0,265,265,drift_defense_run_M1_OFF_1835087603_steps_attempt1.csv,drift_defense_run_M1_OFF_1835087603_audit_attempt1.json,0
M1_OFF_1835087604,M1,OFF,1835087604,223,extinction,139,True,92,null,null,0,223,223,drift_defense_run_M1_OFF_1835087604_steps_attempt1.csv,drift_defense_run_M1_OFF_1835087604_audit_attempt1.json,0
M1_OFF_1835087605,M1,OFF,1835087605,249,extinction,173,True,86,null,null,0,249,249,drift_defense_run_M1_OFF_1835087605_steps_attempt1.csv,drift_defense_run_M1_OFF_1835087605_audit_attempt1.json,0
M1_OFF_1835087606,M1,OFF,1835087606,262,extinction,180,True,92,null,null,0,262,262,drift_defense_run_M1_OFF_1835087606_steps_attempt1.csv,drift_defense_run_M1_OFF_1835087606_audit_attempt1.json,0
M1_OFF_1835087607,M1,OFF,1835087607,250,extinction,162,True,106,null,null,0,250,250,drift_defense_run_M1_OFF_1835087607_steps_attempt1.csv,drift_defense_run_M1_OFF_1835087607_audit_attempt1.json,0
M1_OFF_1835087608,M1,OFF,1835087608,206,extinction,134,True,82,null,null,0,206,206,drift_defense_run_M1_OFF_1835087608_steps_attempt1.csv,drift_defense_run_M1_OFF_1835087608_audit_attempt1.json,0
M1_OFF_1835087609,M1,OFF,1835087609,250,extinction,170,True,90,null,null,0,250,250,drift_defense_run_M1_OFF_1835087609_steps_attempt1.csv,drift_defense_run_M1_OFF_1835087609_audit_attempt1.json,0
M1_OFF_1835087610,M1,OFF,1835087610,236,extinction,135,True,109,null,null,0,236,236,drift_defense_run_M1_OFF_1835087610_steps_attempt1.csv,drift_defense_run_M1_OFF_1835087610_audit_attempt1.json,0
M1_OFF_1835087611,M1,OFF,1835087611,242,extinction,162,True,88,null,null,0,242,242,drift_defense_run_M1_OFF_1835087611_steps_attempt1.csv,drift_defense_run_M1_OFF_1835087611_audit_attempt1.json,0
M1_OFF_1835087612,M1,OFF,1835087612,220,extinction,140,True,89,null,null,0,220,220,drift_defense_run_M1_OFF_1835087612_steps_attempt1.csv,drift_defense_run_M1_OFF_1835087612_audit_attempt1.json,0
M1_OFF_1835087613,M1,OFF,1835087613,255,extinction,176,True,89,null,null,0,255,255,drift_defense_run_M1_OFF_1835087613_steps_attempt1.csv,drift_defense_run_M1_OFF_1835087613_audit_attempt1.json,0
M1_OFF_1835087614,M1,OFF,1835087614,271,extinction,193,True,88,null,null,0,271,271,drift_defense_run_M1_OFF_1835087614_steps_attempt1.csv,drift_defense_run_M1_OFF_1835087614_audit_attempt1.json,0
M1_OFF_1835087615,M1,OFF,1835087615,300,step_limit,214,True,103,null,null,1,300,300,drift_defense_run_M1_OFF_1835087615_steps_attempt1.csv,drift_defense_run_M1_OFF_1835087615_audit_attempt1.json,0
M1_OFF_1835087616,M1,OFF,1835087616,249,extinction,154,True,103,null,null,0,249,249,drift_defense_run_M1_OFF_1835087616_steps_attempt1.csv,drift_defense_run_M1_OFF_1835087616_audit_attempt1.json,0
M1_OFF_1835087617,M1,OFF,1835087617,260,extinction,178,True,96,null,null,0,260,260,drift_defense_run_M1_OFF_1835087617_steps_attempt1.csv,drift_defense_run_M1_OFF_1835087617_audit_attempt1.json,0
M1_OFF_1835087618,M1,OFF,1835087618,236,extinction,140,True,105,null,null,0,236,236,drift_defense_run_M1_OFF_1835087618_steps_attempt1.csv,drift_defense_run_M1_OFF_1835087618_audit_attempt1.json,0
M1_OFF_1835087619,M1,OFF,1835087619,291,extinction,210,True,101,null,null,0,291,291,drift_defense_run_M1_OFF_1835087619_steps_attempt1.csv,drift_defense_run_M1_OFF_1835087619_audit_attempt1.json,0
M1_VETO_1835087600,M1,VETO,1835087600,300,step_limit,1,False,null,74,null,155,300,300,drift_defense_run_M1_VETO_1835087600_steps_attempt1.csv,drift_defense_run_M1_VETO_1835087600_audit_attempt1.json,0
M1_VETO_1835087601,M1,VETO,1835087601,300,step_limit,226,True,84,80,null,1,300,300,drift_defense_run_M1_VETO_1835087601_steps_attempt1.csv,drift_defense_run_M1_VETO_1835087601_audit_attempt1.json,0
M1_VETO_1835087602,M1,VETO,1835087602,300,step_limit,187,True,97,61,null,343,300,300,drift_defense_run_M1_VETO_1835087602_steps_attempt1.csv,drift_defense_run_M1_VETO_1835087602_audit_attempt1.json,0
M1_VETO_1835087603,M1,VETO,1835087603,300,step_limit,204,True,97,79,null,135,300,300,drift_defense_run_M1_VETO_1835087603_steps_attempt1.csv,drift_defense_run_M1_VETO_1835087603_audit_attempt1.json,0
M1_VETO_1835087604,M1,VETO,1835087604,300,step_limit,179,True,128,76,null,284,300,300,drift_defense_run_M1_VETO_1835087604_steps_attempt1.csv,drift_defense_run_M1_VETO_1835087604_audit_attempt1.json,0
M1_VETO_1835087605,M1,VETO,1835087605,300,step_limit,37,True,241,67,null,218,300,300,drift_defense_run_M1_VETO_1835087605_steps_attempt1.csv,drift_defense_run_M1_VETO_1835087605_audit_attempt1.json,0
M1_VETO_1835087606,M1,VETO,1835087606,300,step_limit,0,False,null,70,null,206,300,300,drift_defense_run_M1_VETO_1835087606_steps_attempt1.csv,drift_defense_run_M1_VETO_1835087606_audit_attempt1.json,0
M1_VETO_1835087607,M1,VETO,1835087607,300,step_limit,0,False,null,80,null,306,300,300,drift_defense_run_M1_VETO_1835087607_steps_attempt1.csv,drift_defense_run_M1_VETO_1835087607_audit_attempt1.json,0
M1_VETO_1835087608,M1,VETO,1835087608,281,extinction,209,True,82,80,null,0,281,281,drift_defense_run_M1_VETO_1835087608_steps_attempt1.csv,drift_defense_run_M1_VETO_1835087608_audit_attempt1.json,0
M1_VETO_1835087609,M1,VETO,1835087609,300,step_limit,227,True,81,73,null,229,300,300,drift_defense_run_M1_VETO_1835087609_steps_attempt1.csv,drift_defense_run_M1_VETO_1835087609_audit_attempt1.json,0
M1_VETO_1835087610,M1,VETO,1835087610,300,step_limit,12,False,null,72,null,30,300,300,drift_defense_run_M1_VETO_1835087610_steps_attempt1.csv,drift_defense_run_M1_VETO_1835087610_audit_attempt1.json,0
M1_VETO_1835087611,M1,VETO,1835087611,300,step_limit,3,False,null,67,null,320,300,300,drift_defense_run_M1_VETO_1835087611_steps_attempt1.csv,drift_defense_run_M1_VETO_1835087611_audit_attempt1.json,0
M1_VETO_1835087612,M1,VETO,1835087612,300,step_limit,0,False,null,29,null,170,300,300,drift_defense_run_M1_VETO_1835087612_steps_attempt1.csv,drift_defense_run_M1_VETO_1835087612_audit_attempt1.json,0
M1_VETO_1835087613,M1,VETO,1835087613,300,step_limit,222,True,86,75,null,179,300,300,drift_defense_run_M1_VETO_1835087613_steps_attempt1.csv,drift_defense_run_M1_VETO_1835087613_audit_attempt1.json,0
M1_VETO_1835087614,M1,VETO,1835087614,300,step_limit,0,False,null,66,null,287,300,300,drift_defense_run_M1_VETO_1835087614_steps_attempt1.csv,drift_defense_run_M1_VETO_1835087614_audit_attempt1.json,0
M1_VETO_1835087615,M1,VETO,1835087615,300,step_limit,220,True,88,78,null,279,300,300,drift_defense_run_M1_VETO_1835087615_steps_attempt1.csv,drift_defense_run_M1_VETO_1835087615_audit_attempt1.json,0
M1_VETO_1835087616,M1,VETO,1835087616,300,step_limit,0,False,null,77,null,330,300,300,drift_defense_run_M1_VETO_1835087616_steps_attempt1.csv,drift_defense_run_M1_VETO_1835087616_audit_attempt1.json,0
M1_VETO_1835087617,M1,VETO,1835087617,300,step_limit,6,False,null,80,null,331,300,300,drift_defense_run_M1_VETO_1835087617_steps_attempt1.csv,drift_defense_run_M1_VETO_1835087617_audit_attempt1.json,0
M1_VETO_1835087618,M1,VETO,1835087618,211,extinction,131,True,88,79,null,0,211,211,drift_defense_run_M1_VETO_1835087618_steps_attempt1.csv,drift_defense_run_M1_VETO_1835087618_audit_attempt1.json,0
M1_VETO_1835087619,M1,VETO,1835087619,300,step_limit,0,False,null,62,null,257,300,300,drift_defense_run_M1_VETO_1835087619_steps_attempt1.csv,drift_defense_run_M1_VETO_1835087619_audit_attempt1.json,0
M1_GRADED_1835087600,M1,GRADED,1835087600,300,step_limit,1,False,null,74,76,311,300,300,drift_defense_run_M1_GRADED_1835087600_steps_attempt1.csv,drift_defense_run_M1_GRADED_1835087600_audit_attempt1.json,0
M1_GRADED_1835087601,M1,GRADED,1835087601,300,step_limit,16,True,84,80,82,366,300,300,drift_defense_run_M1_GRADED_1835087601_steps_attempt1.csv,drift_defense_run_M1_GRADED_1835087601_audit_attempt1.json,0
M1_GRADED_1835087602,M1,GRADED,1835087602,300,step_limit,26,True,97,61,108,291,300,300,drift_defense_run_M1_GRADED_1835087602_steps_attempt1.csv,drift_defense_run_M1_GRADED_1835087602_audit_attempt1.json,0
M1_GRADED_1835087603,M1,GRADED,1835087603,300,step_limit,25,True,97,79,112,303,300,300,drift_defense_run_M1_GRADED_1835087603_steps_attempt1.csv,drift_defense_run_M1_GRADED_1835087603_audit_attempt1.json,0
M1_GRADED_1835087604,M1,GRADED,1835087604,300,step_limit,19,True,128,76,139,250,300,300,drift_defense_run_M1_GRADED_1835087604_steps_attempt1.csv,drift_defense_run_M1_GRADED_1835087604_audit_attempt1.json,0
M1_GRADED_1835087605,M1,GRADED,1835087605,300,step_limit,7,False,null,67,116,280,300,300,drift_defense_run_M1_GRADED_1835087605_steps_attempt1.csv,drift_defense_run_M1_GRADED_1835087605_audit_attempt1.json,0
M1_GRADED_1835087606,M1,GRADED,1835087606,300,step_limit,0,False,null,70,72,353,300,300,drift_defense_run_M1_GRADED_1835087606_steps_attempt1.csv,drift_defense_run_M1_GRADED_1835087606_audit_attempt1.json,0
M1_GRADED_1835087607,M1,GRADED,1835087607,300,step_limit,0,False,null,80,null,306,300,300,drift_defense_run_M1_GRADED_1835087607_steps_attempt1.csv,drift_defense_run_M1_GRADED_1835087607_audit_attempt1.json,0
M1_GRADED_1835087608,M1,GRADED,1835087608,300,step_limit,24,True,82,80,90,364,300,300,drift_defense_run_M1_GRADED_1835087608_steps_attempt1.csv,drift_defense_run_M1_GRADED_1835087608_audit_attempt1.json,0
M1_GRADED_1835087609,M1,GRADED,1835087609,300,step_limit,5,False,null,73,74,276,300,300,drift_defense_run_M1_GRADED_1835087609_steps_attempt1.csv,drift_defense_run_M1_GRADED_1835087609_audit_attempt1.json,0
M1_GRADED_1835087610,M1,GRADED,1835087610,300,step_limit,0,False,null,72,82,265,300,300,drift_defense_run_M1_GRADED_1835087610_steps_attempt1.csv,drift_defense_run_M1_GRADED_1835087610_audit_attempt1.json,0
M1_GRADED_1835087611,M1,GRADED,1835087611,300,step_limit,3,False,null,67,128,333,300,300,drift_defense_run_M1_GRADED_1835087611_steps_attempt1.csv,drift_defense_run_M1_GRADED_1835087611_audit_attempt1.json,0
M1_GRADED_1835087612,M1,GRADED,1835087612,300,step_limit,0,False,null,29,188,198,300,300,drift_defense_run_M1_GRADED_1835087612_steps_attempt1.csv,drift_defense_run_M1_GRADED_1835087612_audit_attempt1.json,0
M1_GRADED_1835087613,M1,GRADED,1835087613,300,step_limit,18,True,86,75,86,301,300,300,drift_defense_run_M1_GRADED_1835087613_steps_attempt1.csv,drift_defense_run_M1_GRADED_1835087613_audit_attempt1.json,0
M1_GRADED_1835087614,M1,GRADED,1835087614,300,step_limit,0,False,null,66,89,321,300,300,drift_defense_run_M1_GRADED_1835087614_steps_attempt1.csv,drift_defense_run_M1_GRADED_1835087614_audit_attempt1.json,0
M1_GRADED_1835087615,M1,GRADED,1835087615,300,step_limit,14,True,88,78,89,304,300,300,drift_defense_run_M1_GRADED_1835087615_steps_attempt1.csv,drift_defense_run_M1_GRADED_1835087615_audit_attempt1.json,0
M1_GRADED_1835087616,M1,GRADED,1835087616,300,step_limit,0,False,null,77,null,330,300,300,drift_defense_run_M1_GRADED_1835087616_steps_attempt1.csv,drift_defense_run_M1_GRADED_1835087616_audit_attempt1.json,0
M1_GRADED_1835087617,M1,GRADED,1835087617,300,step_limit,6,False,null,80,82,355,300,300,drift_defense_run_M1_GRADED_1835087617_steps_attempt1.csv,drift_defense_run_M1_GRADED_1835087617_audit_attempt1.json,0
M1_GRADED_1835087618,M1,GRADED,1835087618,300,step_limit,28,True,88,79,92,245,300,300,drift_defense_run_M1_GRADED_1835087618_steps_attempt1.csv,drift_defense_run_M1_GRADED_1835087618_audit_attempt1.json,0
M1_GRADED_1835087619,M1,GRADED,1835087619,300,step_limit,0,False,null,62,92,272,300,300,drift_defense_run_M1_GRADED_1835087619_steps_attempt1.csv,drift_defense_run_M1_GRADED_1835087619_audit_attempt1.json,0
M4_OFF_1835087600,M4,OFF,1835087600,214,extinction,152,True,71,null,null,0,214,214,drift_defense_run_M4_OFF_1835087600_steps_attempt1.csv,drift_defense_run_M4_OFF_1835087600_audit_attempt1.json,0
M4_OFF_1835087601,M4,OFF,1835087601,182,extinction,121,True,69,null,null,0,182,182,drift_defense_run_M4_OFF_1835087601_steps_attempt1.csv,drift_defense_run_M4_OFF_1835087601_audit_attempt1.json,0
M4_OFF_1835087602,M4,OFF,1835087602,161,extinction,100,True,69,null,null,0,161,161,drift_defense_run_M4_OFF_1835087602_steps_attempt1.csv,drift_defense_run_M4_OFF_1835087602_audit_attempt1.json,0
M4_OFF_1835087603,M4,OFF,1835087603,188,extinction,124,True,71,null,null,0,188,188,drift_defense_run_M4_OFF_1835087603_steps_attempt1.csv,drift_defense_run_M4_OFF_1835087603_audit_attempt1.json,0
M4_OFF_1835087604,M4,OFF,1835087604,228,extinction,166,True,70,null,null,0,228,228,drift_defense_run_M4_OFF_1835087604_steps_attempt1.csv,drift_defense_run_M4_OFF_1835087604_audit_attempt1.json,0
M4_OFF_1835087605,M4,OFF,1835087605,179,extinction,121,True,66,null,null,0,179,179,drift_defense_run_M4_OFF_1835087605_steps_attempt1.csv,drift_defense_run_M4_OFF_1835087605_audit_attempt1.json,0
M4_OFF_1835087606,M4,OFF,1835087606,233,extinction,167,True,74,null,null,0,233,233,drift_defense_run_M4_OFF_1835087606_steps_attempt1.csv,drift_defense_run_M4_OFF_1835087606_audit_attempt1.json,0
M4_OFF_1835087607,M4,OFF,1835087607,164,extinction,100,True,74,null,null,0,164,164,drift_defense_run_M4_OFF_1835087607_steps_attempt1.csv,drift_defense_run_M4_OFF_1835087607_audit_attempt1.json,0
M4_OFF_1835087608,M4,OFF,1835087608,219,extinction,162,True,65,null,null,0,219,219,drift_defense_run_M4_OFF_1835087608_steps_attempt1.csv,drift_defense_run_M4_OFF_1835087608_audit_attempt1.json,0
M4_OFF_1835087609,M4,OFF,1835087609,158,extinction,95,True,72,null,null,0,158,158,drift_defense_run_M4_OFF_1835087609_steps_attempt1.csv,drift_defense_run_M4_OFF_1835087609_audit_attempt1.json,0
M4_OFF_1835087610,M4,OFF,1835087610,183,extinction,119,True,72,null,null,0,183,183,drift_defense_run_M4_OFF_1835087610_steps_attempt1.csv,drift_defense_run_M4_OFF_1835087610_audit_attempt1.json,0
M4_OFF_1835087611,M4,OFF,1835087611,244,extinction,183,True,69,null,null,0,244,244,drift_defense_run_M4_OFF_1835087611_steps_attempt1.csv,drift_defense_run_M4_OFF_1835087611_audit_attempt1.json,0
M4_OFF_1835087612,M4,OFF,1835087612,194,extinction,127,True,75,null,null,0,194,194,drift_defense_run_M4_OFF_1835087612_steps_attempt1.csv,drift_defense_run_M4_OFF_1835087612_audit_attempt1.json,0
M4_OFF_1835087613,M4,OFF,1835087613,185,extinction,121,True,73,null,null,0,185,185,drift_defense_run_M4_OFF_1835087613_steps_attempt1.csv,drift_defense_run_M4_OFF_1835087613_audit_attempt1.json,0
M4_OFF_1835087614,M4,OFF,1835087614,277,extinction,222,True,64,null,null,0,277,277,drift_defense_run_M4_OFF_1835087614_steps_attempt1.csv,drift_defense_run_M4_OFF_1835087614_audit_attempt1.json,0
M4_OFF_1835087615,M4,OFF,1835087615,155,extinction,93,True,71,null,null,0,155,155,drift_defense_run_M4_OFF_1835087615_steps_attempt1.csv,drift_defense_run_M4_OFF_1835087615_audit_attempt1.json,0
M4_OFF_1835087616,M4,OFF,1835087616,218,extinction,153,True,73,null,null,0,218,218,drift_defense_run_M4_OFF_1835087616_steps_attempt1.csv,drift_defense_run_M4_OFF_1835087616_audit_attempt1.json,0
M4_OFF_1835087617,M4,OFF,1835087617,203,extinction,137,True,74,null,null,0,203,203,drift_defense_run_M4_OFF_1835087617_steps_attempt1.csv,drift_defense_run_M4_OFF_1835087617_audit_attempt1.json,0
M4_OFF_1835087618,M4,OFF,1835087618,252,extinction,191,True,69,null,null,0,252,252,drift_defense_run_M4_OFF_1835087618_steps_attempt1.csv,drift_defense_run_M4_OFF_1835087618_audit_attempt1.json,0
M4_OFF_1835087619,M4,OFF,1835087619,230,extinction,169,True,69,null,null,0,230,230,drift_defense_run_M4_OFF_1835087619_steps_attempt1.csv,drift_defense_run_M4_OFF_1835087619_audit_attempt1.json,0
M4_VETO_1835087600,M4,VETO,1835087600,300,step_limit,2,False,null,63,null,377,300,300,drift_defense_run_M4_VETO_1835087600_steps_attempt1.csv,drift_defense_run_M4_VETO_1835087600_audit_attempt1.json,0
M4_VETO_1835087601,M4,VETO,1835087601,300,step_limit,19,True,272,60,null,10,300,300,drift_defense_run_M4_VETO_1835087601_steps_attempt1.csv,drift_defense_run_M4_VETO_1835087601_audit_attempt1.json,0
M4_VETO_1835087602,M4,VETO,1835087602,300,step_limit,239,True,69,61,null,314,300,300,drift_defense_run_M4_VETO_1835087602_steps_attempt1.csv,drift_defense_run_M4_VETO_1835087602_audit_attempt1.json,0
M4_VETO_1835087603,M4,VETO,1835087603,300,step_limit,236,True,72,58,null,202,300,300,drift_defense_run_M4_VETO_1835087603_steps_attempt1.csv,drift_defense_run_M4_VETO_1835087603_audit_attempt1.json,0
M4_VETO_1835087604,M4,VETO,1835087604,300,step_limit,0,False,null,55,null,401,300,300,drift_defense_run_M4_VETO_1835087604_steps_attempt1.csv,drift_defense_run_M4_VETO_1835087604_audit_attempt1.json,0
M4_VETO_1835087605,M4,VETO,1835087605,300,step_limit,242,True,66,61,null,294,300,300,drift_defense_run_M4_VETO_1835087605_steps_attempt1.csv,drift_defense_run_M4_VETO_1835087605_audit_attempt1.json,0
M4_VETO_1835087606,M4,VETO,1835087606,300,step_limit,0,False,null,55,null,300,300,300,drift_defense_run_M4_VETO_1835087606_steps_attempt1.csv,drift_defense_run_M4_VETO_1835087606_audit_attempt1.json,0
M4_VETO_1835087607,M4,VETO,1835087607,300,step_limit,238,True,70,63,null,387,300,300,drift_defense_run_M4_VETO_1835087607_steps_attempt1.csv,drift_defense_run_M4_VETO_1835087607_audit_attempt1.json,0
M4_VETO_1835087608,M4,VETO,1835087608,131,extinction,74,True,65,60,null,0,131,131,drift_defense_run_M4_VETO_1835087608_steps_attempt1.csv,drift_defense_run_M4_VETO_1835087608_audit_attempt1.json,0
M4_VETO_1835087609,M4,VETO,1835087609,300,step_limit,233,True,75,61,null,329,300,300,drift_defense_run_M4_VETO_1835087609_steps_attempt1.csv,drift_defense_run_M4_VETO_1835087609_audit_attempt1.json,0
M4_VETO_1835087610,M4,VETO,1835087610,300,step_limit,240,True,68,57,null,332,300,300,drift_defense_run_M4_VETO_1835087610_steps_attempt1.csv,drift_defense_run_M4_VETO_1835087610_audit_attempt1.json,0
M4_VETO_1835087611,M4,VETO,1835087611,132,extinction,71,True,69,62,null,0,132,132,drift_defense_run_M4_VETO_1835087611_steps_attempt1.csv,drift_defense_run_M4_VETO_1835087611_audit_attempt1.json,0
M4_VETO_1835087612,M4,VETO,1835087612,300,step_limit,0,False,null,29,null,170,300,300,drift_defense_run_M4_VETO_1835087612_steps_attempt1.csv,drift_defense_run_M4_VETO_1835087612_audit_attempt1.json,0
M4_VETO_1835087613,M4,VETO,1835087613,300,step_limit,236,True,72,57,null,287,300,300,drift_defense_run_M4_VETO_1835087613_steps_attempt1.csv,drift_defense_run_M4_VETO_1835087613_audit_attempt1.json,0
M4_VETO_1835087614,M4,VETO,1835087614,300,step_limit,9,False,null,59,null,89,300,300,drift_defense_run_M4_VETO_1835087614_steps_attempt1.csv,drift_defense_run_M4_VETO_1835087614_audit_attempt1.json,0
M4_VETO_1835087615,M4,VETO,1835087615,300,step_limit,0,False,null,53,null,271,300,300,drift_defense_run_M4_VETO_1835087615_steps_attempt1.csv,drift_defense_run_M4_VETO_1835087615_audit_attempt1.json,0
M4_VETO_1835087616,M4,VETO,1835087616,254,extinction,189,True,73,68,null,0,254,254,drift_defense_run_M4_VETO_1835087616_steps_attempt1.csv,drift_defense_run_M4_VETO_1835087616_audit_attempt1.json,0
M4_VETO_1835087617,M4,VETO,1835087617,300,step_limit,206,True,80,58,null,33,300,300,drift_defense_run_M4_VETO_1835087617_steps_attempt1.csv,drift_defense_run_M4_VETO_1835087617_audit_attempt1.json,0
M4_VETO_1835087618,M4,VETO,1835087618,300,step_limit,242,True,66,56,null,267,300,300,drift_defense_run_M4_VETO_1835087618_steps_attempt1.csv,drift_defense_run_M4_VETO_1835087618_audit_attempt1.json,0
M4_VETO_1835087619,M4,VETO,1835087619,300,step_limit,0,False,null,58,null,310,300,300,drift_defense_run_M4_VETO_1835087619_steps_attempt1.csv,drift_defense_run_M4_VETO_1835087619_audit_attempt1.json,0
M4_GRADED_1835087600,M4,GRADED,1835087600,300,step_limit,2,False,null,63,67,282,300,300,drift_defense_run_M4_GRADED_1835087600_steps_attempt1.csv,drift_defense_run_M4_GRADED_1835087600_audit_attempt1.json,0
M4_GRADED_1835087601,M4,GRADED,1835087601,300,step_limit,0,False,null,60,66,269,300,300,drift_defense_run_M4_GRADED_1835087601_steps_attempt1.csv,drift_defense_run_M4_GRADED_1835087601_audit_attempt1.json,0
M4_GRADED_1835087602,M4,GRADED,1835087602,300,step_limit,21,True,69,61,72,320,300,300,drift_defense_run_M4_GRADED_1835087602_steps_attempt1.csv,drift_defense_run_M4_GRADED_1835087602_audit_attempt1.json,0
M4_GRADED_1835087603,M4,GRADED,1835087603,300,step_limit,27,True,72,58,85,387,300,300,drift_defense_run_M4_GRADED_1835087603_steps_attempt1.csv,drift_defense_run_M4_GRADED_1835087603_audit_attempt1.json,0
M4_GRADED_1835087604,M4,GRADED,1835087604,300,step_limit,0,False,null,55,57,304,300,300,drift_defense_run_M4_GRADED_1835087604_steps_attempt1.csv,drift_defense_run_M4_GRADED_1835087604_audit_attempt1.json,0
M4_GRADED_1835087605,M4,GRADED,1835087605,300,step_limit,31,True,66,61,80,327,300,300,drift_defense_run_M4_GRADED_1835087605_steps_attempt1.csv,drift_defense_run_M4_GRADED_1835087605_audit_attempt1.json,0
M4_GRADED_1835087606,M4,GRADED,1835087606,300,step_limit,0,False,null,55,null,300,300,300,drift_defense_run_M4_GRADED_1835087606_steps_attempt1.csv,drift_defense_run_M4_GRADED_1835087606_audit_attempt1.json,0
M4_GRADED_1835087607,M4,GRADED,1835087607,300,step_limit,20,True,70,63,73,348,300,300,drift_defense_run_M4_GRADED_1835087607_steps_attempt1.csv,drift_defense_run_M4_GRADED_1835087607_audit_attempt1.json,0
M4_GRADED_1835087608,M4,GRADED,1835087608,300,step_limit,23,True,65,60,66,255,300,300,drift_defense_run_M4_GRADED_1835087608_steps_attempt1.csv,drift_defense_run_M4_GRADED_1835087608_audit_attempt1.json,0
M4_GRADED_1835087609,M4,GRADED,1835087609,300,step_limit,29,True,75,61,94,277,300,300,drift_defense_run_M4_GRADED_1835087609_steps_attempt1.csv,drift_defense_run_M4_GRADED_1835087609_audit_attempt1.json,0
M4_GRADED_1835087610,M4,GRADED,1835087610,300,step_limit,5,False,null,57,62,302,300,300,drift_defense_run_M4_GRADED_1835087610_steps_attempt1.csv,drift_defense_run_M4_GRADED_1835087610_audit_attempt1.json,0
M4_GRADED_1835087611,M4,GRADED,1835087611,300,step_limit,10,True,69,62,63,267,300,300,drift_defense_run_M4_GRADED_1835087611_steps_attempt1.csv,drift_defense_run_M4_GRADED_1835087611_audit_attempt1.json,0
M4_GRADED_1835087612,M4,GRADED,1835087612,300,step_limit,0,False,null,29,188,198,300,300,drift_defense_run_M4_GRADED_1835087612_steps_attempt1.csv,drift_defense_run_M4_GRADED_1835087612_audit_attempt1.json,0
M4_GRADED_1835087613,M4,GRADED,1835087613,300,step_limit,0,False,null,57,59,260,300,300,drift_defense_run_M4_GRADED_1835087613_steps_attempt1.csv,drift_defense_run_M4_GRADED_1835087613_audit_attempt1.json,0
M4_GRADED_1835087614,M4,GRADED,1835087614,300,step_limit,9,False,null,59,63,364,300,300,drift_defense_run_M4_GRADED_1835087614_steps_attempt1.csv,drift_defense_run_M4_GRADED_1835087614_audit_attempt1.json,0
M4_GRADED_1835087615,M4,GRADED,1835087615,300,step_limit,0,False,null,53,60,340,300,300,drift_defense_run_M4_GRADED_1835087615_steps_attempt1.csv,drift_defense_run_M4_GRADED_1835087615_audit_attempt1.json,0
M4_GRADED_1835087616,M4,GRADED,1835087616,300,step_limit,15,True,73,68,70,282,300,300,drift_defense_run_M4_GRADED_1835087616_steps_attempt1.csv,drift_defense_run_M4_GRADED_1835087616_audit_attempt1.json,0
M4_GRADED_1835087617,M4,GRADED,1835087617,300,step_limit,29,True,80,58,96,292,300,300,drift_defense_run_M4_GRADED_1835087617_steps_attempt1.csv,drift_defense_run_M4_GRADED_1835087617_audit_attempt1.json,0
M4_GRADED_1835087618,M4,GRADED,1835087618,300,step_limit,3,False,null,56,58,353,300,300,drift_defense_run_M4_GRADED_1835087618_steps_attempt1.csv,drift_defense_run_M4_GRADED_1835087618_audit_attempt1.json,0
M4_GRADED_1835087619,M4,GRADED,1835087619,300,step_limit,0,False,null,58,68,268,300,300,drift_defense_run_M4_GRADED_1835087619_steps_attempt1.csv,drift_defense_run_M4_GRADED_1835087619_audit_attempt1.json,0
R02_OFF_1835087600,R02,OFF,1835087600,300,step_limit,5,False,null,null,null,282,300,300,drift_defense_run_R02_OFF_1835087600_steps_attempt1.csv,drift_defense_run_R02_OFF_1835087600_audit_attempt1.json,0
R02_OFF_1835087601,R02,OFF,1835087601,300,step_limit,14,False,null,null,null,287,300,300,drift_defense_run_R02_OFF_1835087601_steps_attempt1.csv,drift_defense_run_R02_OFF_1835087601_audit_attempt1.json,0
R02_OFF_1835087602,R02,OFF,1835087602,300,step_limit,30,False,null,null,null,337,300,300,drift_defense_run_R02_OFF_1835087602_steps_attempt1.csv,drift_defense_run_R02_OFF_1835087602_audit_attempt1.json,0
R02_OFF_1835087603,R02,OFF,1835087603,300,step_limit,75,True,202,null,null,388,300,300,drift_defense_run_R02_OFF_1835087603_steps_attempt1.csv,drift_defense_run_R02_OFF_1835087603_audit_attempt1.json,0
R02_OFF_1835087604,R02,OFF,1835087604,300,step_limit,35,True,135,null,null,343,300,300,drift_defense_run_R02_OFF_1835087604_steps_attempt1.csv,drift_defense_run_R02_OFF_1835087604_audit_attempt1.json,0
R02_OFF_1835087605,R02,OFF,1835087605,300,step_limit,108,True,93,null,null,381,300,300,drift_defense_run_R02_OFF_1835087605_steps_attempt1.csv,drift_defense_run_R02_OFF_1835087605_audit_attempt1.json,0
R02_OFF_1835087606,R02,OFF,1835087606,300,step_limit,41,True,175,null,null,348,300,300,drift_defense_run_R02_OFF_1835087606_steps_attempt1.csv,drift_defense_run_R02_OFF_1835087606_audit_attempt1.json,0
R02_OFF_1835087607,R02,OFF,1835087607,300,step_limit,18,False,null,null,null,257,300,300,drift_defense_run_R02_OFF_1835087607_steps_attempt1.csv,drift_defense_run_R02_OFF_1835087607_audit_attempt1.json,0
R02_OFF_1835087608,R02,OFF,1835087608,300,step_limit,17,True,67,null,null,323,300,300,drift_defense_run_R02_OFF_1835087608_steps_attempt1.csv,drift_defense_run_R02_OFF_1835087608_audit_attempt1.json,0
R02_OFF_1835087609,R02,OFF,1835087609,300,step_limit,64,True,280,null,null,293,300,300,drift_defense_run_R02_OFF_1835087609_steps_attempt1.csv,drift_defense_run_R02_OFF_1835087609_audit_attempt1.json,0
R02_OFF_1835087610,R02,OFF,1835087610,300,step_limit,15,False,null,null,null,301,300,300,drift_defense_run_R02_OFF_1835087610_steps_attempt1.csv,drift_defense_run_R02_OFF_1835087610_audit_attempt1.json,0
R02_OFF_1835087611,R02,OFF,1835087611,300,step_limit,16,False,null,null,null,283,300,300,drift_defense_run_R02_OFF_1835087611_steps_attempt1.csv,drift_defense_run_R02_OFF_1835087611_audit_attempt1.json,0
R02_OFF_1835087612,R02,OFF,1835087612,300,step_limit,12,False,null,null,null,318,300,300,drift_defense_run_R02_OFF_1835087612_steps_attempt1.csv,drift_defense_run_R02_OFF_1835087612_audit_attempt1.json,0
R02_OFF_1835087613,R02,OFF,1835087613,300,step_limit,68,True,90,null,null,329,300,300,drift_defense_run_R02_OFF_1835087613_steps_attempt1.csv,drift_defense_run_R02_OFF_1835087613_audit_attempt1.json,0
R02_OFF_1835087614,R02,OFF,1835087614,300,step_limit,46,True,67,null,null,313,300,300,drift_defense_run_R02_OFF_1835087614_steps_attempt1.csv,drift_defense_run_R02_OFF_1835087614_audit_attempt1.json,0
R02_OFF_1835087615,R02,OFF,1835087615,300,step_limit,7,False,null,null,null,316,300,300,drift_defense_run_R02_OFF_1835087615_steps_attempt1.csv,drift_defense_run_R02_OFF_1835087615_audit_attempt1.json,0
R02_OFF_1835087616,R02,OFF,1835087616,300,step_limit,15,False,null,null,null,375,300,300,drift_defense_run_R02_OFF_1835087616_steps_attempt1.csv,drift_defense_run_R02_OFF_1835087616_audit_attempt1.json,0
R02_OFF_1835087617,R02,OFF,1835087617,300,step_limit,17,False,null,null,null,295,300,300,drift_defense_run_R02_OFF_1835087617_steps_attempt1.csv,drift_defense_run_R02_OFF_1835087617_audit_attempt1.json,0
R02_OFF_1835087618,R02,OFF,1835087618,300,step_limit,45,True,243,null,null,336,300,300,drift_defense_run_R02_OFF_1835087618_steps_attempt1.csv,drift_defense_run_R02_OFF_1835087618_audit_attempt1.json,0
R02_OFF_1835087619,R02,OFF,1835087619,300,step_limit,38,True,106,null,null,286,300,300,drift_defense_run_R02_OFF_1835087619_steps_attempt1.csv,drift_defense_run_R02_OFF_1835087619_audit_attempt1.json,0
R02_VETO_1835087600,R02,VETO,1835087600,300,step_limit,193,True,117,109,null,292,300,300,drift_defense_run_R02_VETO_1835087600_steps_attempt1.csv,drift_defense_run_R02_VETO_1835087600_audit_attempt1.json,0
R02_VETO_1835087601,R02,VETO,1835087601,300,step_limit,8,False,null,202,null,291,300,300,drift_defense_run_R02_VETO_1835087601_steps_attempt1.csv,drift_defense_run_R02_VETO_1835087601_audit_attempt1.json,0
R02_VETO_1835087602,R02,VETO,1835087602,300,step_limit,9,False,null,164,null,363,300,300,drift_defense_run_R02_VETO_1835087602_steps_attempt1.csv,drift_defense_run_R02_VETO_1835087602_audit_attempt1.json,0
R02_VETO_1835087603,R02,VETO,1835087603,300,step_limit,23,False,null,112,null,309,300,300,drift_defense_run_R02_VETO_1835087603_steps_attempt1.csv,drift_defense_run_R02_VETO_1835087603_audit_attempt1.json,0
R02_VETO_1835087604,R02,VETO,1835087604,300,step_limit,158,True,135,152,null,301,300,300,drift_defense_run_R02_VETO_1835087604_steps_attempt1.csv,drift_defense_run_R02_VETO_1835087604_audit_attempt1.json,0
R02_VETO_1835087605,R02,VETO,1835087605,300,step_limit,232,True,93,97,null,284,300,300,drift_defense_run_R02_VETO_1835087605_steps_attempt1.csv,drift_defense_run_R02_VETO_1835087605_audit_attempt1.json,0
R02_VETO_1835087606,R02,VETO,1835087606,300,step_limit,28,True,175,197,null,309,300,300,drift_defense_run_R02_VETO_1835087606_steps_attempt1.csv,drift_defense_run_R02_VETO_1835087606_audit_attempt1.json,0
R02_VETO_1835087607,R02,VETO,1835087607,300,step_limit,139,True,174,166,null,279,300,300,drift_defense_run_R02_VETO_1835087607_steps_attempt1.csv,drift_defense_run_R02_VETO_1835087607_audit_attempt1.json,0
R02_VETO_1835087608,R02,VETO,1835087608,300,step_limit,146,True,67,167,null,322,300,300,drift_defense_run_R02_VETO_1835087608_steps_attempt1.csv,drift_defense_run_R02_VETO_1835087608_audit_attempt1.json,0
R02_VETO_1835087609,R02,VETO,1835087609,300,step_limit,16,False,null,168,null,330,300,300,drift_defense_run_R02_VETO_1835087609_steps_attempt1.csv,drift_defense_run_R02_VETO_1835087609_audit_attempt1.json,0
R02_VETO_1835087610,R02,VETO,1835087610,300,step_limit,6,False,null,224,null,284,300,300,drift_defense_run_R02_VETO_1835087610_steps_attempt1.csv,drift_defense_run_R02_VETO_1835087610_audit_attempt1.json,0
R02_VETO_1835087611,R02,VETO,1835087611,300,step_limit,48,True,199,149,null,339,300,300,drift_defense_run_R02_VETO_1835087611_steps_attempt1.csv,drift_defense_run_R02_VETO_1835087611_audit_attempt1.json,0
R02_VETO_1835087612,R02,VETO,1835087612,300,step_limit,0,False,null,29,null,170,300,300,drift_defense_run_R02_VETO_1835087612_steps_attempt1.csv,drift_defense_run_R02_VETO_1835087612_audit_attempt1.json,0
R02_VETO_1835087613,R02,VETO,1835087613,300,step_limit,27,True,90,163,null,375,300,300,drift_defense_run_R02_VETO_1835087613_steps_attempt1.csv,drift_defense_run_R02_VETO_1835087613_audit_attempt1.json,0
R02_VETO_1835087614,R02,VETO,1835087614,300,step_limit,207,True,67,112,null,328,300,300,drift_defense_run_R02_VETO_1835087614_steps_attempt1.csv,drift_defense_run_R02_VETO_1835087614_audit_attempt1.json,0
R02_VETO_1835087615,R02,VETO,1835087615,300,step_limit,6,False,null,180,null,329,300,300,drift_defense_run_R02_VETO_1835087615_steps_attempt1.csv,drift_defense_run_R02_VETO_1835087615_audit_attempt1.json,0
R02_VETO_1835087616,R02,VETO,1835087616,300,step_limit,89,True,220,210,null,307,300,300,drift_defense_run_R02_VETO_1835087616_steps_attempt1.csv,drift_defense_run_R02_VETO_1835087616_audit_attempt1.json,0
R02_VETO_1835087617,R02,VETO,1835087617,300,step_limit,88,True,228,174,null,296,300,300,drift_defense_run_R02_VETO_1835087617_steps_attempt1.csv,drift_defense_run_R02_VETO_1835087617_audit_attempt1.json,0
R02_VETO_1835087618,R02,VETO,1835087618,300,step_limit,180,True,138,131,null,260,300,300,drift_defense_run_R02_VETO_1835087618_steps_attempt1.csv,drift_defense_run_R02_VETO_1835087618_audit_attempt1.json,0
R02_VETO_1835087619,R02,VETO,1835087619,300,step_limit,20,True,106,115,null,330,300,300,drift_defense_run_R02_VETO_1835087619_steps_attempt1.csv,drift_defense_run_R02_VETO_1835087619_audit_attempt1.json,0
R02_GRADED_1835087600,R02,GRADED,1835087600,300,step_limit,21,True,117,109,119,357,300,300,drift_defense_run_R02_GRADED_1835087600_steps_attempt1.csv,drift_defense_run_R02_GRADED_1835087600_audit_attempt1.json,0
R02_GRADED_1835087601,R02,GRADED,1835087601,300,step_limit,8,False,null,202,null,291,300,300,drift_defense_run_R02_GRADED_1835087601_steps_attempt1.csv,drift_defense_run_R02_GRADED_1835087601_audit_attempt1.json,0
R02_GRADED_1835087602,R02,GRADED,1835087602,300,step_limit,9,False,null,164,null,363,300,300,drift_defense_run_R02_GRADED_1835087602_steps_attempt1.csv,drift_defense_run_R02_GRADED_1835087602_audit_attempt1.json,0
R02_GRADED_1835087603,R02,GRADED,1835087603,300,step_limit,23,False,null,112,null,309,300,300,drift_defense_run_R02_GRADED_1835087603_steps_attempt1.csv,drift_defense_run_R02_GRADED_1835087603_audit_attempt1.json,0
R02_GRADED_1835087604,R02,GRADED,1835087604,300,step_limit,49,True,135,152,187,355,300,300,drift_defense_run_R02_GRADED_1835087604_steps_attempt1.csv,drift_defense_run_R02_GRADED_1835087604_audit_attempt1.json,0
R02_GRADED_1835087605,R02,GRADED,1835087605,300,step_limit,39,True,93,97,99,322,300,300,drift_defense_run_R02_GRADED_1835087605_steps_attempt1.csv,drift_defense_run_R02_GRADED_1835087605_audit_attempt1.json,0
R02_GRADED_1835087606,R02,GRADED,1835087606,300,step_limit,28,True,175,197,null,309,300,300,drift_defense_run_R02_GRADED_1835087606_steps_attempt1.csv,drift_defense_run_R02_GRADED_1835087606_audit_attempt1.json,0
R02_GRADED_1835087607,R02,GRADED,1835087607,300,step_limit,16,True,174,166,171,303,300,300,drift_defense_run_R02_GRADED_1835087607_steps_attempt1.csv,drift_defense_run_R02_GRADED_1835087607_audit_attempt1.json,0
R02_GRADED_1835087608,R02,GRADED,1835087608,300,step_limit,32,True,67,167,179,362,300,300,drift_defense_run_R02_GRADED_1835087608_steps_attempt1.csv,drift_defense_run_R02_GRADED_1835087608_audit_attempt1.json,0
R02_GRADED_1835087609,R02,GRADED,1835087609,300,step_limit,16,False,null,168,223,330,300,300,drift_defense_run_R02_GRADED_1835087609_steps_attempt1.csv,drift_defense_run_R02_GRADED_1835087609_audit_attempt1.json,0
R02_GRADED_1835087610,R02,GRADED,1835087610,300,step_limit,6,False,null,224,244,313,300,300,drift_defense_run_R02_GRADED_1835087610_steps_attempt1.csv,drift_defense_run_R02_GRADED_1835087610_audit_attempt1.json,0
R02_GRADED_1835087611,R02,GRADED,1835087611,300,step_limit,34,True,199,149,206,345,300,300,drift_defense_run_R02_GRADED_1835087611_steps_attempt1.csv,drift_defense_run_R02_GRADED_1835087611_audit_attempt1.json,0
R02_GRADED_1835087612,R02,GRADED,1835087612,300,step_limit,0,False,null,29,188,198,300,300,drift_defense_run_R02_GRADED_1835087612_steps_attempt1.csv,drift_defense_run_R02_GRADED_1835087612_audit_attempt1.json,0
R02_GRADED_1835087613,R02,GRADED,1835087613,300,step_limit,27,True,90,163,173,354,300,300,drift_defense_run_R02_GRADED_1835087613_steps_attempt1.csv,drift_defense_run_R02_GRADED_1835087613_audit_attempt1.json,0
R02_GRADED_1835087614,R02,GRADED,1835087614,300,step_limit,49,True,67,112,134,386,300,300,drift_defense_run_R02_GRADED_1835087614_steps_attempt1.csv,drift_defense_run_R02_GRADED_1835087614_audit_attempt1.json,0
R02_GRADED_1835087615,R02,GRADED,1835087615,300,step_limit,6,False,null,180,187,346,300,300,drift_defense_run_R02_GRADED_1835087615_steps_attempt1.csv,drift_defense_run_R02_GRADED_1835087615_audit_attempt1.json,0
R02_GRADED_1835087616,R02,GRADED,1835087616,300,step_limit,30,True,220,210,235,323,300,300,drift_defense_run_R02_GRADED_1835087616_steps_attempt1.csv,drift_defense_run_R02_GRADED_1835087616_audit_attempt1.json,0
R02_GRADED_1835087617,R02,GRADED,1835087617,300,step_limit,4,False,null,174,177,281,300,300,drift_defense_run_R02_GRADED_1835087617_steps_attempt1.csv,drift_defense_run_R02_GRADED_1835087617_audit_attempt1.json,0
R02_GRADED_1835087618,R02,GRADED,1835087618,300,step_limit,40,True,138,131,157,196,300,300,drift_defense_run_R02_GRADED_1835087618_steps_attempt1.csv,drift_defense_run_R02_GRADED_1835087618_audit_attempt1.json,0
R02_GRADED_1835087619,R02,GRADED,1835087619,300,step_limit,20,True,106,115,141,340,300,300,drift_defense_run_R02_GRADED_1835087619_steps_attempt1.csv,drift_defense_run_R02_GRADED_1835087619_audit_attempt1.json,0
R10_OFF_1835087600,R10,OFF,1835087600,300,step_limit,249,True,59,null,null,330,300,300,drift_defense_run_R10_OFF_1835087600_steps_attempt1.csv,drift_defense_run_R10_OFF_1835087600_audit_attempt1.json,0
R10_OFF_1835087601,R10,OFF,1835087601,300,step_limit,244,True,64,null,null,348,300,300,drift_defense_run_R10_OFF_1835087601_steps_attempt1.csv,drift_defense_run_R10_OFF_1835087601_audit_attempt1.json,0
R10_OFF_1835087602,R10,OFF,1835087602,300,step_limit,247,True,61,null,null,342,300,300,drift_defense_run_R10_OFF_1835087602_steps_attempt1.csv,drift_defense_run_R10_OFF_1835087602_audit_attempt1.json,0
R10_OFF_1835087603,R10,OFF,1835087603,300,step_limit,245,True,63,null,null,334,300,300,drift_defense_run_R10_OFF_1835087603_steps_attempt1.csv,drift_defense_run_R10_OFF_1835087603_audit_attempt1.json,0
R10_OFF_1835087604,R10,OFF,1835087604,300,step_limit,247,True,61,null,null,267,300,300,drift_defense_run_R10_OFF_1835087604_steps_attempt1.csv,drift_defense_run_R10_OFF_1835087604_audit_attempt1.json,0
R10_OFF_1835087605,R10,OFF,1835087605,300,step_limit,246,True,62,null,null,302,300,300,drift_defense_run_R10_OFF_1835087605_steps_attempt1.csv,drift_defense_run_R10_OFF_1835087605_audit_attempt1.json,0
R10_OFF_1835087606,R10,OFF,1835087606,300,step_limit,245,True,67,null,null,360,300,300,drift_defense_run_R10_OFF_1835087606_steps_attempt1.csv,drift_defense_run_R10_OFF_1835087606_audit_attempt1.json,0
R10_OFF_1835087607,R10,OFF,1835087607,300,step_limit,245,True,63,null,null,347,300,300,drift_defense_run_R10_OFF_1835087607_steps_attempt1.csv,drift_defense_run_R10_OFF_1835087607_audit_attempt1.json,0
R10_OFF_1835087608,R10,OFF,1835087608,300,step_limit,247,True,61,null,null,321,300,300,drift_defense_run_R10_OFF_1835087608_steps_attempt1.csv,drift_defense_run_R10_OFF_1835087608_audit_attempt1.json,0
R10_OFF_1835087609,R10,OFF,1835087609,300,step_limit,246,True,62,null,null,341,300,300,drift_defense_run_R10_OFF_1835087609_steps_attempt1.csv,drift_defense_run_R10_OFF_1835087609_audit_attempt1.json,0
R10_OFF_1835087610,R10,OFF,1835087610,300,step_limit,246,True,63,null,null,320,300,300,drift_defense_run_R10_OFF_1835087610_steps_attempt1.csv,drift_defense_run_R10_OFF_1835087610_audit_attempt1.json,0
R10_OFF_1835087611,R10,OFF,1835087611,300,step_limit,241,True,67,null,null,342,300,300,drift_defense_run_R10_OFF_1835087611_steps_attempt1.csv,drift_defense_run_R10_OFF_1835087611_audit_attempt1.json,0
R10_OFF_1835087612,R10,OFF,1835087612,300,step_limit,247,True,61,null,null,303,300,300,drift_defense_run_R10_OFF_1835087612_steps_attempt1.csv,drift_defense_run_R10_OFF_1835087612_audit_attempt1.json,0
R10_OFF_1835087613,R10,OFF,1835087613,300,step_limit,247,True,61,null,null,306,300,300,drift_defense_run_R10_OFF_1835087613_steps_attempt1.csv,drift_defense_run_R10_OFF_1835087613_audit_attempt1.json,0
R10_OFF_1835087614,R10,OFF,1835087614,300,step_limit,249,True,59,null,null,342,300,300,drift_defense_run_R10_OFF_1835087614_steps_attempt1.csv,drift_defense_run_R10_OFF_1835087614_audit_attempt1.json,0
R10_OFF_1835087615,R10,OFF,1835087615,300,step_limit,245,True,63,null,null,326,300,300,drift_defense_run_R10_OFF_1835087615_steps_attempt1.csv,drift_defense_run_R10_OFF_1835087615_audit_attempt1.json,0
R10_OFF_1835087616,R10,OFF,1835087616,300,step_limit,242,True,67,null,null,316,300,300,drift_defense_run_R10_OFF_1835087616_steps_attempt1.csv,drift_defense_run_R10_OFF_1835087616_audit_attempt1.json,0
R10_OFF_1835087617,R10,OFF,1835087617,300,step_limit,244,True,64,null,null,316,300,300,drift_defense_run_R10_OFF_1835087617_steps_attempt1.csv,drift_defense_run_R10_OFF_1835087617_audit_attempt1.json,0
R10_OFF_1835087618,R10,OFF,1835087618,300,step_limit,244,True,64,null,null,348,300,300,drift_defense_run_R10_OFF_1835087618_steps_attempt1.csv,drift_defense_run_R10_OFF_1835087618_audit_attempt1.json,0
R10_OFF_1835087619,R10,OFF,1835087619,300,step_limit,246,True,62,null,null,351,300,300,drift_defense_run_R10_OFF_1835087619_steps_attempt1.csv,drift_defense_run_R10_OFF_1835087619_audit_attempt1.json,0
R10_VETO_1835087600,R10,VETO,1835087600,300,step_limit,249,True,59,64,null,285,300,300,drift_defense_run_R10_VETO_1835087600_steps_attempt1.csv,drift_defense_run_R10_VETO_1835087600_audit_attempt1.json,0
R10_VETO_1835087601,R10,VETO,1835087601,300,step_limit,244,True,64,62,null,316,300,300,drift_defense_run_R10_VETO_1835087601_steps_attempt1.csv,drift_defense_run_R10_VETO_1835087601_audit_attempt1.json,0
R10_VETO_1835087602,R10,VETO,1835087602,300,step_limit,23,True,61,70,null,343,300,300,drift_defense_run_R10_VETO_1835087602_steps_attempt1.csv,drift_defense_run_R10_VETO_1835087602_audit_attempt1.json,0
R10_VETO_1835087603,R10,VETO,1835087603,300,step_limit,245,True,63,59,null,339,300,300,drift_defense_run_R10_VETO_1835087603_steps_attempt1.csv,drift_defense_run_R10_VETO_1835087603_audit_attempt1.json,0
R10_VETO_1835087604,R10,VETO,1835087604,300,step_limit,247,True,61,72,null,297,300,300,drift_defense_run_R10_VETO_1835087604_steps_attempt1.csv,drift_defense_run_R10_VETO_1835087604_audit_attempt1.json,0
R10_VETO_1835087605,R10,VETO,1835087605,300,step_limit,19,True,62,58,null,393,300,300,drift_defense_run_R10_VETO_1835087605_steps_attempt1.csv,drift_defense_run_R10_VETO_1835087605_audit_attempt1.json,0
R10_VETO_1835087606,R10,VETO,1835087606,300,step_limit,39,True,67,78,null,274,300,300,drift_defense_run_R10_VETO_1835087606_steps_attempt1.csv,drift_defense_run_R10_VETO_1835087606_audit_attempt1.json,0
R10_VETO_1835087607,R10,VETO,1835087607,300,step_limit,245,True,63,58,null,372,300,300,drift_defense_run_R10_VETO_1835087607_steps_attempt1.csv,drift_defense_run_R10_VETO_1835087607_audit_attempt1.json,0
R10_VETO_1835087608,R10,VETO,1835087608,300,step_limit,247,True,61,58,null,341,300,300,drift_defense_run_R10_VETO_1835087608_steps_attempt1.csv,drift_defense_run_R10_VETO_1835087608_audit_attempt1.json,0
R10_VETO_1835087609,R10,VETO,1835087609,300,step_limit,246,True,62,54,null,320,300,300,drift_defense_run_R10_VETO_1835087609_steps_attempt1.csv,drift_defense_run_R10_VETO_1835087609_audit_attempt1.json,0
R10_VETO_1835087610,R10,VETO,1835087610,300,step_limit,246,True,63,58,null,309,300,300,drift_defense_run_R10_VETO_1835087610_steps_attempt1.csv,drift_defense_run_R10_VETO_1835087610_audit_attempt1.json,0
R10_VETO_1835087611,R10,VETO,1835087611,300,step_limit,241,True,67,65,null,258,300,300,drift_defense_run_R10_VETO_1835087611_steps_attempt1.csv,drift_defense_run_R10_VETO_1835087611_audit_attempt1.json,0
R10_VETO_1835087612,R10,VETO,1835087612,300,step_limit,0,False,null,29,null,170,300,300,drift_defense_run_R10_VETO_1835087612_steps_attempt1.csv,drift_defense_run_R10_VETO_1835087612_audit_attempt1.json,0
R10_VETO_1835087613,R10,VETO,1835087613,300,step_limit,247,True,61,70,null,329,300,300,drift_defense_run_R10_VETO_1835087613_steps_attempt1.csv,drift_defense_run_R10_VETO_1835087613_audit_attempt1.json,0
R10_VETO_1835087614,R10,VETO,1835087614,300,step_limit,249,True,59,63,null,325,300,300,drift_defense_run_R10_VETO_1835087614_steps_attempt1.csv,drift_defense_run_R10_VETO_1835087614_audit_attempt1.json,0
R10_VETO_1835087615,R10,VETO,1835087615,300,step_limit,245,True,63,65,null,339,300,300,drift_defense_run_R10_VETO_1835087615_steps_attempt1.csv,drift_defense_run_R10_VETO_1835087615_audit_attempt1.json,0
R10_VETO_1835087616,R10,VETO,1835087616,300,step_limit,9,False,null,63,null,235,300,300,drift_defense_run_R10_VETO_1835087616_steps_attempt1.csv,drift_defense_run_R10_VETO_1835087616_audit_attempt1.json,0
R10_VETO_1835087617,R10,VETO,1835087617,300,step_limit,33,True,64,71,null,301,300,300,drift_defense_run_R10_VETO_1835087617_steps_attempt1.csv,drift_defense_run_R10_VETO_1835087617_audit_attempt1.json,0
R10_VETO_1835087618,R10,VETO,1835087618,300,step_limit,244,True,64,57,null,251,300,300,drift_defense_run_R10_VETO_1835087618_steps_attempt1.csv,drift_defense_run_R10_VETO_1835087618_audit_attempt1.json,0
R10_VETO_1835087619,R10,VETO,1835087619,300,step_limit,246,True,62,55,null,318,300,300,drift_defense_run_R10_VETO_1835087619_steps_attempt1.csv,drift_defense_run_R10_VETO_1835087619_audit_attempt1.json,0
R10_GRADED_1835087600,R10,GRADED,1835087600,300,step_limit,34,True,59,64,77,363,300,300,drift_defense_run_R10_GRADED_1835087600_steps_attempt1.csv,drift_defense_run_R10_GRADED_1835087600_audit_attempt1.json,0
R10_GRADED_1835087601,R10,GRADED,1835087601,300,step_limit,23,True,64,62,71,346,300,300,drift_defense_run_R10_GRADED_1835087601_steps_attempt1.csv,drift_defense_run_R10_GRADED_1835087601_audit_attempt1.json,0
R10_GRADED_1835087602,R10,GRADED,1835087602,300,step_limit,23,True,61,70,null,343,300,300,drift_defense_run_R10_GRADED_1835087602_steps_attempt1.csv,drift_defense_run_R10_GRADED_1835087602_audit_attempt1.json,0
R10_GRADED_1835087603,R10,GRADED,1835087603,300,step_limit,19,True,63,59,68,317,300,300,drift_defense_run_R10_GRADED_1835087603_steps_attempt1.csv,drift_defense_run_R10_GRADED_1835087603_audit_attempt1.json,0
R10_GRADED_1835087604,R10,GRADED,1835087604,300,step_limit,29,True,61,72,73,373,300,300,drift_defense_run_R10_GRADED_1835087604_steps_attempt1.csv,drift_defense_run_R10_GRADED_1835087604_audit_attempt1.json,0
R10_GRADED_1835087605,R10,GRADED,1835087605,300,step_limit,19,True,62,58,89,284,300,300,drift_defense_run_R10_GRADED_1835087605_steps_attempt1.csv,drift_defense_run_R10_GRADED_1835087605_audit_attempt1.json,0
R10_GRADED_1835087606,R10,GRADED,1835087606,300,step_limit,39,True,67,78,161,323,300,300,drift_defense_run_R10_GRADED_1835087606_steps_attempt1.csv,drift_defense_run_R10_GRADED_1835087606_audit_attempt1.json,0
R10_GRADED_1835087607,R10,GRADED,1835087607,300,step_limit,20,True,63,58,65,345,300,300,drift_defense_run_R10_GRADED_1835087607_steps_attempt1.csv,drift_defense_run_R10_GRADED_1835087607_audit_attempt1.json,0
R10_GRADED_1835087608,R10,GRADED,1835087608,300,step_limit,19,True,61,58,62,328,300,300,drift_defense_run_R10_GRADED_1835087608_steps_attempt1.csv,drift_defense_run_R10_GRADED_1835087608_audit_attempt1.json,0
R10_GRADED_1835087609,R10,GRADED,1835087609,300,step_limit,10,True,62,54,60,314,300,300,drift_defense_run_R10_GRADED_1835087609_steps_attempt1.csv,drift_defense_run_R10_GRADED_1835087609_audit_attempt1.json,0
R10_GRADED_1835087610,R10,GRADED,1835087610,300,step_limit,27,True,63,58,75,337,300,300,drift_defense_run_R10_GRADED_1835087610_steps_attempt1.csv,drift_defense_run_R10_GRADED_1835087610_audit_attempt1.json,0
R10_GRADED_1835087611,R10,GRADED,1835087611,300,step_limit,17,True,67,65,68,353,300,300,drift_defense_run_R10_GRADED_1835087611_steps_attempt1.csv,drift_defense_run_R10_GRADED_1835087611_audit_attempt1.json,0
R10_GRADED_1835087612,R10,GRADED,1835087612,300,step_limit,0,False,null,29,188,198,300,300,drift_defense_run_R10_GRADED_1835087612_steps_attempt1.csv,drift_defense_run_R10_GRADED_1835087612_audit_attempt1.json,0
R10_GRADED_1835087613,R10,GRADED,1835087613,300,step_limit,26,True,61,70,71,338,300,300,drift_defense_run_R10_GRADED_1835087613_steps_attempt1.csv,drift_defense_run_R10_GRADED_1835087613_audit_attempt1.json,0
R10_GRADED_1835087614,R10,GRADED,1835087614,300,step_limit,23,True,59,63,64,289,300,300,drift_defense_run_R10_GRADED_1835087614_steps_attempt1.csv,drift_defense_run_R10_GRADED_1835087614_audit_attempt1.json,0
R10_GRADED_1835087615,R10,GRADED,1835087615,300,step_limit,25,True,63,65,70,340,300,300,drift_defense_run_R10_GRADED_1835087615_steps_attempt1.csv,drift_defense_run_R10_GRADED_1835087615_audit_attempt1.json,0
R10_GRADED_1835087616,R10,GRADED,1835087616,300,step_limit,9,False,null,63,null,235,300,300,drift_defense_run_R10_GRADED_1835087616_steps_attempt1.csv,drift_defense_run_R10_GRADED_1835087616_audit_attempt1.json,0
R10_GRADED_1835087617,R10,GRADED,1835087617,300,step_limit,25,True,64,71,73,354,300,300,drift_defense_run_R10_GRADED_1835087617_steps_attempt1.csv,drift_defense_run_R10_GRADED_1835087617_audit_attempt1.json,0
R10_GRADED_1835087618,R10,GRADED,1835087618,300,step_limit,17,True,64,57,62,303,300,300,drift_defense_run_R10_GRADED_1835087618_steps_attempt1.csv,drift_defense_run_R10_GRADED_1835087618_audit_attempt1.json,0
R10_GRADED_1835087619,R10,GRADED,1835087619,300,step_limit,22,True,62,55,68,289,300,300,drift_defense_run_R10_GRADED_1835087619_steps_attempt1.csv,drift_defense_run_R10_GRADED_1835087619_audit_attempt1.json,0
R20_OFF_1835087600,R20,OFF,1835087600,300,step_limit,250,True,58,null,null,297,300,300,drift_defense_run_R20_OFF_1835087600_steps_attempt1.csv,drift_defense_run_R20_OFF_1835087600_audit_attempt1.json,0
R20_OFF_1835087601,R20,OFF,1835087601,300,step_limit,248,True,60,null,null,322,300,300,drift_defense_run_R20_OFF_1835087601_steps_attempt1.csv,drift_defense_run_R20_OFF_1835087601_audit_attempt1.json,0
R20_OFF_1835087602,R20,OFF,1835087602,300,step_limit,249,True,59,null,null,307,300,300,drift_defense_run_R20_OFF_1835087602_steps_attempt1.csv,drift_defense_run_R20_OFF_1835087602_audit_attempt1.json,0
R20_OFF_1835087603,R20,OFF,1835087603,300,step_limit,248,True,60,null,null,357,300,300,drift_defense_run_R20_OFF_1835087603_steps_attempt1.csv,drift_defense_run_R20_OFF_1835087603_audit_attempt1.json,0
R20_OFF_1835087604,R20,OFF,1835087604,300,step_limit,250,True,58,null,null,335,300,300,drift_defense_run_R20_OFF_1835087604_steps_attempt1.csv,drift_defense_run_R20_OFF_1835087604_audit_attempt1.json,0
R20_OFF_1835087605,R20,OFF,1835087605,300,step_limit,249,True,59,null,null,366,300,300,drift_defense_run_R20_OFF_1835087605_steps_attempt1.csv,drift_defense_run_R20_OFF_1835087605_audit_attempt1.json,0
R20_OFF_1835087606,R20,OFF,1835087606,300,step_limit,248,True,60,null,null,332,300,300,drift_defense_run_R20_OFF_1835087606_steps_attempt1.csv,drift_defense_run_R20_OFF_1835087606_audit_attempt1.json,0
R20_OFF_1835087607,R20,OFF,1835087607,300,step_limit,247,True,61,null,null,314,300,300,drift_defense_run_R20_OFF_1835087607_steps_attempt1.csv,drift_defense_run_R20_OFF_1835087607_audit_attempt1.json,0
R20_OFF_1835087608,R20,OFF,1835087608,300,step_limit,250,True,58,null,null,292,300,300,drift_defense_run_R20_OFF_1835087608_steps_attempt1.csv,drift_defense_run_R20_OFF_1835087608_audit_attempt1.json,0
R20_OFF_1835087609,R20,OFF,1835087609,300,step_limit,249,True,59,null,null,331,300,300,drift_defense_run_R20_OFF_1835087609_steps_attempt1.csv,drift_defense_run_R20_OFF_1835087609_audit_attempt1.json,0
R20_OFF_1835087610,R20,OFF,1835087610,300,step_limit,249,True,59,null,null,391,300,300,drift_defense_run_R20_OFF_1835087610_steps_attempt1.csv,drift_defense_run_R20_OFF_1835087610_audit_attempt1.json,0
R20_OFF_1835087611,R20,OFF,1835087611,300,step_limit,248,True,60,null,null,317,300,300,drift_defense_run_R20_OFF_1835087611_steps_attempt1.csv,drift_defense_run_R20_OFF_1835087611_audit_attempt1.json,0
R20_OFF_1835087612,R20,OFF,1835087612,300,step_limit,248,True,60,null,null,271,300,300,drift_defense_run_R20_OFF_1835087612_steps_attempt1.csv,drift_defense_run_R20_OFF_1835087612_audit_attempt1.json,0
R20_OFF_1835087613,R20,OFF,1835087613,300,step_limit,250,True,58,null,null,360,300,300,drift_defense_run_R20_OFF_1835087613_steps_attempt1.csv,drift_defense_run_R20_OFF_1835087613_audit_attempt1.json,0
R20_OFF_1835087614,R20,OFF,1835087614,300,step_limit,250,True,58,null,null,290,300,300,drift_defense_run_R20_OFF_1835087614_steps_attempt1.csv,drift_defense_run_R20_OFF_1835087614_audit_attempt1.json,0
R20_OFF_1835087615,R20,OFF,1835087615,300,step_limit,249,True,59,null,null,290,300,300,drift_defense_run_R20_OFF_1835087615_steps_attempt1.csv,drift_defense_run_R20_OFF_1835087615_audit_attempt1.json,0
R20_OFF_1835087616,R20,OFF,1835087616,300,step_limit,248,True,60,null,null,331,300,300,drift_defense_run_R20_OFF_1835087616_steps_attempt1.csv,drift_defense_run_R20_OFF_1835087616_audit_attempt1.json,0
R20_OFF_1835087617,R20,OFF,1835087617,300,step_limit,248,True,60,null,null,369,300,300,drift_defense_run_R20_OFF_1835087617_steps_attempt1.csv,drift_defense_run_R20_OFF_1835087617_audit_attempt1.json,0
R20_OFF_1835087618,R20,OFF,1835087618,300,step_limit,247,True,61,null,null,356,300,300,drift_defense_run_R20_OFF_1835087618_steps_attempt1.csv,drift_defense_run_R20_OFF_1835087618_audit_attempt1.json,0
R20_OFF_1835087619,R20,OFF,1835087619,300,step_limit,248,True,60,null,null,315,300,300,drift_defense_run_R20_OFF_1835087619_steps_attempt1.csv,drift_defense_run_R20_OFF_1835087619_audit_attempt1.json,0
R20_VETO_1835087600,R20,VETO,1835087600,300,step_limit,250,True,58,52,null,301,300,300,drift_defense_run_R20_VETO_1835087600_steps_attempt1.csv,drift_defense_run_R20_VETO_1835087600_audit_attempt1.json,0
R20_VETO_1835087601,R20,VETO,1835087601,300,step_limit,248,True,60,53,null,336,300,300,drift_defense_run_R20_VETO_1835087601_steps_attempt1.csv,drift_defense_run_R20_VETO_1835087601_audit_attempt1.json,0
R20_VETO_1835087602,R20,VETO,1835087602,300,step_limit,249,True,59,52,null,280,300,300,drift_defense_run_R20_VETO_1835087602_steps_attempt1.csv,drift_defense_run_R20_VETO_1835087602_audit_attempt1.json,0
R20_VETO_1835087603,R20,VETO,1835087603,300,step_limit,248,True,60,53,null,295,300,300,drift_defense_run_R20_VETO_1835087603_steps_attempt1.csv,drift_defense_run_R20_VETO_1835087603_audit_attempt1.json,0
R20_VETO_1835087604,R20,VETO,1835087604,300,step_limit,250,True,58,53,null,283,300,300,drift_defense_run_R20_VETO_1835087604_steps_attempt1.csv,drift_defense_run_R20_VETO_1835087604_audit_attempt1.json,0
R20_VETO_1835087605,R20,VETO,1835087605,300,step_limit,249,True,59,52,null,315,300,300,drift_defense_run_R20_VETO_1835087605_steps_attempt1.csv,drift_defense_run_R20_VETO_1835087605_audit_attempt1.json,0
R20_VETO_1835087606,R20,VETO,1835087606,300,step_limit,248,True,60,54,null,345,300,300,drift_defense_run_R20_VETO_1835087606_steps_attempt1.csv,drift_defense_run_R20_VETO_1835087606_audit_attempt1.json,0
R20_VETO_1835087607,R20,VETO,1835087607,300,step_limit,247,True,61,53,null,356,300,300,drift_defense_run_R20_VETO_1835087607_steps_attempt1.csv,drift_defense_run_R20_VETO_1835087607_audit_attempt1.json,0
R20_VETO_1835087608,R20,VETO,1835087608,300,step_limit,250,True,58,53,null,331,300,300,drift_defense_run_R20_VETO_1835087608_steps_attempt1.csv,drift_defense_run_R20_VETO_1835087608_audit_attempt1.json,0
R20_VETO_1835087609,R20,VETO,1835087609,300,step_limit,249,True,59,51,null,312,300,300,drift_defense_run_R20_VETO_1835087609_steps_attempt1.csv,drift_defense_run_R20_VETO_1835087609_audit_attempt1.json,0
R20_VETO_1835087610,R20,VETO,1835087610,300,step_limit,249,True,59,51,null,332,300,300,drift_defense_run_R20_VETO_1835087610_steps_attempt1.csv,drift_defense_run_R20_VETO_1835087610_audit_attempt1.json,0
R20_VETO_1835087611,R20,VETO,1835087611,300,step_limit,248,True,60,52,null,317,300,300,drift_defense_run_R20_VETO_1835087611_steps_attempt1.csv,drift_defense_run_R20_VETO_1835087611_audit_attempt1.json,0
R20_VETO_1835087612,R20,VETO,1835087612,300,step_limit,0,False,null,29,null,170,300,300,drift_defense_run_R20_VETO_1835087612_steps_attempt1.csv,drift_defense_run_R20_VETO_1835087612_audit_attempt1.json,0
R20_VETO_1835087613,R20,VETO,1835087613,300,step_limit,250,True,58,53,null,287,300,300,drift_defense_run_R20_VETO_1835087613_steps_attempt1.csv,drift_defense_run_R20_VETO_1835087613_audit_attempt1.json,0
R20_VETO_1835087614,R20,VETO,1835087614,300,step_limit,250,True,58,53,null,337,300,300,drift_defense_run_R20_VETO_1835087614_steps_attempt1.csv,drift_defense_run_R20_VETO_1835087614_audit_attempt1.json,0
R20_VETO_1835087615,R20,VETO,1835087615,300,step_limit,249,True,59,54,null,388,300,300,drift_defense_run_R20_VETO_1835087615_steps_attempt1.csv,drift_defense_run_R20_VETO_1835087615_audit_attempt1.json,0
R20_VETO_1835087616,R20,VETO,1835087616,300,step_limit,248,True,60,53,null,390,300,300,drift_defense_run_R20_VETO_1835087616_steps_attempt1.csv,drift_defense_run_R20_VETO_1835087616_audit_attempt1.json,0
R20_VETO_1835087617,R20,VETO,1835087617,300,step_limit,248,True,60,55,null,298,300,300,drift_defense_run_R20_VETO_1835087617_steps_attempt1.csv,drift_defense_run_R20_VETO_1835087617_audit_attempt1.json,0
R20_VETO_1835087618,R20,VETO,1835087618,300,step_limit,247,True,61,53,null,295,300,300,drift_defense_run_R20_VETO_1835087618_steps_attempt1.csv,drift_defense_run_R20_VETO_1835087618_audit_attempt1.json,0
R20_VETO_1835087619,R20,VETO,1835087619,300,step_limit,248,True,60,52,null,327,300,300,drift_defense_run_R20_VETO_1835087619_steps_attempt1.csv,drift_defense_run_R20_VETO_1835087619_audit_attempt1.json,0
R20_GRADED_1835087600,R20,GRADED,1835087600,300,step_limit,16,True,58,52,55,318,300,300,drift_defense_run_R20_GRADED_1835087600_steps_attempt1.csv,drift_defense_run_R20_GRADED_1835087600_audit_attempt1.json,0
R20_GRADED_1835087601,R20,GRADED,1835087601,300,step_limit,12,True,60,53,56,346,300,300,drift_defense_run_R20_GRADED_1835087601_steps_attempt1.csv,drift_defense_run_R20_GRADED_1835087601_audit_attempt1.json,0
R20_GRADED_1835087602,R20,GRADED,1835087602,300,step_limit,13,True,59,52,55,304,300,300,drift_defense_run_R20_GRADED_1835087602_steps_attempt1.csv,drift_defense_run_R20_GRADED_1835087602_audit_attempt1.json,0
R20_GRADED_1835087603,R20,GRADED,1835087603,300,step_limit,13,True,60,53,56,346,300,300,drift_defense_run_R20_GRADED_1835087603_steps_attempt1.csv,drift_defense_run_R20_GRADED_1835087603_audit_attempt1.json,0
R20_GRADED_1835087604,R20,GRADED,1835087604,300,step_limit,24,True,58,53,61,335,300,300,drift_defense_run_R20_GRADED_1835087604_steps_attempt1.csv,drift_defense_run_R20_GRADED_1835087604_audit_attempt1.json,0
R20_GRADED_1835087605,R20,GRADED,1835087605,300,step_limit,14,True,59,52,55,267,300,300,drift_defense_run_R20_GRADED_1835087605_steps_attempt1.csv,drift_defense_run_R20_GRADED_1835087605_audit_attempt1.json,0
R20_GRADED_1835087606,R20,GRADED,1835087606,300,step_limit,18,True,60,54,59,292,300,300,drift_defense_run_R20_GRADED_1835087606_steps_attempt1.csv,drift_defense_run_R20_GRADED_1835087606_audit_attempt1.json,0
R20_GRADED_1835087607,R20,GRADED,1835087607,300,step_limit,11,True,61,53,57,345,300,300,drift_defense_run_R20_GRADED_1835087607_steps_attempt1.csv,drift_defense_run_R20_GRADED_1835087607_audit_attempt1.json,0
R20_GRADED_1835087608,R20,GRADED,1835087608,300,step_limit,18,True,58,53,58,261,300,300,drift_defense_run_R20_GRADED_1835087608_steps_attempt1.csv,drift_defense_run_R20_GRADED_1835087608_audit_attempt1.json,0
R20_GRADED_1835087609,R20,GRADED,1835087609,300,step_limit,10,True,59,51,54,301,300,300,drift_defense_run_R20_GRADED_1835087609_steps_attempt1.csv,drift_defense_run_R20_GRADED_1835087609_audit_attempt1.json,0
R20_GRADED_1835087610,R20,GRADED,1835087610,300,step_limit,12,True,59,51,54,338,300,300,drift_defense_run_R20_GRADED_1835087610_steps_attempt1.csv,drift_defense_run_R20_GRADED_1835087610_audit_attempt1.json,0
R20_GRADED_1835087611,R20,GRADED,1835087611,300,step_limit,15,True,60,52,58,353,300,300,drift_defense_run_R20_GRADED_1835087611_steps_attempt1.csv,drift_defense_run_R20_GRADED_1835087611_audit_attempt1.json,0
R20_GRADED_1835087612,R20,GRADED,1835087612,300,step_limit,0,False,null,29,188,198,300,300,drift_defense_run_R20_GRADED_1835087612_steps_attempt1.csv,drift_defense_run_R20_GRADED_1835087612_audit_attempt1.json,0
R20_GRADED_1835087613,R20,GRADED,1835087613,300,step_limit,24,True,58,53,62,260,300,300,drift_defense_run_R20_GRADED_1835087613_steps_attempt1.csv,drift_defense_run_R20_GRADED_1835087613_audit_attempt1.json,0
R20_GRADED_1835087614,R20,GRADED,1835087614,300,step_limit,17,True,58,53,57,356,300,300,drift_defense_run_R20_GRADED_1835087614_steps_attempt1.csv,drift_defense_run_R20_GRADED_1835087614_audit_attempt1.json,0
R20_GRADED_1835087615,R20,GRADED,1835087615,300,step_limit,15,True,59,54,57,340,300,300,drift_defense_run_R20_GRADED_1835087615_steps_attempt1.csv,drift_defense_run_R20_GRADED_1835087615_audit_attempt1.json,0
R20_GRADED_1835087616,R20,GRADED,1835087616,300,step_limit,9,True,60,53,55,331,300,300,drift_defense_run_R20_GRADED_1835087616_steps_attempt1.csv,drift_defense_run_R20_GRADED_1835087616_audit_attempt1.json,0
R20_GRADED_1835087617,R20,GRADED,1835087617,300,step_limit,19,True,60,55,61,261,300,300,drift_defense_run_R20_GRADED_1835087617_steps_attempt1.csv,drift_defense_run_R20_GRADED_1835087617_audit_attempt1.json,0
R20_GRADED_1835087618,R20,GRADED,1835087618,300,step_limit,9,True,61,53,55,390,300,300,drift_defense_run_R20_GRADED_1835087618_steps_attempt1.csv,drift_defense_run_R20_GRADED_1835087618_audit_attempt1.json,0
R20_GRADED_1835087619,R20,GRADED,1835087619,300,step_limit,9,True,60,52,55,379,300,300,drift_defense_run_R20_GRADED_1835087619_steps_attempt1.csv,drift_defense_run_R20_GRADED_1835087619_audit_attempt1.json,0
