arm,seed,steps_completed,end_reason,extinct,shape_fallback_increase_step_0,shape_fallback_permitted_increase_after_step_0,shape_fallback_nonpermitted_increase_count,first_fewer_than_two_novelty_vectors_step,raw_log,raw_log_sha256_lf
H,1835086199,300,step_limit,False,2,0,0,null,drift_map_run_a3_H_1835086199_steps_attempt1.csv,c7f439869d1fe3b4ec5444fefb95215768684921f8e8e5af003c4ef9ab4daec7
H,1835086200,300,step_limit,False,2,0,0,null,drift_map_run_a3_H_1835086200_steps_attempt1.csv,9f595debfec177fd9772bf6b0e6eb72db045e4b75d311cbc29cd83e4a3d1b903
H,1835086201,300,step_limit,False,2,0,0,null,drift_map_run_a3_H_1835086201_steps_attempt1.csv,c06539ef3d3a9aca157a7b450cf827dd1b0f6917558e99e431495a21baaeb223
H,1835086202,300,step_limit,False,2,0,0,null,drift_map_run_a3_H_1835086202_steps_attempt1.csv,897b6ee8bb7e2c417737bd6e2f70c8ed5911c3ef974fa91475ae8dad3f3675a5
H,1835086203,300,step_limit,False,2,0,0,null,drift_map_run_a3_H_1835086203_steps_attempt1.csv,2f618a193e700d1078966dffb3c35348bde9c2a44427dbaddc7aa8d74d6edd79
H,1835086204,300,step_limit,False,2,0,0,null,drift_map_run_a3_H_1835086204_steps_attempt1.csv,2782aabfc1406cc303b28d549ff67adf0d7ed3c8dddfe65dede01938a452c115
H,1835086205,300,step_limit,False,2,0,0,null,drift_map_run_a3_H_1835086205_steps_attempt1.csv,4e4297db012911dc9d83970806d19f416191eab69a0774ddf7c69615ec4d8480
H,1835086206,300,step_limit,False,2,0,0,null,drift_map_run_a3_H_1835086206_steps_attempt1.csv,dbca6b03fb89f199bf1fd6988ded1b9bd826862158b12f75d14aa6404d096ed8
H,1835086207,300,step_limit,False,2,0,0,null,drift_map_run_a3_H_1835086207_steps_attempt1.csv,968f2efc639401ae59a9470b78d5902f7751264d2b77789be65fba8344a6fbc2
H,1835086208,300,step_limit,False,2,0,0,null,drift_map_run_a3_H_1835086208_steps_attempt1.csv,86c9f3f2b3e42147ae65b739109cf8ad678804c6f9518fb3a4c04ce8af1b4f06
H,1835086209,300,step_limit,False,2,0,0,null,drift_map_run_a3_H_1835086209_steps_attempt1.csv,330a8df4700813beacdb0e73b7647ec6086afe0594f60e07faed3c3be637441e
H,1835086210,300,step_limit,False,2,0,0,null,drift_map_run_a3_H_1835086210_steps_attempt1.csv,b4659e3d7118c660996690cf2ebd4096cd21ce188e3819ad2a4b78ca803aa06b
H,1835086211,300,step_limit,False,2,0,0,null,drift_map_run_a3_H_1835086211_steps_attempt1.csv,3dc53760dae444ef6acc49ca1d3f74866025ee948f83f493a596ef17292b94fb
H,1835086212,300,step_limit,False,2,0,0,null,drift_map_run_a3_H_1835086212_steps_attempt1.csv,98fbe4b6c8548cdc7c70adefef4abbb7bf43f3bfbd92ccaf15b8ec9bd51dccb1
H,1835086213,300,step_limit,False,2,0,0,null,drift_map_run_a3_H_1835086213_steps_attempt1.csv,4d1ad31cf439083a8b66fa048ae687931dbf6558c993e2085ab9e9a8c27ef4ba
H,1835086214,300,step_limit,False,2,0,0,null,drift_map_run_a3_H_1835086214_steps_attempt1.csv,203df413cd9fa22bf820c3212970f04bf2c6619eb9287b61a48341e855a34a5a
H,1835086215,300,step_limit,False,2,0,0,null,drift_map_run_a3_H_1835086215_steps_attempt1.csv,d33a194e512f3be9a3587071bc9599ee2a93e93a5c01a3a4d4b33f3858fd05a8
H,1835086216,300,step_limit,False,2,0,0,null,drift_map_run_a3_H_1835086216_steps_attempt1.csv,16f0083370d25fdc2a8c8464da31f517aa01d472b269494d3de105a13debfd58
H,1835086217,300,step_limit,False,2,0,0,null,drift_map_run_a3_H_1835086217_steps_attempt1.csv,6a4251914f7a70754d31552020b1b7317397dfc3f5b7a7ef5d5ad3513cfe23f4
H,1835086218,300,step_limit,False,2,0,0,null,drift_map_run_a3_H_1835086218_steps_attempt1.csv,49d43863355cf9ab7e78a79cda2cd778ec9e4bfb04c07ca845324a07c87f4b6f
H,1835086219,300,step_limit,False,2,0,0,null,drift_map_run_a3_H_1835086219_steps_attempt1.csv,33e6d9b3e142a22fb4eff7a65406a00fe443d877d35c9c9631e5d65baa5a9923
H,1835086220,300,step_limit,False,2,0,0,null,drift_map_run_a3_H_1835086220_steps_attempt1.csv,3c69bf305fa7befe992dc29d7284c438b998230b205b7dfd65a5c3324f899d07
H,1835086221,300,step_limit,False,2,0,0,null,drift_map_run_a3_H_1835086221_steps_attempt1.csv,f4da51a7be396f94a226db4c3651df8e68e5a1d6af54b5018ac7275fc019683c
H,1835086222,300,step_limit,False,2,0,0,null,drift_map_run_a3_H_1835086222_steps_attempt1.csv,030f94503adcfaed9da951f903ea8802d3b626738a6feb7949a1a6bb07d9d568
H,1835086223,300,step_limit,False,2,0,0,null,drift_map_run_a3_H_1835086223_steps_attempt1.csv,6aacfdf6dd5158f670d8e23d8b7b0884bf970abc4ff791c33e8eebaddb2c660d
H,1835086224,300,step_limit,False,2,0,0,null,drift_map_run_a3_H_1835086224_steps_attempt1.csv,6982fb8e9e121e6c9e9cc2ff792c7324da8bcc8929d54cb95d3bea832a0e95ca
H,1835086225,300,step_limit,False,2,0,0,null,drift_map_run_a3_H_1835086225_steps_attempt1.csv,ace1f7016b6d967e9b1fa5d389bbd10a1957a2491d14860869486ebf041a334e
H,1835086226,300,step_limit,False,2,0,0,null,drift_map_run_a3_H_1835086226_steps_attempt1.csv,87716c381e564dab78a44577f73686e47e87f8c3be98ca64c8295d86d3afc93a
H,1835086227,300,step_limit,False,2,0,0,null,drift_map_run_a3_H_1835086227_steps_attempt1.csv,566bb0e50e751655b96c2d92790bf80de13affbd356885d6c4b590fdcc599a23
H,1835086228,300,step_limit,False,2,0,0,null,drift_map_run_a3_H_1835086228_steps_attempt1.csv,245e9a03e379a31e3c334dbae476f65ab08eb6e1483a89f430f1f9bb4c2adcad
H,1835086229,300,step_limit,False,2,0,0,null,drift_map_run_a3_H_1835086229_steps_attempt1.csv,1e76517648a258f37aa0d44c169b840d43b1593109af048c6fe2ee2339b9f86d
H,1835086230,300,step_limit,False,2,0,0,null,drift_map_run_a3_H_1835086230_steps_attempt1.csv,65e34f463f2b46cb2b0aab362cb4ef5406d4a72ea6dbd9361e8b524b5ba410c3
H,1835086231,300,step_limit,False,2,0,0,null,drift_map_run_a3_H_1835086231_steps_attempt1.csv,bd52abbaa1ec603a5ebad8490bed189a7001d89d8c55297687adb1bef9eafe0a
H,1835086232,300,step_limit,False,2,0,0,null,drift_map_run_a3_H_1835086232_steps_attempt1.csv,2e1ad757d112fde10d8d6f7dcd13438bb50e5c8b4abe2f1d40b6fa6dc63c8227
H,1835086233,300,step_limit,False,2,0,0,null,drift_map_run_a3_H_1835086233_steps_attempt1.csv,ceb723991218ac0d6df7e376873396cd4b3e4232ece568e83acce5e4b8417c42
H,1835086234,300,step_limit,False,2,0,0,null,drift_map_run_a3_H_1835086234_steps_attempt1.csv,ec076a5b5de00c932248b0228b15ff28cc83de361e31d448bd27f0a5cc0c9643
H,1835086235,300,step_limit,False,2,0,0,null,drift_map_run_a3_H_1835086235_steps_attempt1.csv,7debdaac0e56df7fced45f1bb9bb3a43537c3be313ab7c18c78c3f92c7ec97ec
H,1835086236,300,step_limit,False,2,0,0,null,drift_map_run_a3_H_1835086236_steps_attempt1.csv,9597be9a3e04377f93607e199ae7a7a6abeac4a96b90fd24d76facc4b462b65c
H,1835086237,300,step_limit,False,2,0,0,null,drift_map_run_a3_H_1835086237_steps_attempt1.csv,65e4e0e6d65140993906a2baf60b51710a32f70317c10ca69fa6f9f688821738
H,1835086238,300,step_limit,False,2,0,0,null,drift_map_run_a3_H_1835086238_steps_attempt1.csv,f901aa785862d52f03215c5e53ae5346ff8affbf2bb9ea01133adf3b0c66e1e6
M05,1835086199,298,extinction,True,2,1,0,297,drift_map_run_a3_M05_1835086199_steps_attempt1.csv,69ab13b416f712a85c72f5f5d36db5689ae9f41fe5e64947f77d01936de6a47f
M05,1835086200,300,step_limit,False,2,0,0,null,drift_map_run_a3_M05_1835086200_steps_attempt1.csv,a9b835ac5e02fddd2f9f6e904a39d2e01a0fe547dd2e205d5d03c63898f7e88c
M05,1835086201,300,step_limit,False,2,0,0,null,drift_map_run_a3_M05_1835086201_steps_attempt1.csv,fbd15b34598c12c876bdf1e7d01b8537cd35cfbc4409a3648a20d465da9bc3b6
M05,1835086202,300,step_limit,False,2,0,0,null,drift_map_run_a3_M05_1835086202_steps_attempt1.csv,3bcfcb15ffd9d6b0b941370c336f83108b92cf79eccf19bbae8bd828575b8fb6
M05,1835086203,300,step_limit,False,2,0,0,null,drift_map_run_a3_M05_1835086203_steps_attempt1.csv,c914c7dde3e8b07e802b6c587ec9bd68ea813839caf5f3a219468a220002dc35
M05,1835086204,300,step_limit,False,2,0,0,null,drift_map_run_a3_M05_1835086204_steps_attempt1.csv,90fc305334117d67f8149d7e55e59958432a8ce828c5f88e96af6f4ce316d6f7
M05,1835086205,295,extinction,True,2,19,0,288,drift_map_run_a3_M05_1835086205_steps_attempt1.csv,af4bd2e80723d702fe7dd8ce3a60b0ca562331f6e30df9b6d88afadfbfce10f3
M05,1835086206,300,step_limit,False,2,0,0,null,drift_map_run_a3_M05_1835086206_steps_attempt1.csv,20d09ba65ce1cce48d4dd34312262853346682272a05607590227553a5032011
M05,1835086207,300,step_limit,False,2,0,0,null,drift_map_run_a3_M05_1835086207_steps_attempt1.csv,f8f1d205095334a48830e8acfb5e53f76289e95352c63abaf59037af26a2ad46
M05,1835086208,274,extinction,True,2,22,0,266,drift_map_run_a3_M05_1835086208_steps_attempt1.csv,3f5ab38e09bd5d020a215a31440621314994b8484d64ee0ae150cd34f27661e7
M05,1835086209,300,step_limit,False,2,0,0,null,drift_map_run_a3_M05_1835086209_steps_attempt1.csv,c6dc9fc3a49a18e0cdbf5036b9309bd4d77048646d719e729f9c4dc5fbc3f553
M05,1835086210,300,step_limit,False,2,0,0,null,drift_map_run_a3_M05_1835086210_steps_attempt1.csv,3cbe26da5118e69fc849d7c8758cfcdd56eb71f200310cfe57186c18e1bee225
M05,1835086211,300,step_limit,False,2,0,0,null,drift_map_run_a3_M05_1835086211_steps_attempt1.csv,ecf75b11ae124beac6de561138e30b6b2be8502720164495c4f51853175b8412
M05,1835086212,300,step_limit,False,2,0,0,null,drift_map_run_a3_M05_1835086212_steps_attempt1.csv,177adaeed746a86786222f32ed1d4ea92bae5057335a1fbe5083a8e0cf687cd4
M05,1835086213,292,extinction,True,2,7,0,289,drift_map_run_a3_M05_1835086213_steps_attempt1.csv,2a3b8f8e1e388e89c9b235f33bfa397adff1807535a016bc77d83692efe81cfb
M05,1835086214,300,step_limit,False,2,0,0,null,drift_map_run_a3_M05_1835086214_steps_attempt1.csv,a198353db45f83671519108e0555df73273be9268e042cb9b23388717857d44f
M05,1835086215,300,step_limit,False,2,0,0,null,drift_map_run_a3_M05_1835086215_steps_attempt1.csv,575ad60d08fbfacf0d698d8063ea6d65fdc121259b9eccc398c062f3b42f607d
M05,1835086216,300,step_limit,False,2,0,0,null,drift_map_run_a3_M05_1835086216_steps_attempt1.csv,7c8ff17d363f684037640e6bbb5915006cff439d49a402023bec9076449b98d3
M05,1835086217,296,extinction,True,2,19,0,289,drift_map_run_a3_M05_1835086217_steps_attempt1.csv,2e9fa60e7a72021769c95fda5ce54e27668884c97e90bc2e544e3705cad1fb97
M05,1835086218,300,step_limit,False,2,0,0,null,drift_map_run_a3_M05_1835086218_steps_attempt1.csv,d8d43237047a67fa7ccf059dd4d1b1e8780299542589d886e590031fbf1d2492
M05,1835086219,300,step_limit,False,2,0,0,null,drift_map_run_a3_M05_1835086219_steps_attempt1.csv,3ac765223b9d20c7a56eb00a317e293295b42fef1871e78cb33163fe4fca380c
M05,1835086220,300,step_limit,False,2,0,0,null,drift_map_run_a3_M05_1835086220_steps_attempt1.csv,3283f4eb5111aae02c3d062ab7fea58b46e492e33617882734a6cab0e8328efa
M05,1835086221,300,step_limit,False,2,43,0,285,drift_map_run_a3_M05_1835086221_steps_attempt1.csv,c8f05debcd11de705399e0931668329f4a93f65e7a3117b3125d27eb681a6ba0
M05,1835086222,300,step_limit,False,2,0,0,null,drift_map_run_a3_M05_1835086222_steps_attempt1.csv,5fd55c7610c626cbe913cbe67c61fb297aefc7f7bda2a0e93aebd81ca15bbbf2
M05,1835086223,300,step_limit,False,2,0,0,null,drift_map_run_a3_M05_1835086223_steps_attempt1.csv,2a47ed49a84e872e75fecbbb787dce4b44f763416f0e23281ca5230c0773ff9b
M05,1835086224,300,step_limit,False,2,9,0,295,drift_map_run_a3_M05_1835086224_steps_attempt1.csv,efc52cd1564061f15153f326419ee48d7a0051cfd3221b0f48a601faf97fa6c6
M05,1835086225,300,step_limit,False,2,0,0,null,drift_map_run_a3_M05_1835086225_steps_attempt1.csv,fc954621bb1aee716229123cec4c0dc6cb75ce21c788dd13138f98e5da9fd3ce
M05,1835086226,300,step_limit,False,2,0,0,null,drift_map_run_a3_M05_1835086226_steps_attempt1.csv,e8c45c0243c2a218d0840a8e243fc2e0fcd56aa7ac027e8988d7f7c3b0117762
M05,1835086227,300,step_limit,False,2,0,0,null,drift_map_run_a3_M05_1835086227_steps_attempt1.csv,53ad3da02afc7214d35ef679115e5495a1432f06bc31cb9abd6c8a77f743f035
M05,1835086228,300,step_limit,False,2,0,0,null,drift_map_run_a3_M05_1835086228_steps_attempt1.csv,adbe5e0e555eaf511b8b62c5216220e5c874f1776fe0acb34da52be33464e0f8
M05,1835086229,299,extinction,True,2,7,0,296,drift_map_run_a3_M05_1835086229_steps_attempt1.csv,0fc0f5b5b060adb80339c40bde1ca6d24cfa62ffd1c6b2cd49f2ae5d7d859e26
M05,1835086230,300,step_limit,False,2,0,0,null,drift_map_run_a3_M05_1835086230_steps_attempt1.csv,d138aa2d8391f931b116777b99e4a0718020d0557134918d4d926bbe91094a6c
M05,1835086231,290,extinction,True,2,43,0,275,drift_map_run_a3_M05_1835086231_steps_attempt1.csv,4c6665f58d4d46f5aebb04931859a58aa9d416709df3cffd6be2c5e78433e5fc
M05,1835086232,300,step_limit,False,2,0,0,null,drift_map_run_a3_M05_1835086232_steps_attempt1.csv,5bcc112bdd9a753d1f8f0bc6420fb8a3db173649246b99154805b0f54f060a06
M05,1835086233,300,step_limit,False,2,0,0,null,drift_map_run_a3_M05_1835086233_steps_attempt1.csv,c9bfcce51b5368eebae4b44167849b75901e3dc48ce240c5f8f92ee89abee1ef
M05,1835086234,300,step_limit,False,2,0,0,null,drift_map_run_a3_M05_1835086234_steps_attempt1.csv,f249c0b7125adaae410a79cdd1449e593c6f1b3834ebf37ee4f9b028954ffdf0
M05,1835086235,300,step_limit,False,2,0,0,null,drift_map_run_a3_M05_1835086235_steps_attempt1.csv,dd23a04f8b9ba7b73fa843f88d8cc68466b81dc2154b8dcc804ab71c6734c39d
M05,1835086236,300,step_limit,False,2,0,0,null,drift_map_run_a3_M05_1835086236_steps_attempt1.csv,f5c27cd58ebe3ec7c9d64487aa41d86c7abfdae5bdc06340a9135abd3b1236d9
M05,1835086237,300,step_limit,False,2,7,0,297,drift_map_run_a3_M05_1835086237_steps_attempt1.csv,23f94a9c9a4c3a7354273684fd4d146559ef029c5041269c6d45db8bec44eee0
M05,1835086238,300,step_limit,False,2,0,0,null,drift_map_run_a3_M05_1835086238_steps_attempt1.csv,764a6aac7126e7cc92584e475f7fa340046aa13df925c37d38520153b7bf5ba5
M1,1835086199,280,extinction,True,2,46,0,264,drift_map_run_a3_M1_1835086199_steps_attempt1.csv,cf3d0480069e4f72cbb7023b4f93af0e1c123d52846b10af0d1f854ad0c73975
M1,1835086200,249,extinction,True,2,4,0,247,drift_map_run_a3_M1_1835086200_steps_attempt1.csv,6f84cc323c3407df429e02a48e943a8ae8774ecab40a8559711a460194478bbc
M1,1835086201,278,extinction,True,2,82,0,250,drift_map_run_a3_M1_1835086201_steps_attempt1.csv,09e26663e06af526cb87307ce86ece936041d50da933179d37fc2e566e0418f7
M1,1835086202,230,extinction,True,2,40,0,216,drift_map_run_a3_M1_1835086202_steps_attempt1.csv,525d2daaefe7957712ce61bb6539719393b4cb2d562256375c4204c58060800c
M1,1835086203,300,step_limit,False,2,0,0,null,drift_map_run_a3_M1_1835086203_steps_attempt1.csv,c19a89df69b5707b5d0b575c5905b4d722a7cb4340b6f91c825a4c92679d0910
M1,1835086204,251,extinction,True,2,37,0,227,drift_map_run_a3_M1_1835086204_steps_attempt1.csv,067bd8240b202ff0b59d74c55e87c45dd220e430bcbfd13ec57f82e111d4c9e3
M1,1835086205,262,extinction,True,2,25,0,253,drift_map_run_a3_M1_1835086205_steps_attempt1.csv,bd05053bd532f3bb1d79587922ed9e09516b366072795c841ee4657015cb1f93
M1,1835086206,228,extinction,True,2,10,0,224,drift_map_run_a3_M1_1835086206_steps_attempt1.csv,cf68ece7b47e6fa13d4d82edf547a4b742f1e24886521298307cc00fef3c84ba
M1,1835086207,289,extinction,True,2,1,0,288,drift_map_run_a3_M1_1835086207_steps_attempt1.csv,bcbb57180fc4a3c78ec3760a2bb4a2c325115f60b76a491f44f64c7cd278a708
M1,1835086208,205,extinction,True,2,7,0,202,drift_map_run_a3_M1_1835086208_steps_attempt1.csv,d1c48f5bf1bc76500c999be36cf447846cd39b9253e4fb5286524d4a6c0dbfc2
M1,1835086209,241,extinction,True,2,1,0,240,drift_map_run_a3_M1_1835086209_steps_attempt1.csv,a3e78dc868a94a76731495ab0396e45edf293c9b71a0bb78790258bc95c8c60b
M1,1835086210,292,extinction,True,2,112,0,234,drift_map_run_a3_M1_1835086210_steps_attempt1.csv,70add9100713bbdac2f1f7fcbead472f1a4edd3d5c99fc6aa909e2af7084bfd0
M1,1835086211,237,extinction,True,2,1,0,236,drift_map_run_a3_M1_1835086211_steps_attempt1.csv,cde53178bb34e94f758992824b8e9777281d2b7fc65d3b4ae6eecbaa82f40cb3
M1,1835086212,204,extinction,True,2,4,0,202,drift_map_run_a3_M1_1835086212_steps_attempt1.csv,9f77ce146143a5101c1574681083f03ec372c273d7de84244b16db9e2af159fd
M1,1835086213,260,extinction,True,2,25,0,251,drift_map_run_a3_M1_1835086213_steps_attempt1.csv,77451c6bc2d635497877b21a797d6bed6c550bf77e1da5ad9d0f90be7eefc618
M1,1835086214,256,extinction,True,2,61,0,235,drift_map_run_a3_M1_1835086214_steps_attempt1.csv,b7496c1dcbc8206c8b2f1f9cad8adadcafbab3c9283cf04ba12e6281eb18d6b0
M1,1835086215,283,extinction,True,2,55,0,264,drift_map_run_a3_M1_1835086215_steps_attempt1.csv,20b68789f40adb16f2908e82a42b8150a3ecfbd22774876f1eccf0aef224812a
M1,1835086216,243,extinction,True,2,13,0,238,drift_map_run_a3_M1_1835086216_steps_attempt1.csv,227b5281a2e59a3c3e041c0d5a07e3ab2e05acc6d12cb8be8c148b13775a28e2
M1,1835086217,219,extinction,True,2,1,0,218,drift_map_run_a3_M1_1835086217_steps_attempt1.csv,85f0dd659c551596a3da9a4cdafdd58f837a17b5a12b75b69681d0449883a9a2
M1,1835086218,246,extinction,True,2,7,0,243,drift_map_run_a3_M1_1835086218_steps_attempt1.csv,273cd0bbde1f615d231489c7c8702052cfda07cad29b6f7c3b6850257fe03965
M1,1835086219,274,extinction,True,2,46,0,258,drift_map_run_a3_M1_1835086219_steps_attempt1.csv,93a098a287f280ce1763b053fa1ae87500443224b6e0b22d995252c9f9815e5e
M1,1835086220,238,extinction,True,2,0,0,null,drift_map_run_a3_M1_1835086220_steps_attempt1.csv,cc3ca676f4a93074a633be99f5946eb8ed09fbe46315ea3b9a41a27ed5971f47
M1,1835086221,249,extinction,True,2,25,0,240,drift_map_run_a3_M1_1835086221_steps_attempt1.csv,8e28e3897e3fb8c14592057fbf6544e55e89a0e1fd4129dfff095e9998d3fa9a
M1,1835086222,258,extinction,True,2,34,0,246,drift_map_run_a3_M1_1835086222_steps_attempt1.csv,d4a3052c3994d821c41fe8b07921d5ee5f6114a42d9f94516b305547184c5868
M1,1835086223,225,extinction,True,2,19,0,218,drift_map_run_a3_M1_1835086223_steps_attempt1.csv,fb134969917320eddf48672e5f6c8d2d48399e49d6c615ea8ecc9331a1629168
M1,1835086224,300,step_limit,False,2,34,0,288,drift_map_run_a3_M1_1835086224_steps_attempt1.csv,5ed1af1eeaab853a5c8198d2c066c7ad91c432bcbd7b7c114e0b3b2173809f03
M1,1835086225,273,extinction,True,2,118,0,218,drift_map_run_a3_M1_1835086225_steps_attempt1.csv,9971dad77ee714dc1428971661443c240b9e2b9005ed554961012605e326ddd2
M1,1835086226,234,extinction,True,2,31,0,223,drift_map_run_a3_M1_1835086226_steps_attempt1.csv,8ae34199bec98aa27dbfd52dce408b7e6ac25404409486dd1dfb5291865cc2e8
M1,1835086227,284,extinction,True,2,49,0,267,drift_map_run_a3_M1_1835086227_steps_attempt1.csv,aab146db2818e9e3f7c5a4b056a0e5711fd12e81e4d4aef10c6df0aa7c939e38
M1,1835086228,261,extinction,True,2,0,0,null,drift_map_run_a3_M1_1835086228_steps_attempt1.csv,426affa16b69e32ccfb30b75c842523f36e8e26eed14c141d558d4a191151432
M1,1835086229,219,extinction,True,2,19,0,212,drift_map_run_a3_M1_1835086229_steps_attempt1.csv,fa22ebc4c41aa6f104d02088bdd57f0eef436ef96742ccb0107d69bfcb310f22
M1,1835086230,209,extinction,True,2,0,0,null,drift_map_run_a3_M1_1835086230_steps_attempt1.csv,afeae8859f8b068137a354cff95b34b771f142e7ec96f4738969aaca2e30bdaa
M1,1835086231,238,extinction,True,2,40,0,224,drift_map_run_a3_M1_1835086231_steps_attempt1.csv,604bcfedf20e963fa4dcc52e73c9783a073423330eca314e4b04afb572e87ac4
M1,1835086232,234,extinction,True,2,0,0,null,drift_map_run_a3_M1_1835086232_steps_attempt1.csv,5974824c17c5d26042f8eb55bbc3ae975ca9e04f590fd25e7778cbb9faf360ca
M1,1835086233,281,extinction,True,2,31,0,270,drift_map_run_a3_M1_1835086233_steps_attempt1.csv,bc18c33f5e83fce1a62154d0b082cc092cc3b7eb748920824e154f9d6a5a90bd
M1,1835086234,244,extinction,True,2,43,0,229,drift_map_run_a3_M1_1835086234_steps_attempt1.csv,6071a05e3518d77452ef04ff0b6b5a6dfd42ed0e742edeb3780b27082db746eb
M1,1835086235,220,extinction,True,2,7,0,217,drift_map_run_a3_M1_1835086235_steps_attempt1.csv,c5cce81607b85834229ce85c6657804ba6c71c0f3ab680f7a0527f05efa529c2
M1,1835086236,222,extinction,True,2,10,0,218,drift_map_run_a3_M1_1835086236_steps_attempt1.csv,08367e0261cdfd2cdefc851890ac66c01ded8f61bd21498427dadbc6caf394e3
M1,1835086237,242,extinction,True,2,76,0,216,drift_map_run_a3_M1_1835086237_steps_attempt1.csv,3a64f2f22c6fb57c1aeda282f393df4df653703baa03fd8ed9b404eb4bdda0ac
M1,1835086238,279,extinction,True,2,79,0,238,drift_map_run_a3_M1_1835086238_steps_attempt1.csv,14fcc72ddbed654d5b27bc0984d8ffcf56984950c829c4e7615786b553374661
M2,1835086199,190,extinction,True,2,19,0,183,drift_map_run_a3_M2_1835086199_steps_attempt1.csv,00b3042bdc4ccdd25ef36a8de24c375b5038de5c4851705b3b7e8394e7033cac
M2,1835086200,260,extinction,True,2,16,0,254,drift_map_run_a3_M2_1835086200_steps_attempt1.csv,8f5e5d6a96a6bd14e355787af46ba361516ad599e7a1c97001dbddc797f73913
M2,1835086201,181,extinction,True,2,46,0,165,drift_map_run_a3_M2_1835086201_steps_attempt1.csv,414a77c9d3663571a1f08a48041888ef2d7c3a542bfbf0bba618ed74f4110361
M2,1835086202,199,extinction,True,2,13,0,194,drift_map_run_a3_M2_1835086202_steps_attempt1.csv,ed4905fa97ac3a936d9b4346480ea514d4bb30fb727fc0d75041d28c3df984f6
M2,1835086203,175,extinction,True,2,31,0,164,drift_map_run_a3_M2_1835086203_steps_attempt1.csv,361ab16a276e37361fa09e51499d79aeaf71e8e519973ada8092388590dd22af
M2,1835086204,232,extinction,True,2,16,0,226,drift_map_run_a3_M2_1835086204_steps_attempt1.csv,96f2d8bfd132522c620a2d05f4c1c3121c786f4159a2d0396ae9c48d2bc1cd4b
M2,1835086205,229,extinction,True,2,109,0,192,drift_map_run_a3_M2_1835086205_steps_attempt1.csv,2f800739bba19991be4281b96a24f2558ef305b1f3d264009c807c2276896636
M2,1835086206,192,extinction,True,2,37,0,179,drift_map_run_a3_M2_1835086206_steps_attempt1.csv,9749b3cc21dfcea5be8d2871b269e08462388d1c2ab4ab3f19bb8b7f3202dd71
M2,1835086207,215,extinction,True,2,64,0,193,drift_map_run_a3_M2_1835086207_steps_attempt1.csv,56fce6f14c36cb2c79179d8ff68252833db2d0479099d34b850a9292266fabb8
M2,1835086208,225,extinction,True,2,124,0,181,drift_map_run_a3_M2_1835086208_steps_attempt1.csv,d8fc34ed5470b60c81fbd1b017bcc9ba940ebff3ff9ac571e5a05dc007827751
M2,1835086209,180,extinction,True,2,1,0,179,drift_map_run_a3_M2_1835086209_steps_attempt1.csv,b659ee58240856402c5d2de5135f0f8d1cd3f78f7171e97c72f2528bc9950828
M2,1835086210,185,extinction,True,2,19,0,178,drift_map_run_a3_M2_1835086210_steps_attempt1.csv,eedef326a2d54d9079c74d86f83a482e0647a9a544b585b28ad6d44e89b98dae
M2,1835086211,249,extinction,True,2,19,0,242,drift_map_run_a3_M2_1835086211_steps_attempt1.csv,9b8195f8f2d4a9490d6a9c8510987b4f80b2d5600ff7bec326732aa545d1e0f8
M2,1835086212,236,extinction,True,2,124,0,194,drift_map_run_a3_M2_1835086212_steps_attempt1.csv,a6565f9fa04f0c3bdabe2c6e844a87b46639ca38ff5d8c0c21861be433bc5d74
M2,1835086213,200,extinction,True,2,64,0,178,drift_map_run_a3_M2_1835086213_steps_attempt1.csv,5231afcf464584579d304f65fd4870add57b4c0a4b95dc0c21ca6319bdfc5d89
M2,1835086214,242,extinction,True,2,34,0,230,drift_map_run_a3_M2_1835086214_steps_attempt1.csv,a75807cdeff8adfe0a26e6082464efcb28b514ee1c18ffb45fee9a67b22f6642
M2,1835086215,247,extinction,True,2,40,0,233,drift_map_run_a3_M2_1835086215_steps_attempt1.csv,5dc724fa4cbe3f70324ab2fb3062bab83d84293c0098d1f6a9184785a59a3cee
M2,1835086216,190,extinction,True,2,13,0,185,drift_map_run_a3_M2_1835086216_steps_attempt1.csv,8496df08ef1354364cc6a3449ad0bb38b5c738857f0412beeb080fe663baf1d9
M2,1835086217,230,extinction,True,2,34,0,218,drift_map_run_a3_M2_1835086217_steps_attempt1.csv,103f399ca4ccaa0bc8933a8c5639c90936fd1644d3c93d01414dee2693ae2f36
M2,1835086218,229,extinction,True,2,31,0,210,drift_map_run_a3_M2_1835086218_steps_attempt1.csv,e87232e8c8e0704ea675f9dda536c629f91aec8855e9f59ff9de3659cc4a2f80
M2,1835086219,188,extinction,True,2,16,0,182,drift_map_run_a3_M2_1835086219_steps_attempt1.csv,767204540a520fd80e6482eeb19e0e8aa1feef7ea7965d57c15c18817007279e
M2,1835086220,209,extinction,True,2,28,0,199,drift_map_run_a3_M2_1835086220_steps_attempt1.csv,d799c70f14b43bef5dd85cd7b38592656bfce0ec6889e6d5c9ebcad99c07ad33
M2,1835086221,191,extinction,True,2,13,0,182,drift_map_run_a3_M2_1835086221_steps_attempt1.csv,160256426e4c8b9e8562b05975cddf81f635b16afd387f0ecd61383552c342c3
M2,1835086222,232,extinction,True,2,19,0,225,drift_map_run_a3_M2_1835086222_steps_attempt1.csv,eacc0631afb466213670d68cdd1632f4907248a3c0ad56216ea6529b1669444d
M2,1835086223,221,extinction,True,2,40,0,207,drift_map_run_a3_M2_1835086223_steps_attempt1.csv,5dc2d8eb452c019dca17b3f955af42237486bf2e14f2c489a190dcffe99e41cc
M2,1835086224,227,extinction,True,2,70,0,203,drift_map_run_a3_M2_1835086224_steps_attempt1.csv,d269b2fd0f1f9a2c9e8ca5554f3d9db407aef67d87e2d9d6405ec014372512ee
M2,1835086225,187,extinction,True,2,7,0,184,drift_map_run_a3_M2_1835086225_steps_attempt1.csv,2dd62b52071ff5211e8c4ab40011daa309776fd52bf6c98378191ad74aa0c0da
M2,1835086226,223,extinction,True,2,19,0,216,drift_map_run_a3_M2_1835086226_steps_attempt1.csv,b768b0db4bbd2eb8a3cecbb9149b3267159186e8665f15d210c85405e87aa5b4
M2,1835086227,222,extinction,True,2,37,0,209,drift_map_run_a3_M2_1835086227_steps_attempt1.csv,7b5ca2de5c95cfb47a7134a509f707c46404e6f5d5c70603b6552e0a135e0c23
M2,1835086228,200,extinction,True,2,43,0,185,drift_map_run_a3_M2_1835086228_steps_attempt1.csv,6a2d56fea9ec7ee34c3b30978f50688e22b7ce8825c60dceeae384b76d3edd00
M2,1835086229,264,extinction,True,2,46,0,248,drift_map_run_a3_M2_1835086229_steps_attempt1.csv,3b97449773114c8339baae327abcd204547bc0d83e9dd1362b06026f1bb53586
M2,1835086230,253,extinction,True,2,169,0,183,drift_map_run_a3_M2_1835086230_steps_attempt1.csv,4a292b9ca5893ab714b7c3c84fe539f3be7ba59d7fa3ae98e35248c9dbc63136
M2,1835086231,220,extinction,True,2,43,0,205,drift_map_run_a3_M2_1835086231_steps_attempt1.csv,3c7907465b66bdce1f3cb0645bcc6604bb500168d699bb5214afee8bc3ab5dd2
M2,1835086232,219,extinction,True,2,67,0,196,drift_map_run_a3_M2_1835086232_steps_attempt1.csv,8f1500d8a1c8997b78aba68345409f7cc0f2d8ddb0e47410fae393a03c90f953
M2,1835086233,232,extinction,True,2,40,0,218,drift_map_run_a3_M2_1835086233_steps_attempt1.csv,629e0d644ae2ed2125e2a6136fce0619ed5f5fd8417381bb31403b6c8effce55
M2,1835086234,187,extinction,True,2,67,0,164,drift_map_run_a3_M2_1835086234_steps_attempt1.csv,46afde94190c700bb8df669f6ab3d237a25f74e7e6e0b220f587167df6bc36a8
M2,1835086235,194,extinction,True,2,7,0,191,drift_map_run_a3_M2_1835086235_steps_attempt1.csv,d2ad1cf1b39eb36def96545a022b061b3a801af8068caacb214001097961c059
M2,1835086236,235,extinction,True,2,67,0,212,drift_map_run_a3_M2_1835086236_steps_attempt1.csv,8e7db08615b905256e26a66e9fdf296d86d411e4b15cc2450b62be53ae0b6a20
M2,1835086237,207,extinction,True,2,16,0,201,drift_map_run_a3_M2_1835086237_steps_attempt1.csv,aa4f06a68a09e5b0d875c75e70d3826bda3054bebf547d265b580e3f4b0dd319
M2,1835086238,231,extinction,True,2,25,0,222,drift_map_run_a3_M2_1835086238_steps_attempt1.csv,b7bd379f6af6b5b7d0ae45c81410082d218cef8aa12768f68e1750a7dd78e6a4
M4,1835086199,194,extinction,True,2,25,0,185,drift_map_run_a3_M4_1835086199_steps_attempt1.csv,79e1f4680a05304b8e435859c4b93b595e4e6f8f8f4d13e1e33bd8607827de9e
M4,1835086200,179,extinction,True,2,28,0,169,drift_map_run_a3_M4_1835086200_steps_attempt1.csv,f23534ab9f4dfe0a40fb41b382c967a006b705226ca55a9cfc9adf2abc208835
M4,1835086201,221,extinction,True,2,25,0,212,drift_map_run_a3_M4_1835086201_steps_attempt1.csv,ebbfa234b0023fcf62d91c27872c0e4faaac092febe13ff5d887fdb612bd3de1
M4,1835086202,149,extinction,True,2,13,0,144,drift_map_run_a3_M4_1835086202_steps_attempt1.csv,3f0876a61acbf95da62d95267a536e751c729e5ec4dcdda8ef8ef66487dc144f
M4,1835086203,185,extinction,True,2,112,0,147,drift_map_run_a3_M4_1835086203_steps_attempt1.csv,dd99cc161909aad8a657dab12621be1563776a1e5be1191170cd67e8ca1355d0
M4,1835086204,169,extinction,True,2,0,0,null,drift_map_run_a3_M4_1835086204_steps_attempt1.csv,e0cd7990dbb728d65f1dd0769d9b59ac2da818c0ad921ea7574f0a9be01f875f
M4,1835086205,140,extinction,True,2,4,0,138,drift_map_run_a3_M4_1835086205_steps_attempt1.csv,b8c7c38c04595eb4ffa15a6ee89f45fdd09a820380bdf5c5b4c97c9eaa4daf63
M4,1835086206,230,extinction,True,2,4,0,228,drift_map_run_a3_M4_1835086206_steps_attempt1.csv,35ba90c39704e6438ae43132de12332fb6f385cbd2b77c0c2801682e9ed4477a
M4,1835086207,184,extinction,True,2,91,0,141,drift_map_run_a3_M4_1835086207_steps_attempt1.csv,983f70e22eabd998914809fd7ce61ab1d2113fbe71f88fcb5c8a39d8f2c723fe
M4,1835086208,271,extinction,True,2,22,0,263,drift_map_run_a3_M4_1835086208_steps_attempt1.csv,07a8954fb1c1fc672e48e005325fa4c8a46bbf3f60c9309cadeb4e2d350b855b
M4,1835086209,179,extinction,True,2,7,0,176,drift_map_run_a3_M4_1835086209_steps_attempt1.csv,c674d029afe9cb90181354b3f7a1f530ef950975e1c5c542f6f8aeaf8bd47fd2
M4,1835086210,259,extinction,True,2,22,0,232,drift_map_run_a3_M4_1835086210_steps_attempt1.csv,ab8212703437d466942fb99f785ce1961c31f2d52fd48651fa4207e91422858f
M4,1835086211,189,extinction,True,2,13,0,184,drift_map_run_a3_M4_1835086211_steps_attempt1.csv,400a5fce9685a0bf8645e015ab3b7167d51f3b5dd188450becce71fd0300b11d
M4,1835086212,224,extinction,True,2,31,0,213,drift_map_run_a3_M4_1835086212_steps_attempt1.csv,cbbffe38924b0a8d82d318350632be7884a19add60c1a253eb3a7f097081a35f
M4,1835086213,199,extinction,True,2,37,0,186,drift_map_run_a3_M4_1835086213_steps_attempt1.csv,eaed19c3455fddb7803e4951673fbf83dcdee1e7f65a2d5dfc695ef20a5e3fbc
M4,1835086214,189,extinction,True,2,73,0,164,drift_map_run_a3_M4_1835086214_steps_attempt1.csv,1b73ab08297730e370e2880583ca455b2967d3d84c96751cf0f3aade410e351b
M4,1835086215,209,extinction,True,2,22,0,201,drift_map_run_a3_M4_1835086215_steps_attempt1.csv,6183afc6f11842d40f3206e706f8253bf28aa15bcd6df0460cc1a877f236f09b
M4,1835086216,186,extinction,True,2,49,0,169,drift_map_run_a3_M4_1835086216_steps_attempt1.csv,6f2780b7200cf1571033c74586d224beff0a63ea648785bdd1439bc0940b20bd
M4,1835086217,194,extinction,True,2,1,0,193,drift_map_run_a3_M4_1835086217_steps_attempt1.csv,6e1dd42f0b5a82f13dda5aa9e5857923d4c03ddd863bccb4be1d01ddd688e76c
M4,1835086218,200,extinction,True,2,4,0,198,drift_map_run_a3_M4_1835086218_steps_attempt1.csv,cfee17494826d4398527d9b9d6aec07669dd76cd76ee89ae7dfb3e5a27c866e9
M4,1835086219,198,extinction,True,2,58,0,177,drift_map_run_a3_M4_1835086219_steps_attempt1.csv,f65037f7f3b806fa436fe3a2711dfa90ca6dcc44cb2815258389ffc301b9c229
M4,1835086220,229,extinction,True,2,22,0,221,drift_map_run_a3_M4_1835086220_steps_attempt1.csv,a7975b75a15311c8046da0441823fff09fef149afd9baf2e33624cea3bd6d696
M4,1835086221,208,extinction,True,2,31,0,197,drift_map_run_a3_M4_1835086221_steps_attempt1.csv,eafbbcd47bbd8e6e7f173bd0707ed7890edaf30039ec9a564e3de409104c033d
M4,1835086222,264,extinction,True,2,52,0,210,drift_map_run_a3_M4_1835086222_steps_attempt1.csv,7739f779a01ab00326f4eeab845295d720bb9c27d8594bb88c7722501779953a
M4,1835086223,171,extinction,True,2,4,0,169,drift_map_run_a3_M4_1835086223_steps_attempt1.csv,ca3a89e17a268ac6ccafb0f841ed04bffa3b213d3e68039b39012b009772db01
M4,1835086224,266,extinction,True,2,49,0,249,drift_map_run_a3_M4_1835086224_steps_attempt1.csv,ebf2858fb8a403350a654f0ef88e7d26c21876d6618d8b830425f5d4133a885f
M4,1835086225,202,extinction,True,2,43,0,187,drift_map_run_a3_M4_1835086225_steps_attempt1.csv,597e4b558e1d51c4f9fe2b80f8322fd030980affdd8d9d9567d21c7647b3285c
M4,1835086226,244,extinction,True,2,28,0,220,drift_map_run_a3_M4_1835086226_steps_attempt1.csv,fa3b5a48ab431143cafff71972dfd94c3b05099425a221ac2b0b1c5011d23300
M4,1835086227,155,extinction,True,2,16,0,149,drift_map_run_a3_M4_1835086227_steps_attempt1.csv,18ac600083fbf9b31a1b6b8d5122fbe858360d13897151412cc700fd79c6812d
M4,1835086228,222,extinction,True,2,55,0,203,drift_map_run_a3_M4_1835086228_steps_attempt1.csv,51d35bb4bf5ab587fa6cca7a68a40e2fb0a8ea47ade5dbda5eb2f199606a0c80
M4,1835086229,156,extinction,True,2,1,0,155,drift_map_run_a3_M4_1835086229_steps_attempt1.csv,6ad997d93ace2246e073566da1fce3d25ce5ce7039c0bf17d34ad364ee7096f1
M4,1835086230,234,extinction,True,2,67,0,211,drift_map_run_a3_M4_1835086230_steps_attempt1.csv,8646c732e1d46fe43bbcbe07f3fbe9dd2ec167ea4ae308d1e2e45f885d4c4dbb
M4,1835086231,131,extinction,True,2,1,0,130,drift_map_run_a3_M4_1835086231_steps_attempt1.csv,80b43206da203844a9bab2a382f0e9403844afbc8e09fcc44a68dbb2f0821155
M4,1835086232,202,extinction,True,2,61,0,181,drift_map_run_a3_M4_1835086232_steps_attempt1.csv,903a4655ebc153e3218b872a57747e551850352432bec22572f9f3db99c0275d
M4,1835086233,176,extinction,True,2,58,0,156,drift_map_run_a3_M4_1835086233_steps_attempt1.csv,501be6dac05f241dcfd933b6f914d73cd3813a3afa4c3100bc265dbaafac3e88
M4,1835086234,236,extinction,True,2,25,0,227,drift_map_run_a3_M4_1835086234_steps_attempt1.csv,2f25d4fbb4ef0f189ac90a894a11bc47733ad02b8b7718ef7d543b3dc5725596
M4,1835086235,183,extinction,True,2,19,0,176,drift_map_run_a3_M4_1835086235_steps_attempt1.csv,f766b3b698782ab8491df55104e1e8da53eefc18724680d7b6eee6948941c9fd
M4,1835086236,205,extinction,True,2,10,0,201,drift_map_run_a3_M4_1835086236_steps_attempt1.csv,017f1ea222a4114f1014f6c83ab385a3f3a546b5ade4210a87967efba91761c3
M4,1835086237,194,extinction,True,2,46,0,178,drift_map_run_a3_M4_1835086237_steps_attempt1.csv,fcf298346bb88983bd9d6ac47e4daccec4a2f92d435b41424e9a879c849b7fb2
M4,1835086238,174,extinction,True,2,10,0,170,drift_map_run_a3_M4_1835086238_steps_attempt1.csv,00faccdaf48c6aa4d2e366c2368c1adc07f48e7156f61c52d82557d397b118f6
R02,1835086199,300,step_limit,False,2,0,0,null,drift_map_run_a3_R02_1835086199_steps_attempt1.csv,8b292bfe68a6c373bab89c9a2ca175b330c5d2b759e7019121a14b776272fa58
R02,1835086200,300,step_limit,False,2,0,0,null,drift_map_run_a3_R02_1835086200_steps_attempt1.csv,0bfb021f7c069444e2d552d6092c43ebbfc79ded82bb4c97b9e48b8abf78055a
R02,1835086201,300,step_limit,False,2,0,0,null,drift_map_run_a3_R02_1835086201_steps_attempt1.csv,044bd86814f69a218313a583c662b3dbdc847d9a76c81310b33aa5a180e6f9a1
R02,1835086202,300,step_limit,False,2,0,0,null,drift_map_run_a3_R02_1835086202_steps_attempt1.csv,4550107b071ad8b06be22631d6af73ff7dea46b6cd43ebd41f931086f7a889ab
R02,1835086203,300,step_limit,False,2,0,0,null,drift_map_run_a3_R02_1835086203_steps_attempt1.csv,d6732d49099fa2f077ed1b9979ba2cbbeeae1210d7421d5bd314022b10219af8
R02,1835086204,300,step_limit,False,2,0,0,null,drift_map_run_a3_R02_1835086204_steps_attempt1.csv,bfbb6c1bcfdf3e5d4f27c4ef0d911b5e3cb30d81cadad5a19c46a4a02d5df273
R02,1835086205,300,step_limit,False,2,0,0,null,drift_map_run_a3_R02_1835086205_steps_attempt1.csv,a5202ec24afeeb8a9375efe64da078f7ba3bd530fe69b6f3e6fc66e126b827db
R02,1835086206,300,step_limit,False,2,0,0,null,drift_map_run_a3_R02_1835086206_steps_attempt1.csv,90e0599a93df477fcb478ab3c9fc98076fc0ddb9c4f7e09a74efcb8084253194
R02,1835086207,300,step_limit,False,2,0,0,null,drift_map_run_a3_R02_1835086207_steps_attempt1.csv,e79c5dded0514d81bb228d70e7b91fe9d9ad458d3874d50a6eaec961066ecb65
R02,1835086208,300,step_limit,False,2,0,0,null,drift_map_run_a3_R02_1835086208_steps_attempt1.csv,7048c912b3b8da5d0d61acfdf280129aeb8d5f8d120403809687678f6d420290
R02,1835086209,300,step_limit,False,2,0,0,null,drift_map_run_a3_R02_1835086209_steps_attempt1.csv,8bd6156a71c29d50196e948c920e4df86f4547f1a8bf051bb41e6d3b74f4e9cd
R02,1835086210,300,step_limit,False,2,0,0,null,drift_map_run_a3_R02_1835086210_steps_attempt1.csv,ef6b5d2edb1b14c6e5463cfab0032b933ebc4b2ca8d99113cb6cc3c8aac6f7c8
R02,1835086211,300,step_limit,False,2,0,0,null,drift_map_run_a3_R02_1835086211_steps_attempt1.csv,a01ecf8e27a0207da10779696e6738cef9fb8d85d3478b1b8933cda4f72726e1
R02,1835086212,300,step_limit,False,2,0,0,null,drift_map_run_a3_R02_1835086212_steps_attempt1.csv,0ed5912a9ea2b69a0e5092582f9bfb9e8cc9bcbf03216ec7f1ecc5517fcb7921
R02,1835086213,300,step_limit,False,2,0,0,null,drift_map_run_a3_R02_1835086213_steps_attempt1.csv,ff3ad1596b754363cb93f000197af5f0eb909cf6c52acf98982f444c7a5b9f28
R02,1835086214,300,step_limit,False,2,0,0,null,drift_map_run_a3_R02_1835086214_steps_attempt1.csv,3aa941af09cb9f2c361149649842c39cbed08d4bdc94dd23dc4033791bf0cba2
R02,1835086215,300,step_limit,False,2,0,0,null,drift_map_run_a3_R02_1835086215_steps_attempt1.csv,58bfdc78e4d3f0cfbf774f6fd713e6c27fea623d61abecc6610f05555dade1d5
R02,1835086216,300,step_limit,False,2,0,0,null,drift_map_run_a3_R02_1835086216_steps_attempt1.csv,55532c8259f96abce8e0a24a2aa9f53d374529469562f0d6a172224a4c2f8375
R02,1835086217,300,step_limit,False,2,0,0,null,drift_map_run_a3_R02_1835086217_steps_attempt1.csv,33c8b1a59b9f03b1db0ed150477c4b0319d55d61168301a5242a3a27193b085c
R02,1835086218,300,step_limit,False,2,0,0,null,drift_map_run_a3_R02_1835086218_steps_attempt1.csv,11e1a758d6600b051fb8e929945dd1263718d94d5a63b41749b33eff3a2d98f9
R02,1835086219,300,step_limit,False,2,0,0,null,drift_map_run_a3_R02_1835086219_steps_attempt1.csv,83a3a2a9f5fd07bfc13c890ec3aaa074f9f915ab5bd31431d0412121e87b9571
R02,1835086220,300,step_limit,False,2,0,0,null,drift_map_run_a3_R02_1835086220_steps_attempt1.csv,28e1dd2f8a33c0f3bb43b42def097166b5b66e01c8013da04b0c802a83b9982e
R02,1835086221,300,step_limit,False,2,0,0,null,drift_map_run_a3_R02_1835086221_steps_attempt1.csv,655948abb6899faf2cb99c065b9f739d65fb526431962ac03047348f1e081672
R02,1835086222,300,step_limit,False,2,0,0,null,drift_map_run_a3_R02_1835086222_steps_attempt1.csv,4b2fe297a4851ac56243f9f26309b01478539bbdb0c654ed9a45f80ac92aef42
R02,1835086223,300,step_limit,False,2,0,0,null,drift_map_run_a3_R02_1835086223_steps_attempt1.csv,414b7e888983a15c55afb18f8bcd714bf11b89dd29c31f8f2383860ff6f85d82
R02,1835086224,300,step_limit,False,2,0,0,null,drift_map_run_a3_R02_1835086224_steps_attempt1.csv,02573ffa8cfa2d0d4c44f3a0c1fb94f7eb829a7ed48a23b00a8a6e7a08d9fc2b
R02,1835086225,300,step_limit,False,2,0,0,null,drift_map_run_a3_R02_1835086225_steps_attempt1.csv,3ba0df1324a61860c9de81c251c33a827645babe610b3b62ad031af1cc7871e3
R02,1835086226,300,step_limit,False,2,0,0,null,drift_map_run_a3_R02_1835086226_steps_attempt1.csv,93b6f7c8ccc7f50a0dcccf2c792f7bd2b2141bfbfd3ffd017cb8fd0d6d7e35d3
R02,1835086227,300,step_limit,False,2,0,0,null,drift_map_run_a3_R02_1835086227_steps_attempt1.csv,517a0a16dabc74bef791a079321cac991199fab9fbac08f4fb10e87967ca59e8
R02,1835086228,300,step_limit,False,2,0,0,null,drift_map_run_a3_R02_1835086228_steps_attempt1.csv,9d24d872456f898c75bd0c85a34c31314b460e2c88e55ab2e699011f62c55b99
R02,1835086229,300,step_limit,False,2,0,0,null,drift_map_run_a3_R02_1835086229_steps_attempt1.csv,7a1e007d89aee000a64b59def3699f61513c826ef6a08d3053e9ddaca9195809
R02,1835086230,300,step_limit,False,2,0,0,null,drift_map_run_a3_R02_1835086230_steps_attempt1.csv,5726a174266b005bc35837102460f0198dc990dba5fb27eb0aae7569d7e845f3
R02,1835086231,300,step_limit,False,2,0,0,null,drift_map_run_a3_R02_1835086231_steps_attempt1.csv,49e1f68e6a52f727880b14aee00fb9c156e80a7edbcb413fd3bb912a3a6e06eb
R02,1835086232,300,step_limit,False,2,0,0,null,drift_map_run_a3_R02_1835086232_steps_attempt1.csv,87f8c53fb1b5f16afed1412df1c0c5e2d898a85402331ffdc0432ffd9c3235a6
R02,1835086233,300,step_limit,False,2,0,0,null,drift_map_run_a3_R02_1835086233_steps_attempt1.csv,4d24d26d115cc0bdbc14a5928198eec27eaba13231ae867ea8dd1830383183ff
R02,1835086234,300,step_limit,False,2,0,0,null,drift_map_run_a3_R02_1835086234_steps_attempt1.csv,189278068df1910e0d15bd5573c2b716cd52195890189a37a4b0b08ba4941ad3
R02,1835086235,300,step_limit,False,2,0,0,null,drift_map_run_a3_R02_1835086235_steps_attempt1.csv,2e8e5a8a5570a7ac662af9b88217d97af29707fceaf083eda334a0a6f88f7988
R02,1835086236,300,step_limit,False,2,0,0,null,drift_map_run_a3_R02_1835086236_steps_attempt1.csv,b4744387a2280ddd5d8d61b170d36ea97adaed5d1d02b6793af8a63f05735c10
R02,1835086237,300,step_limit,False,2,0,0,null,drift_map_run_a3_R02_1835086237_steps_attempt1.csv,eb78308d5d86f397c8c93c7674850443a3f558795605d5e20aef81bd6ec0e518
R02,1835086238,300,step_limit,False,2,0,0,null,drift_map_run_a3_R02_1835086238_steps_attempt1.csv,cfcad56f86e9c2f3011cc7bc19dfb609bb979418bbea1e1a68ab633cad1bf2ed
R05,1835086199,300,step_limit,False,2,0,0,null,drift_map_run_a3_R05_1835086199_steps_attempt1.csv,a3de831c49c7403afb1d2f6802fed72cc3b42938baa23d87b4a77d7fdab5b54a
R05,1835086200,300,step_limit,False,2,0,0,null,drift_map_run_a3_R05_1835086200_steps_attempt1.csv,356c649a6bdbb943ca9639b4b4c0552e6679fd8301353281e47f4fdc59c1bb5c
R05,1835086201,300,step_limit,False,2,0,0,null,drift_map_run_a3_R05_1835086201_steps_attempt1.csv,578322a6a8d76cb1a62987a0075ff525885617bff74fedfe7cd6d4b71dacfd92
R05,1835086202,300,step_limit,False,2,0,0,null,drift_map_run_a3_R05_1835086202_steps_attempt1.csv,15356c96bdeab38756245182de8ac37ef5566bcc9dd8beb49f9c9db3c4eba605
R05,1835086203,300,step_limit,False,2,0,0,null,drift_map_run_a3_R05_1835086203_steps_attempt1.csv,44ab19128288b03b6c593dd2b5c8990edab37cc6508df6e63171a33cd477616b
R05,1835086204,300,step_limit,False,2,0,0,null,drift_map_run_a3_R05_1835086204_steps_attempt1.csv,5fc35eb6f297cef2b24ee049a29e42143ccfea81a42abbd12959195d1e265898
R05,1835086205,300,step_limit,False,2,0,0,null,drift_map_run_a3_R05_1835086205_steps_attempt1.csv,7d7cee831c708101a3ea8e4d2740683c007e5d0f2a952f2fbc13cd3f867bfd10
R05,1835086206,300,step_limit,False,2,0,0,null,drift_map_run_a3_R05_1835086206_steps_attempt1.csv,4353f902b887fbc532a2cf67557ce6440a273af4eaf77338fe98627c5c97ac26
R05,1835086207,300,step_limit,False,2,0,0,null,drift_map_run_a3_R05_1835086207_steps_attempt1.csv,e3992452601439bc65db8302bb9f6e52688d62c8a6fd8488810fd463172f08f1
R05,1835086208,300,step_limit,False,2,0,0,null,drift_map_run_a3_R05_1835086208_steps_attempt1.csv,093acf2046932667b65a219bcbf158bdd51c7da37af30b3577b219369f53fde5
R05,1835086209,300,step_limit,False,2,0,0,null,drift_map_run_a3_R05_1835086209_steps_attempt1.csv,0fe3eeba2daacbb23acb88fc61398b380b934892d4c8acd7dbce46c72e30a7da
R05,1835086210,300,step_limit,False,2,0,0,null,drift_map_run_a3_R05_1835086210_steps_attempt1.csv,3f12dd9a9425b68418d79257fc07286933babf4ace9b5a0de0059f5c28f79900
R05,1835086211,300,step_limit,False,2,0,0,null,drift_map_run_a3_R05_1835086211_steps_attempt1.csv,5a192f2cf945511fc7d8a1cfc073cf193a19a3a84dc26ac45a4af94b8f59a462
R05,1835086212,300,step_limit,False,2,0,0,null,drift_map_run_a3_R05_1835086212_steps_attempt1.csv,2c4ef7c366cfc4787ad81d4a340e431f797248ba7bc7887f680e666d24aff3a4
R05,1835086213,300,step_limit,False,2,0,0,null,drift_map_run_a3_R05_1835086213_steps_attempt1.csv,1392522154602d65112107a53d10985bac9fe3fdd90f4353df27d20089ac12c1
R05,1835086214,300,step_limit,False,2,0,0,null,drift_map_run_a3_R05_1835086214_steps_attempt1.csv,7e28ace9b53f09a2d128d3edc323309bac766fec7b271ff625e4002ce9e3d93d
R05,1835086215,300,step_limit,False,2,0,0,null,drift_map_run_a3_R05_1835086215_steps_attempt1.csv,350995f0d56f2ece5accea7019fd4f432eaf30fdd3f57f3d5d69cbeb76172b17
R05,1835086216,300,step_limit,False,2,0,0,null,drift_map_run_a3_R05_1835086216_steps_attempt1.csv,071bb242043c9cd3c83afe51f46976abc3d3c4f6051cc5da68da8a57ace24a7d
R05,1835086217,300,step_limit,False,2,0,0,null,drift_map_run_a3_R05_1835086217_steps_attempt1.csv,923199daf1e89ad1b96ef848ff703dd0a8fda9c46ea8d39e88378376c1594135
R05,1835086218,300,step_limit,False,2,0,0,null,drift_map_run_a3_R05_1835086218_steps_attempt1.csv,2299f06a5add35a5fe65344d380096b0d4cf614d0da0d5785c5d0c1d6e1cbcbf
R05,1835086219,300,step_limit,False,2,0,0,null,drift_map_run_a3_R05_1835086219_steps_attempt1.csv,c186ab0b3a0216a72f81b3f3d4026c5b1c8f7c52884664af822d7d22c17e394e
R05,1835086220,300,step_limit,False,2,0,0,null,drift_map_run_a3_R05_1835086220_steps_attempt1.csv,899b42632afb76c314bff319d1097ff58448052eecb1aa6b2610c2f3a4942173
R05,1835086221,300,step_limit,False,2,0,0,null,drift_map_run_a3_R05_1835086221_steps_attempt1.csv,ec4589313beb7c18a9e2273f93fd5e010c10ac9560da300e42634b0913087700
R05,1835086222,300,step_limit,False,2,0,0,null,drift_map_run_a3_R05_1835086222_steps_attempt2.csv,c1406a0e3acb0274ce25f00ddc8cea52147b846e1b96dfe408a29beeed99af3f
R05,1835086223,300,step_limit,False,2,0,0,null,drift_map_run_a3_R05_1835086223_steps_attempt2.csv,6af2dbdf9a2c4e5f583a4bcf384821ee50edd8ee014bfd61f825a2ceb233affc
R05,1835086224,300,step_limit,False,2,0,0,null,drift_map_run_a3_R05_1835086224_steps_attempt2.csv,4ec464e922a2710867e1e81081773be6507a22e567a4571b6262d6626c37a34f
R05,1835086225,300,step_limit,False,2,0,0,null,drift_map_run_a3_R05_1835086225_steps_attempt2.csv,acaa7a6de1c0437c077b34fea14307e09a6bb350b07856c99a34ad70c08806e6
R05,1835086226,300,step_limit,False,2,0,0,null,drift_map_run_a3_R05_1835086226_steps_attempt2.csv,73b021b3ac82100ba2b7d836c53cd13dfd7ccbea997e93e73da8e1d77c6986a6
R05,1835086227,300,step_limit,False,2,0,0,null,drift_map_run_a3_R05_1835086227_steps_attempt2.csv,f83df1c254d69b2ac32aefee30c730f75a6099a30d6baf053eb8dec6cf1843ee
R05,1835086228,300,step_limit,False,2,0,0,null,drift_map_run_a3_R05_1835086228_steps_attempt2.csv,8c155f874faf30132a052a5ed355cb1467f277be1f14062fcff952832991bde1
R05,1835086229,300,step_limit,False,2,0,0,null,drift_map_run_a3_R05_1835086229_steps_attempt2.csv,61baeea152c1a1a7d3652dc7448646d60a1af263bcbcd06fff357e1a3c3e6e48
R05,1835086230,300,step_limit,False,2,0,0,null,drift_map_run_a3_R05_1835086230_steps_attempt2.csv,e3c935c3617212b11a24ea8127a3ec7798f0d7a99e8a7a81175875b248eb72dd
R05,1835086231,300,step_limit,False,2,0,0,null,drift_map_run_a3_R05_1835086231_steps_attempt2.csv,fa9743c64668bedac537302ba88771cd968fdd0b868a1cd061a6c97917756486
R05,1835086232,300,step_limit,False,2,0,0,null,drift_map_run_a3_R05_1835086232_steps_attempt2.csv,ee1ef61832ed6ed0e6aa89ad8367e50aed5d538ea54de63fc04c39a1265e3d87
R05,1835086233,300,step_limit,False,2,0,0,null,drift_map_run_a3_R05_1835086233_steps_attempt2.csv,50208b28347f6312cacfbf615ffde1d15d080a5bc0361f6f5e9ee656ddeb29f7
R05,1835086234,300,step_limit,False,2,0,0,null,drift_map_run_a3_R05_1835086234_steps_attempt1.csv,557d03c39746264c1da7e167d4a0bb60c7df96a06f21a3c370099c1e4365a2bd
R05,1835086235,300,step_limit,False,2,0,0,null,drift_map_run_a3_R05_1835086235_steps_attempt1.csv,cf83ebcef755e927503c889f952ad425c695a3f3a657050f8cd8c48940c9e122
R05,1835086236,300,step_limit,False,2,0,0,null,drift_map_run_a3_R05_1835086236_steps_attempt1.csv,ef06719669849c38ac7281472522177afccb588b3ae7c3d1194806289e5d63b4
R05,1835086237,300,step_limit,False,2,0,0,null,drift_map_run_a3_R05_1835086237_steps_attempt1.csv,28e9d7ee6b548e3324078cab1e371ba3c62a6817199bff62bc31768cc182b45e
R05,1835086238,300,step_limit,False,2,0,0,null,drift_map_run_a3_R05_1835086238_steps_attempt1.csv,659e7d391e185e1df2e68c147ec8a2d759de4cbde11de16d4b59d359041db1a7
R10,1835086199,300,step_limit,False,2,0,0,null,drift_map_run_a3_R10_1835086199_steps_attempt1.csv,2218528144a238d54726bdc6a83be4f1ade021969138cd36eda34de04a1eac13
R10,1835086200,300,step_limit,False,2,0,0,null,drift_map_run_a3_R10_1835086200_steps_attempt1.csv,993d1899c587989d44764b5469d4bd080ad7cc9bb2fa1cf2b3e0b273f7cf2c99
R10,1835086201,300,step_limit,False,2,0,0,null,drift_map_run_a3_R10_1835086201_steps_attempt1.csv,cd52b5c6261ec8b6816b341c49a11878ad59c76acb735e6b84ca0550db317d56
R10,1835086202,300,step_limit,False,2,0,0,null,drift_map_run_a3_R10_1835086202_steps_attempt1.csv,a6e35d21933c5b35e3b9e7622d5ef1b9ce292d2aac2604a8719353c04d8e3afd
R10,1835086203,300,step_limit,False,2,0,0,null,drift_map_run_a3_R10_1835086203_steps_attempt1.csv,7d24c256b1b4cee872ee3ba35435419c29e3d0afa4e8281ecb3679138d19d779
R10,1835086204,300,step_limit,False,2,0,0,null,drift_map_run_a3_R10_1835086204_steps_attempt1.csv,ec78590a6adec66c6f96a647434305864bd9cd8f5d8b7e279e9d8af5153c0231
R10,1835086205,300,step_limit,False,2,0,0,null,drift_map_run_a3_R10_1835086205_steps_attempt1.csv,201dd9cac412915d5770a6c16a83dbcb363b30e21379d826373d68b8afcfa644
R10,1835086206,300,step_limit,False,2,0,0,null,drift_map_run_a3_R10_1835086206_steps_attempt1.csv,2dc3cff452507e84b48c5a4e9f0fd0eda6d812d6b2758ca35c8400b09216ea1f
R10,1835086207,300,step_limit,False,2,0,0,null,drift_map_run_a3_R10_1835086207_steps_attempt1.csv,1eb3374e5765feb1f8ec9ab00a4fe089a0ec75e127f9c08c6409c700b2a02c59
R10,1835086208,300,step_limit,False,2,0,0,null,drift_map_run_a3_R10_1835086208_steps_attempt1.csv,d087583caef252b50517fd4dcf4ecb7f4bcff0f874f9b63fbf2fb1a4c101c2d3
R10,1835086209,300,step_limit,False,2,0,0,null,drift_map_run_a3_R10_1835086209_steps_attempt1.csv,28fd6c8d2625a3434ef84c114a3ca596ddf05826c923481c29916aaece962d75
R10,1835086210,300,step_limit,False,2,0,0,null,drift_map_run_a3_R10_1835086210_steps_attempt1.csv,31dc03aec19410afbd71e9f4184acc6ffb7d3c12f1862f225d21e472ca0caf49
R10,1835086211,300,step_limit,False,2,0,0,null,drift_map_run_a3_R10_1835086211_steps_attempt1.csv,9cf5ba23c5ea58cb9dd97e9205695a4b52e6153c8a5d006604fbf9cb24055c92
R10,1835086212,300,step_limit,False,2,0,0,null,drift_map_run_a3_R10_1835086212_steps_attempt1.csv,4004657bbb5f93a6f739718b8c20a90526cc652cf564a80636ff34da72da7c66
R10,1835086213,300,step_limit,False,2,0,0,null,drift_map_run_a3_R10_1835086213_steps_attempt1.csv,8e3defbac4d2cd25aa3ae186ebc2e085ca3ab2c5928848743e998f1f961f28da
R10,1835086214,300,step_limit,False,2,0,0,null,drift_map_run_a3_R10_1835086214_steps_attempt1.csv,cff7a0fc87f8eb7c7738864f5813b9f3f16db073d33ce61d4b5bf61db6944c90
R10,1835086215,300,step_limit,False,2,0,0,null,drift_map_run_a3_R10_1835086215_steps_attempt1.csv,133be06eb14a286a3dbbcd7095bd7870d0b8445bd7f2de0f61ebb5f6ee2ce248
R10,1835086216,300,step_limit,False,2,0,0,null,drift_map_run_a3_R10_1835086216_steps_attempt1.csv,d8a2440ee605dcd0d2b4004f446b0f069f233320b9c99c8cea43c86c3aa44e7d
R10,1835086217,300,step_limit,False,2,0,0,null,drift_map_run_a3_R10_1835086217_steps_attempt1.csv,442f04fcdecd16c8c17b7addd483f5bcfa2dc1ebb4759e3482a05679064563ae
R10,1835086218,300,step_limit,False,2,0,0,null,drift_map_run_a3_R10_1835086218_steps_attempt1.csv,36e44158f4d6ddcfcc088fec2ca9793f1aa0f075a739ce9d84a997e45c5b3067
R10,1835086219,300,step_limit,False,2,0,0,null,drift_map_run_a3_R10_1835086219_steps_attempt1.csv,50cf8b4d0e5c672516cf498236a2098833b31e89e44d4084a83aa800655cd3ac
R10,1835086220,300,step_limit,False,2,0,0,null,drift_map_run_a3_R10_1835086220_steps_attempt1.csv,ca0604d60786c36236af77dd6d2d19234468bac7607006cecfdd429399806b78
R10,1835086221,300,step_limit,False,2,0,0,null,drift_map_run_a3_R10_1835086221_steps_attempt1.csv,c1f2d7b348dd463936b4badd6ad7e8e740945c555dba0b3b8b9e469eb93255f0
R10,1835086222,300,step_limit,False,2,0,0,null,drift_map_run_a3_R10_1835086222_steps_attempt1.csv,a4621982c3027a74d8d8950c8b6ef4d41b10350635e11c565410675172a6157d
R10,1835086223,300,step_limit,False,2,0,0,null,drift_map_run_a3_R10_1835086223_steps_attempt1.csv,24a3fd7271a47a100c9488f7daf3e134bc4dc80bebf63b0eaff1ec4aafe248c0
R10,1835086224,300,step_limit,False,2,0,0,null,drift_map_run_a3_R10_1835086224_steps_attempt1.csv,1ea74e9a056ec0befda7b7c2e7b5aec7e4f0c72530f10728a1cedc615fd1f25a
R10,1835086225,300,step_limit,False,2,0,0,null,drift_map_run_a3_R10_1835086225_steps_attempt1.csv,c7c9379581ac7ca3cf0ddd6d2f96e4a59c28b03cf3bfee4bb32768ce2f5b4cc5
R10,1835086226,300,step_limit,False,2,0,0,null,drift_map_run_a3_R10_1835086226_steps_attempt1.csv,dac5d822421dc920a0bdf1d415af62f918303c1c1814345eccbcb16de1086f3e
R10,1835086227,300,step_limit,False,2,0,0,null,drift_map_run_a3_R10_1835086227_steps_attempt1.csv,5b62f59bf33f677759cd1fd7aa79b621861d53b840d9f82756a752ed1c557615
R10,1835086228,300,step_limit,False,2,0,0,null,drift_map_run_a3_R10_1835086228_steps_attempt1.csv,1f88110724a2401e74258578935af74fea6c0053fcdebea08e58f6d08df98ce9
R10,1835086229,300,step_limit,False,2,0,0,null,drift_map_run_a3_R10_1835086229_steps_attempt1.csv,8431da2e298c6a43baef9f73dd64bd43daa107419ac9622cc2674b097ff9a138
R10,1835086230,300,step_limit,False,2,0,0,null,drift_map_run_a3_R10_1835086230_steps_attempt1.csv,161e1c3883aaae6d3dc8a17509763c4539d03dcb0405020bfff20f9325e55dd5
R10,1835086231,300,step_limit,False,2,0,0,null,drift_map_run_a3_R10_1835086231_steps_attempt1.csv,864daf8e9894a58e6022b3b413e7e99d425494048bf11cb7b2d5aee36cc19021
R10,1835086232,300,step_limit,False,2,0,0,null,drift_map_run_a3_R10_1835086232_steps_attempt1.csv,699e5db9e280f79639f13294b5f86a955503164b5a8404585e1b61908f786436
R10,1835086233,300,step_limit,False,2,0,0,null,drift_map_run_a3_R10_1835086233_steps_attempt1.csv,506e200642b90c500a37e015f8adc19e98aa88c4f113fc388239ef6369936cbf
R10,1835086234,300,step_limit,False,2,0,0,null,drift_map_run_a3_R10_1835086234_steps_attempt1.csv,e947b71b0811dd8a7c9244447a64c11b6af5ccab1b30bd0e61c3669e691315da
R10,1835086235,300,step_limit,False,2,0,0,null,drift_map_run_a3_R10_1835086235_steps_attempt1.csv,ac545785d953b1c13ce6b05dfbbfbcd2493f37eabb5fa207875342cb61c64478
R10,1835086236,300,step_limit,False,2,0,0,null,drift_map_run_a3_R10_1835086236_steps_attempt1.csv,8727231eac7c698477402d016ddf449a75dfc0efa05092fbb5e9c326cd8480fd
R10,1835086237,300,step_limit,False,2,0,0,null,drift_map_run_a3_R10_1835086237_steps_attempt1.csv,d6af5113c01c7fd17011eb9b6accb6c8db59d2a2d338806f5f89eb4d90a2d310
R10,1835086238,300,step_limit,False,2,0,0,null,drift_map_run_a3_R10_1835086238_steps_attempt1.csv,cba324b919a61826b18733f29f91deff451ead76c9334430c3e3e30bc3e7de4c
R20,1835086199,300,step_limit,False,2,0,0,null,drift_map_run_a3_R20_1835086199_steps_attempt1.csv,2780594ed48cf337ec4871910c8c18c30eb2da1acd7fcf05a256de29524aab2c
R20,1835086200,300,step_limit,False,2,0,0,null,drift_map_run_a3_R20_1835086200_steps_attempt1.csv,df06a72d215c37fd9a825b9765c3435ec86bec562ad9502d2fc4de25f64351ef
R20,1835086201,300,step_limit,False,2,0,0,null,drift_map_run_a3_R20_1835086201_steps_attempt1.csv,489fabddc275590885451e142606ba055ab5176d0bfd007f4bcf01f90ded2a4a
R20,1835086202,300,step_limit,False,2,0,0,null,drift_map_run_a3_R20_1835086202_steps_attempt1.csv,26cdf33c3a8d10b7a436fe34eead279d4b06271942f404c34c92665cf5d06590
R20,1835086203,300,step_limit,False,2,0,0,null,drift_map_run_a3_R20_1835086203_steps_attempt1.csv,3a1740a922cb897ea4158c5ac5d92cda1cadff03dd7b1f20eaf14e5cb99527ac
R20,1835086204,300,step_limit,False,2,0,0,null,drift_map_run_a3_R20_1835086204_steps_attempt1.csv,e9a8efe01966a013f39b989c62b8d1fb21604e633969693c5ff69c9afec5cb0c
R20,1835086205,300,step_limit,False,2,0,0,null,drift_map_run_a3_R20_1835086205_steps_attempt1.csv,c6faee95262a92045c85c0a707dd26f624aaecef0a4b1480db913523f57e014a
R20,1835086206,300,step_limit,False,2,0,0,null,drift_map_run_a3_R20_1835086206_steps_attempt1.csv,67fa0c40dc14912c2c84ce042994bf88d2d26f9baa2f8610ba7b22e6823a3796
R20,1835086207,300,step_limit,False,2,0,0,null,drift_map_run_a3_R20_1835086207_steps_attempt1.csv,8d502a7c34a0d2e02e6fe1dae97870fe10ef821978c0b5e62e67e182967d10e7
R20,1835086208,300,step_limit,False,2,0,0,null,drift_map_run_a3_R20_1835086208_steps_attempt1.csv,57175b235c8d4e4bf16216e75af9a796c53c96988411ba6f9fb548f7a2702000
R20,1835086209,300,step_limit,False,2,0,0,null,drift_map_run_a3_R20_1835086209_steps_attempt1.csv,9a9b33055a101af8f609923551cf9045d2a1a06abc85ebaa06f67dd7c5b1d514
R20,1835086210,300,step_limit,False,2,0,0,null,drift_map_run_a3_R20_1835086210_steps_attempt1.csv,a1e8cf9ba69154c0a5ec93cde0a0d7731d0a48dc9b68bd21cffb21fbbcaba690
R20,1835086211,300,step_limit,False,2,0,0,null,drift_map_run_a3_R20_1835086211_steps_attempt1.csv,1ca69604a8484f69a9673ff87e2a1508a2214d1905033cfd39c03bd3816a438c
R20,1835086212,300,step_limit,False,2,0,0,null,drift_map_run_a3_R20_1835086212_steps_attempt1.csv,cd387c6f3d5da9c73fd8740dec11779265cf0a4f1f23fb155c3c12683664fb7c
R20,1835086213,300,step_limit,False,2,0,0,null,drift_map_run_a3_R20_1835086213_steps_attempt1.csv,a950abfa71c209becf336feb7278d9ccf8e08440bba7acbec5999977fa2101ae
R20,1835086214,300,step_limit,False,2,0,0,null,drift_map_run_a3_R20_1835086214_steps_attempt1.csv,07a0ec26a2c8c124f179765a32ebfd49fa247a64fd6e1ef2b4719285055cd842
R20,1835086215,300,step_limit,False,2,0,0,null,drift_map_run_a3_R20_1835086215_steps_attempt1.csv,c6e294f024b39dcfde369671036eaf4586e38b69c717f5e789bdda82b08d00fd
R20,1835086216,300,step_limit,False,2,0,0,null,drift_map_run_a3_R20_1835086216_steps_attempt1.csv,4ad5ac5c591c5a84759946f159c423d826453dbf711d8ff385971801fabf5f75
R20,1835086217,300,step_limit,False,2,0,0,null,drift_map_run_a3_R20_1835086217_steps_attempt1.csv,d616214863d376242387dc12e01c0e7d402f366f859ecc919a05cb6731862be3
R20,1835086218,300,step_limit,False,2,0,0,null,drift_map_run_a3_R20_1835086218_steps_attempt1.csv,013358c8e620cd30fa5c329c404744b961b451899e2fcff9c683ce2099509aa4
R20,1835086219,300,step_limit,False,2,0,0,null,drift_map_run_a3_R20_1835086219_steps_attempt1.csv,a165af3e0605b8a9ee644de66f6a7d725a376432444cb504a205a60cd6462671
R20,1835086220,300,step_limit,False,2,0,0,null,drift_map_run_a3_R20_1835086220_steps_attempt1.csv,f974e7f7169a3fe88aac7c5aef603e7a3e731913c923e9d3f4cd8ec90acbf700
R20,1835086221,300,step_limit,False,2,0,0,null,drift_map_run_a3_R20_1835086221_steps_attempt1.csv,ebb11726f4e8a8474c0ce3264cf712bf71ec275f27eed0e336f88daa009986ab
R20,1835086222,300,step_limit,False,2,0,0,null,drift_map_run_a3_R20_1835086222_steps_attempt1.csv,168bb54699a39db48431e92e1992c62724d261c02bfa6efb3a4cd4df211d2466
R20,1835086223,300,step_limit,False,2,0,0,null,drift_map_run_a3_R20_1835086223_steps_attempt1.csv,58b0d249876ea0f63384751440c5a6e13a31f31b34f34d14df212e87e96e8ed9
R20,1835086224,300,step_limit,False,2,0,0,null,drift_map_run_a3_R20_1835086224_steps_attempt1.csv,3426f05b3c2c4cd5a93915ee27618f6dc5ac88cd433ac6bf660820952a7298f1
R20,1835086225,300,step_limit,False,2,0,0,null,drift_map_run_a3_R20_1835086225_steps_attempt1.csv,ae98fa005656220ae70277468946a1632379277348fe0d34293bfb7a8759a86f
R20,1835086226,300,step_limit,False,2,0,0,null,drift_map_run_a3_R20_1835086226_steps_attempt1.csv,a5f6c9a7af9ed1c17b31ee7cfb54d19d3fdf581dd3530d0238c2ce61e641e464
R20,1835086227,300,step_limit,False,2,0,0,null,drift_map_run_a3_R20_1835086227_steps_attempt1.csv,24c4fb071e47e209a440de04ea3eb58869af0712c3bf80d484e141cc3860e50d
R20,1835086228,300,step_limit,False,2,0,0,null,drift_map_run_a3_R20_1835086228_steps_attempt1.csv,0d53fc9a6af5b7c6035f853a7c9bfeec9371b10d991542e680bc9243319c04d5
R20,1835086229,300,step_limit,False,2,0,0,null,drift_map_run_a3_R20_1835086229_steps_attempt1.csv,e6e76fa6e1493eab6d0b04c7235d170fe3da1a32f9e20da01cd300f4613e5dc7
R20,1835086230,300,step_limit,False,2,0,0,null,drift_map_run_a3_R20_1835086230_steps_attempt1.csv,394b9a5f932425927dfbabb1dfd9dacec6eaf3d3b2e13513e272a36492fee1c4
R20,1835086231,300,step_limit,False,2,0,0,null,drift_map_run_a3_R20_1835086231_steps_attempt1.csv,f978589fdab78242d99995b53f648fd995d09c9d45735196646f91df3d6cd616
R20,1835086232,300,step_limit,False,2,0,0,null,drift_map_run_a3_R20_1835086232_steps_attempt1.csv,59cdefbfd128b0752be3f90e821ba40bbd5825ff772222bebd098dfbe1d50228
R20,1835086233,300,step_limit,False,2,0,0,null,drift_map_run_a3_R20_1835086233_steps_attempt1.csv,445624fb299d36a529e9875f5d9f9e70e570c743c450b9e6d1d27606fb940b02
R20,1835086234,300,step_limit,False,2,0,0,null,drift_map_run_a3_R20_1835086234_steps_attempt1.csv,fc94e90627ac0380473ab0aa28b833b163dd725ef14fe81e393eeae9ce67d65e
R20,1835086235,300,step_limit,False,2,0,0,null,drift_map_run_a3_R20_1835086235_steps_attempt1.csv,331bf827c7acc1587da233f7f8cdc477f3a0afe2eb5aef89d9834a45975164c7
R20,1835086236,300,step_limit,False,2,0,0,null,drift_map_run_a3_R20_1835086236_steps_attempt1.csv,535555e5b705b4960df89c3ec2bdde1f380852116f56847b1acd4e9599ea6f93
R20,1835086237,300,step_limit,False,2,0,0,null,drift_map_run_a3_R20_1835086237_steps_attempt1.csv,4fc7dc18c227374058efd7c9a4c21adac266fba4cae630dc892cc45920bd08c3
R20,1835086238,300,step_limit,False,2,0,0,null,drift_map_run_a3_R20_1835086238_steps_attempt1.csv,bd1f2c030a781b0904c34946c0091f43220a388d77af83e823c20c6c763241a6
