candidate_index,x_compute,x_bio_welfare,x_novelty_agency,x_institutional_capacity,x_transfer_comprehension,x_resilience,c_protective,c_suppressive,total_suppression,score_projection_off,score_projection_on
0,0.16666666666666666,0.16666666666666666,0.16666666666666666,0.16666666666666666,0.16666666666666666,0.16666666666666666,0.3,0.1,0.1315,113.3414555622682,113.3613417436164
1,0.5,0.1,0.1,0.1,0.15,0.05,0.3,0.1,0.1315,74.10237744073034,74.05536169979545
2,0.1,0.5,0.1,0.1,0.1,0.1,0.3,0.1,0.1315,98.86906139575271,98.88509967212723
3,0.1,0.1,0.5,0.1,0.1,0.1,0.3,0.1,0.1315,71.90675648692263,71.859909798389
4,0.1,0.1,0.1,0.5,0.1,0.1,0.3,0.1,0.1315,78.61457704599503,78.54548462361946
5,0.1,0.1,0.1,0.1,0.5,0.1,0.3,0.1,0.1315,90.38379100949811,90.20021710254319
6,0.1,0.1,0.1,0.1,0.1,0.5,0.3,0.1,0.1315,71.90675648692263,71.859909798389
7,0.16666666666666666,0.16666666666666666,0.16666666666666666,0.16666666666666666,0.16666666666666666,0.16666666666666666,0.0,0.0,0.0,113.3414555622682,113.36228584174854
8,0.16666666666666666,0.16666666666666666,0.16666666666666666,0.16666666666666666,0.16666666666666666,0.16666666666666666,0.8,0.0,0.22400000000000003,113.3414555622682,113.35348627268657
9,0.16666666666666666,0.16666666666666666,0.16666666666666666,0.16666666666666666,0.16666666666666666,0.16666666666666666,0.0,0.8,0.8,113.3414555622682,74.52939556754694
10,0.3,0.1,0.1,0.1,0.3,0.1,0.3,0.1,0.1315,92.4529188599632,92.31320040567502
11,0.1,0.3,0.3,0.1,0.1,0.1,0.3,0.1,0.1315,97.74832569002841,97.76391870451806
12,0.1,0.1,0.1,0.3,0.1,0.3,0.5,0.1,0.1875,78.61457704599503,78.48642233856344
13,0.1,0.1,0.6,0.1,0.05,0.05,0.1,0.0,0.0035000000000000005,67.10508419352969,67.102253403696
14,0.05,0.1,0.1,0.1,0.6,0.05,0.3,0.1,0.1315,89.1917172092214,88.99843986032248
15,0.6,0.1,0.1,0.1,0.0,0.1,0.3,0.1,0.1315,60.728580774970624,60.7178093387511
16,0.1,0.5,0.05,0.1,0.2,0.05,0.6,0.4,0.526,107.88590800871283,106.05400201535944
17,0.05,0.05,0.05,0.1,0.05,0.7,0.3,0.1,0.1315,57.40188873254247,57.320075857437125
18,0.1,0.1,0.1,0.3,0.3,0.1,0.4,0.1,0.15600000000000003,102.88964054940922,102.55471205921877
19,0.16666666666666666,0.16666666666666666,0.16666666666666666,0.16666666666666666,0.16666666666666666,0.16666666666666666,0.5,0.5,0.5875,113.3414555622682,107.98976884482336
20,0.17063394275455726,0.1000746356663982,0.42743236476645036,0.166034245675083,0.11256199197136305,0.023262819166148203,0.0,0.0,0.0,74.82777374757173,74.8189991050863
21,0.013674427766275102,0.28011983036655785,0.06549557021590857,0.3309396359036854,0.09744252497166295,0.21232801077591024,0.0,0.2,0.2,108.72045434075768,108.73560495428013
22,0.30536444953286446,0.07336752852698278,0.20436248775113944,0.21031607447639494,0.032123407674841134,0.17446605203777713,0.0,0.4,0.4,60.24845984510765,59.56915828337619
23,0.08037999038060135,0.4027630061773535,0.13021918787308293,0.047807754064999486,0.24686682005804012,0.09196324144592266,0.0,0.6,0.6,103.99245182348022,98.97454455552469
24,0.09761655757148135,0.12083042032456989,0.026789560959107193,0.1988839388189575,0.2466860103559064,0.3091935119699777,0.0,0.8,0.8,105.3242680117316,64.09502439674205
25,0.07109585532544013,0.06814817972310837,0.48911674701153707,0.2424040036806266,0.014732736215711565,0.11450247804357623,0.0,1.0,1.0,60.539581809125146,42.06810694703206
26,0.09402190364164835,0.2753197152657904,0.15546254539280785,0.3153601035626775,0.08612679591330577,0.07370893622377016,0.2,0.0,0.014000000000000002,111.89687626909502,111.91727728649
27,0.34872305748054705,0.060969171085733444,0.28059595412307076,0.0924149383677076,0.010250218058995906,0.20704666088394522,0.2,0.2,0.21400000000000002,55.62404236888517,55.54043730605172
28,0.41475117360804303,0.00033495213591771254,0.3432114566042863,0.20971906232786242,0.016322702598108366,0.015660652725782164,0.2,0.4,0.41400000000000003,51.566768399708494,50.91837370294916
29,0.315166806617333,0.1359794992675632,0.4400312482379703,0.0028707087548563355,0.023582208395966787,0.08236952872631037,0.2,0.6,0.614,67.44200291524915,63.45478499360289
30,0.02172689332106816,0.05516979993258387,0.6884120748199023,0.11661119676645734,0.01770920519585739,0.10037082996413108,0.2,0.8,0.8140000000000001,57.021534416731946,46.0024647695042
31,0.2188486965372298,0.0964557753468486,0.10095760454366313,0.2709412555063426,0.08355174373597371,0.22924492432994223,0.2,1.0,1.0,72.82121109222199,42.252105148587844
32,0.18685702106794447,0.35853200593695267,0.0739738996826468,0.0872467055559387,0.11246168616920636,0.18092868158731096,0.4,0.0,0.05600000000000001,101.52494351007445,101.54226201504301
33,0.18152379845635558,0.010241153819539203,0.30957453725277184,0.193177683435574,0.1819606319807362,0.12352219505502315,0.4,0.2,0.256,57.572895204181336,57.14805821963869
34,0.08245161234215298,0.010667813342934398,0.3071068071281394,0.2086885138556952,0.22823714733053052,0.16284810600054742,0.4,0.4,0.456,60.1011840878809,57.89392280022891
35,0.31092668217177055,0.0319175413457422,0.0009251466226609986,0.2155866982379566,0.14856673918991975,0.29207719243194996,0.4,0.6,0.656,59.30817998325678,52.8745233981463
36,0.12077308706923366,0.12373442073219436,0.16480641784848649,0.06421125649817248,0.024713183005264067,0.5017616348466489,0.4,0.8,0.8560000000000001,69.7090392404047,47.751647896425034
37,0.04530370473710127,0.10120296268814044,0.17911379511465142,0.008475590744852768,0.5404920017488779,0.12541194496637606,0.4,1.0,1.0,82.90664804516777,42.43657973179326
38,0.10193427499592338,0.3092845970833958,0.06612497907053203,0.3358420498932769,0.06849627363200547,0.11831782532486645,0.6,0.0,0.126,110.39126377442996,110.41055861396015
39,0.2164086190630762,0.11758916083488778,0.2136011077048988,0.2677011890260757,0.13224367673451637,0.05245624663654519,0.6,0.2,0.326,91.40680331965008,90.95431890689615
40,0.10397384830253346,0.2576891376102125,0.03429236845721536,0.3721084511849001,0.07824076334716619,0.15369543109797254,0.6,0.4,0.526,111.32187225141291,109.14591071886605
41,0.21793756824545535,0.10153865766493511,0.3915585378257397,0.12467025088350099,0.026470183376112358,0.13782480200425665,0.6,0.6,0.726,64.63968113615992,54.361334000585
42,0.29341046756142247,0.39137526354681224,0.07270906599852,0.015571737175482747,0.12243588756891555,0.10449757814884682,0.6,0.8,0.926,97.0534418682461,46.31865792177998
43,0.16994576660570526,0.0520695184584997,0.7469860069472226,0.020022546272207408,0.010793196946506399,0.00018296476985864936,0.6,1.0,1.0,54.40314043913343,41.96048681747294
44,0.12244943996778884,0.05079410956981745,0.026334534325622033,0.2910537826051468,0.1981090828918733,0.31125905063975173,0.8,0.0,0.22400000000000003,68.13984245660163,67.66041130490783
45,0.20986653796798507,0.24681543239601567,0.4491307911875771,0.011730565148767623,0.0019031353505045204,0.08055353794915,0.8,0.2,0.42400000000000004,74.81221169729123,74.57873619931786
46,0.06299882920733663,0.10482970052307256,0.31317428966066413,0.1025798851672901,0.17270304377042273,0.24371425167121388,0.8,0.4,0.6240000000000001,82.97230936774072,72.94947862778055
47,0.24640942790118667,0.5978733525998163,0.037572544781937126,0.010770588524014682,0.06413807205157734,0.04323601414146787,0.8,0.6,0.8240000000000001,87.89594597381661,59.91157242946582
48,0.19605234512918931,0.1563644107201337,0.029643722066426553,0.296004584266061,0.052929465010266394,0.2690054728079229,0.8,0.8,1.0,97.09863607015225,42.45348651065064
49,0.0033744191731110234,0.7448734591884666,0.028370062449792594,0.08840446410278861,0.10493803358247497,0.03003956150336628,0.8,1.0,1.0,95.29694038070066,42.38264536997783
50,0.241095024271063,0.09940681104767099,0.0052866065874913395,0.20465531365681067,0.07004179365418749,0.3795144507827764,1.0,0.0,0.35,70.22975321637921,69.75237359858015
51,0.08787976898590041,0.20549944211997112,0.06278979819069815,0.2197581964951913,0.09159348827552743,0.33247930593271136,1.0,0.2,0.55,106.87833401839754,103.91993909574684
52,0.17647688418004112,0.07262209486806337,0.14745925468721605,0.013693813661274545,0.25853093910323693,0.33121701350016797,1.0,0.4,0.75,71.66041244746827,54.70639325164109
53,0.09753732761173593,0.047481967157806164,0.121280465718918,0.4639195311577574,0.03391196241695173,0.23586874593683074,1.0,0.6,0.95,58.394939719202995,42.151824272981
54,0.11561365131757277,0.19176351731300637,0.1276492329944374,0.08893426774555974,0.4617645138080666,0.01427481682135731,1.0,0.8,1.0,113.91257335815497,42.623029772836844
55,0.16969140144878092,0.15196256763439714,0.01843697214263493,0.15237592330991664,0.1625369640385236,0.3449961714257466,1.0,1.0,1.0,107.13608488866691,42.5904177572609
56,0.0870272485838763,0.1892230121225259,0.1454058459465241,0.1302579044112921,0.10935922296073475,0.3387267659750467,0.0,0.0,0.0,100.23804619764599,100.2550632017104
57,0.20997206422534503,0.32916889991176945,0.19142202523141175,0.08186033693471705,0.04736523091452591,0.1402114427822307,0.0,0.2,0.2,88.49481432754854,88.50516192754888
58,0.17535377455206397,0.24248094098882156,0.048631520526517424,0.3589387749888506,0.14951971627793514,0.025075272665811426,0.0,0.4,0.4,124.30658892628733,124.00020468962545
59,0.043438911656566846,0.15656530732224425,0.0671729414745339,0.2901275062648015,0.26342039625640684,0.17927493702544664,0.0,0.6,0.6,124.1421569388308,115.67286342332355
60,0.04723217623191383,0.33972697463234636,0.13159296061764167,0.20265880121820698,0.1058120386976075,0.17297704860228358,0.0,0.8,0.8,105.61815406607698,71.54363671174377
61,0.1796994632102382,0.05428467522300267,0.0021524175095783225,0.13140346636258052,0.3516725032750609,0.28078747441953933,0.0,1.0,1.0,71.50042223446073,42.32678523290528
62,0.021379679706809904,0.10619717652138125,0.02342614292530264,0.2143340002719541,0.5488005191889217,0.08586248138563049,0.2,0.0,0.014000000000000002,100.08589740322701,100.02394372315962
63,0.11512588752295516,0.06472942367189828,0.5266081886915066,0.13320628530941964,0.04466045386869241,0.11566976093552811,0.2,0.2,0.21400000000000002,59.57812792794351,59.441085989153436
64,0.028529437521667887,0.0318000042439814,0.3348326024546214,0.0007851859667912555,0.10732090108278565,0.49673186873015224,0.2,0.4,0.41400000000000003,56.271978824414,55.313667792252716
65,0.18899337338241637,0.04350904864030201,0.4363102726159352,0.1210232984411737,0.08707912980160418,0.12308487711856868,0.2,0.6,0.614,57.63135447502817,53.3591480850105
66,0.36896436931763493,0.004622412106380957,0.5052112841085157,0.04653618327431199,0.06796562915313628,0.006700122040020166,0.2,0.8,0.8140000000000001,51.84037383794655,44.38611729945871
67,0.26739255078123275,0.10675135005485752,0.2334322122851082,0.13102942259465974,0.14962101890838372,0.11177344537575797,0.2,1.0,1.0,79.3823812974669,42.33943060434522
68,0.11778717218649182,0.09077260870690339,0.22365960690952014,0.011047810234194228,0.2889552591183603,0.2677775428445301,0.4,0.0,0.05600000000000001,80.56502336309762,80.4744948202035
69,0.3078602581951294,0.17212903765525372,0.046811945677588375,0.051027722120676806,0.3936019257533325,0.02856911059801905,0.4,0.2,0.256,118.68382129943521,118.68737000050159
70,0.10102306450006907,0.05723132971632128,0.061785441334074154,0.05606879988602821,0.5921540038665949,0.13173736069691228,0.4,0.4,0.456,71.69818733785942,68.65684979064197
71,0.00375957331640096,0.10439588734759622,0.036547032096277396,0.46378565289767976,0.1215819088016298,0.26992994554041577,0.4,0.6,0.656,85.8906641890393,72.3283963144694
72,0.15644178885829005,0.23371302786503284,0.517953944321714,0.02252651583262273,0.010698651584194122,0.05866607153814639,0.4,0.8,0.8560000000000001,77.6400528601034,51.37098599796553
73,0.25764431393762516,0.16200568280860292,0.15662261570443026,0.12909561305625178,0.005301584734500749,0.2893301897585892,0.4,1.0,1.0,78.91768002356629,42.2185194977129
74,0.021551763712513498,0.17116702406181297,0.009558468383634836,0.3963807745554749,0.33039950409920954,0.07094246518735431,0.6,0.0,0.126,130.3600772046878,130.3849122418136
75,0.1382467976396896,0.2373006635907389,0.17406912247281173,0.15337222552165733,0.24435065567747236,0.05266053509763007,0.6,0.2,0.326,118.69330237209074,118.63910027720779
76,0.02581733872423375,0.11336224377176828,0.05301047165573336,0.3642356108318739,0.2592686591821659,0.18430567583422489,0.6,0.4,0.526,105.53253937348508,98.61802466610578
77,0.023202464054123188,0.04532334935854403,0.19880124001041097,0.4633248264533851,0.04767004645218268,0.221678073671354,0.6,0.6,0.726,59.2998091920207,50.309903463356065
78,0.36274079577736285,0.27892834555273166,0.014317999346225253,0.11184365867165005,0.16296819473111324,0.06920100592091698,0.6,0.8,0.926,114.46117934126283,47.71560672208735
79,0.3165541030867714,0.13461677763828575,0.2076577764110259,0.020292119449191723,0.22143450063358827,0.09944472278113681,0.6,1.0,1.0,96.27233119018916,42.508719294917256
80,0.16620131169728183,0.4086492926238596,0.13548208343428156,0.13834263689918117,0.13890327449902917,0.0124214008463668,0.8,0.0,0.22400000000000003,109.08616034768349,109.09913321820629
81,0.1786630962580693,0.3167887418157947,0.12202782201868304,0.006778838714705278,0.12033370405212106,0.25540779714062656,0.8,0.2,0.42400000000000004,93.14509773772815,92.83209395595634
82,0.08563143435061249,0.3531741191264204,0.07926155677206155,0.164741789380564,0.137487506504705,0.17970359386563656,0.8,0.4,0.6240000000000001,107.24471238506077,100.10480373987602
83,0.2009305149269009,0.21237908601796499,0.00038251646893315826,0.07420509511540026,0.2121435854106184,0.2999592020601823,0.8,0.6,0.8240000000000001,108.89462192874478,67.22742118804864
84,0.015443806970650802,0.5038808425918697,0.1001641342603134,0.2753211570219518,0.05865220942577597,0.04653784972943847,0.8,0.8,1.0,106.02435541263233,42.515495814176816
85,0.05554116138816569,0.05107578408718287,0.1199431316922289,0.6293540182012083,0.10496285831931451,0.03912304631189965,0.8,1.0,1.0,63.0259027036911,42.142020246705286
86,0.2738287740396267,0.009984229055194551,0.2969191648235748,0.13574287654723066,0.24212364328188987,0.04140131225248329,1.0,0.0,0.35,58.388817578546515,57.494432759363825
87,0.06494119602007273,0.23316325806830182,0.28654105144830383,0.18393760400346154,0.08800951341204483,0.14340737704781517,1.0,0.2,0.55,102.35354034863339,99.6142576500763
88,0.14525841855987676,0.01897958647343683,0.4188662698312981,0.20652018109073605,0.04867607400787907,0.16169947003677332,1.0,0.4,0.75,54.402954730464614,47.066171452179454
89,0.007420719263445757,0.24071159761387992,0.22572956001901792,0.19119334239128288,0.1652568634673187,0.16968791724505497,1.0,0.6,0.95,107.53562890256873,44.23112913023301
90,0.27670991200694867,0.021279907214827597,0.2799985918828308,0.24818624246459314,0.06433677948001085,0.10948856695078885,1.0,0.8,1.0,54.873895974382,41.99043472741499
91,0.28752436089454386,0.052086099198854555,0.43051528970722663,0.02857269923800583,0.1536713449695327,0.04763020599183651,1.0,1.0,1.0,59.522134235396095,42.06447816300348
92,0.10303037765949091,0.30805495652839004,0.32305369841019793,0.038796408262016725,0.19076665645302202,0.03629790268688221,0.0,0.0,0.0,99.07318050248472,99.08986158137098
93,0.1655117160457501,0.13379537341346281,0.4046522228005683,0.00619952594502747,0.1104079675046527,0.17943319429053867,0.0,0.2,0.2,80.00622873464943,79.9989148588067
94,0.45537370369939567,0.12420993949542788,0.031900026718996444,0.14318274984231177,0.05081853261612878,0.1945150476277395,0.0,0.4,0.4,73.16597526672012,72.66271983814731
95,0.40281743931013264,0.11914920327466777,0.00146255782779642,0.13652898615741216,0.06021756658685461,0.27982424684313634,0.0,0.6,0.6,72.41494330017304,67.359804264278
96,0.03513421428891201,0.018341616411145328,0.538716161599366,0.02553617951324664,0.31815349166600926,0.06411833652132089,0.0,0.8,0.8,61.19757954945597,47.11655015031553
97,0.3022493178116068,0.2576351939786262,0.1260349260005074,0.03788365002123377,0.10939963543276598,0.1667972767552599,0.0,1.0,1.0,94.8937659940937,42.39642449723484
98,0.3401630971177662,0.2749806805810487,0.03751212232621584,0.0410810680861084,0.19206382139916803,0.11419921048969271,0.2,0.0,0.014000000000000002,108.28240587896832,108.30175529148613
99,0.4758501581075087,0.056537771545849304,0.006369446078249933,0.202845712716601,0.13955484468594073,0.11884206686585022,0.2,0.2,0.21400000000000002,63.238422151918456,63.00824517903016
100,0.17739213907910356,0.06769190326226925,0.22447027663190056,0.40045036186409766,0.10840312429857474,0.021592194864054236,0.2,0.4,0.41400000000000003,66.21587404706193,64.86421940105714
101,0.19606799404388942,0.25183375724291074,0.11239120250420974,0.24319093573403325,0.17222054078807317,0.024295569686883775,0.2,0.6,0.614,125.18889145851928,116.97005327095619
102,0.18961142631951233,0.09275891043614312,0.42898842108668905,0.22233461143268413,0.026575377013917933,0.039731253711053516,0.2,0.8,0.8140000000000001,65.30045110446866,48.813033435132354
103,0.2884988421309536,0.12085807949625885,0.15233892996392864,0.045888359771595506,0.08328252153531028,0.30913326710195316,0.2,1.0,1.0,72.388539432075,42.19621295397031
104,0.04439108554145481,0.32933939618279623,0.20691786496896208,0.1545365804849603,0.032043007451786905,0.23277206537003972,0.4,0.0,0.05600000000000001,93.8576087028062,93.87269771717511
105,0.023585472697497566,0.2357469043793883,0.19618136357709212,0.11353398945687576,0.2640400835326381,0.16691218635650817,0.4,0.2,0.256,108.9990663567982,109.00251344044831
106,0.15273957335886365,0.20979700867544265,0.2431095673470024,0.021088398404920633,0.1251405458329592,0.2481249063808116,0.4,0.4,0.456,93.58258496473219,92.99538827202949
107,0.03985778690915559,0.08085995778051572,0.4096201746766751,0.3379520939911691,0.061188984051279885,0.07052100259120463,0.4,0.6,0.656,67.79288759029296,59.315476413586374
108,0.09145784225949054,0.3611145168895379,0.21911522369610678,0.04316330692875723,0.04410198286470076,0.24104712736140682,0.4,0.8,0.8560000000000001,87.25764604974522,54.290868926372916
109,0.22223229675627815,0.20937712078438425,0.43347225873440526,0.004867648269041304,0.07349019567001566,0.05656047978587514,0.4,1.0,1.0,85.75581995537297,42.29085446560991
110,0.25760717320338294,0.030941075159340317,0.024345634260701347,0.22499150221565414,0.23849602383525542,0.2236185913256658,0.6,0.0,0.126,63.961600311562144,63.72436945177067
111,0.0055652778516998,0.03998562080774457,0.3555472583365346,0.1362151273923522,0.4258823581148972,0.036804357496771606,0.6,0.2,0.326,69.3884490007459,68.02297712456814
112,0.14693258495824874,0.13640065929563217,0.3200397624400419,0.22742707527700198,0.02581533684153765,0.14338458118753758,0.6,0.4,0.526,80.52302429844607,78.11986534881697
113,0.09387958064911756,0.03505432999873305,0.1712007984674025,0.19977122662728897,0.488110632598458,0.011983431658999922,0.6,0.6,0.726,69.09534256562173,54.0685247605589
114,0.6384171935485548,0.012732234518710457,0.0010652324911556324,0.24570304523111242,0.09540803574472179,0.006674258465744941,0.6,0.8,0.926,54.88261914278982,42.36386695704552
115,0.4418645563432814,0.12913943791623167,0.12560773319370264,0.24681935201415048,0.02953578999413962,0.027033130538494318,0.6,1.0,1.0,75.75332011461738,42.23152715439902
116,0.3362153012983631,0.10803239823160195,0.40664250331420104,0.031415995463107305,0.06642985567642277,0.05126394601630372,0.8,0.0,0.22400000000000003,66.00230586601506,65.95164010840115
117,0.19313096189583198,0.016948748381473925,0.20512703507892552,0.4018641208861629,0.08980441901332527,0.0931247147442806,0.8,0.2,0.42400000000000004,55.954682836723215,54.855049426165266
118,0.0008779118852983727,0.3981488036360155,0.04906307484700478,0.08932926028940362,0.3328547515075252,0.12972619783475253,0.8,0.4,0.6240000000000001,108.88961056745876,101.68134088295108
119,0.012823125187434213,0.041769439618948266,0.30063189984586625,0.4064999970940376,0.16165736970231387,0.07661816855139965,0.8,0.6,0.8240000000000001,64.88712259795379,47.11068398211417
120,0.19537800152178872,0.03146058324271665,0.14422755726437647,0.23294295591283087,0.303728831437179,0.09226207062110825,0.8,0.8,1.0,68.10983299009636,42.27402645442302
121,0.06023493021549142,0.23043071204666987,0.14164520756010132,0.20056330877970188,0.14866851154002322,0.21845732985801228,0.8,1.0,1.0,109.71953434952991,42.57155953751467
122,0.07221257924876487,0.06069978656871749,0.12109494661776463,0.44321814791767683,0.24183675204823016,0.060937787598845945,1.0,0.0,0.35,76.14296493596393,74.51326269606896
123,0.1548930915069094,0.34616228321852205,0.12110843820652799,0.17354649294244479,0.16958502358468291,0.03470467054091273,1.0,0.2,0.55,115.18974101129962,112.12829043834654
124,0.32205218847502787,0.14564682862448555,0.05254964720968927,0.21559032875357034,0.08133705946356833,0.18282394747365863,1.0,0.4,0.75,91.12628691375059,69.37298596898252
125,0.19841451080744998,0.2795443333865166,0.06369981317362589,0.35963939835799674,0.025150871866013984,0.07355107240839688,1.0,0.6,0.95,96.77105283072063,43.82057236385769
126,0.09356978189196952,0.3458713623555242,0.08841832166257375,0.198060668855426,0.18698829611277343,0.08709156912173319,1.0,0.8,1.0,116.23585243703133,42.63975217774131
127,0.0717614793215465,0.01996297342840913,0.12866704376375943,0.2106374895075956,0.201438580592187,0.3675324333865023,1.0,1.0,1.0,60.5155816821975,42.122724334110316
128,0.37490360819326224,0.03263682289197738,0.16115597005065838,0.19196082092553174,0.08526389679399314,0.15407888114457707,0.0,0.0,0.0,56.494520760251376,56.45548080454828
129,0.043479009676968605,0.34210372281296736,0.021480455056726695,0.08450531936584973,0.4131753557857051,0.0952561373017826,0.0,0.2,0.2,110.36423815556523,110.38007138690878
130,0.029901824557179598,0.14331156239212148,0.1625513025516484,0.16153678544325428,0.11759727334708925,0.38510125170870685,0.0,0.4,0.4,95.56212625583085,95.0479742174638
131,0.19486023336301572,0.023331089716366386,0.2549036844550059,0.27544393664115285,0.05139267327788087,0.2000683825465784,0.0,0.6,0.6,55.269950295074835,51.80354793096803
132,0.0708970016915473,0.42109529328515266,0.08350444477031797,0.22703912472846194,0.10313554930926437,0.09432858621525572,0.0,0.8,0.8,109.41741159339146,73.69853732043443
133,0.04002071535025388,0.19567326847746422,0.11018725079890113,0.2975498501957517,0.041608203886726605,0.3149607112909025,0.0,1.0,1.0,103.22810502378428,42.498155867615935
134,0.3364472329490055,0.15356756481847114,0.09980420339858762,0.1672165192499324,0.1104031383928921,0.13256134119111118,0.2,0.0,0.014000000000000002,98.58220961450405,98.59868366255063
135,0.12021350791101945,0.31685643695488996,0.16668937812900783,0.15101841268671531,0.06492676365541351,0.18029550066295388,0.2,0.2,0.21400000000000002,99.7552943088459,99.7669722908951
136,0.16270739812669935,0.0701567485834961,0.2550434193129623,0.14263468774756052,0.18969042810297554,0.17976731812630606,0.2,0.4,0.41400000000000003,69.69872773270623,68.0351143419375
137,0.11165277494664755,0.4495080232082801,0.032965578371322135,0.11158463141586257,0.131512520719061,0.16277647133882675,0.2,0.6,0.614,103.14102491352055,97.36794182923734
138,0.03523731608785861,0.03608651693181639,0.26323889342504597,0.0788962749082787,0.34918737162603103,0.23735362702096943,0.2,0.8,0.8140000000000001,66.7025474237491,47.92306147052505
139,0.28982337991873874,0.11276718778255478,0.30336921649335585,0.08218581538275477,0.07964551629663615,0.13220888412595996,0.2,1.0,1.0,70.8790123804553,42.186525739956934
140,0.2859331271583452,0.033631693220493246,0.04150762183870747,0.30277690918477485,0.17856219780419824,0.15758845079348088,0.4,0.0,0.05600000000000001,62.01511818165733,61.90432054084269
141,0.16470427851222788,0.19906937327201307,0.053591449526767296,0.052322998976910694,0.16604555553037353,0.3642663441817076,0.4,0.2,0.256,100.60046307280193,100.6024828118876
142,0.2378291408335605,0.27307270951275453,0.01588688574443894,0.15009189943799692,0.20854867142431321,0.11457069304693593,0.4,0.4,0.456,120.62797256236651,119.83383885455842
143,0.40271967157215965,0.058234853181143534,0.12790732911770542,0.10685615746490418,0.017333054397998874,0.2869489342660881,0.4,0.6,0.656,55.82232414618125,51.284936141079555
144,0.24909380125626224,0.4204739757644962,0.02748270646639823,0.03925146103956251,0.09818557930308518,0.1655124761701956,0.4,0.8,0.8560000000000001,95.67056756386089,56.84088689028945
145,0.05680615811634695,0.11324824622541971,0.15401376557167493,0.19513386334852578,0.3080510530751866,0.17274691366284606,0.4,1.0,1.0,103.59654312273369,42.72701950341223
146,0.20169571912809087,0.1450341033028111,0.056590825643454384,0.18276322381160698,0.08157246216887903,0.3323436659451577,0.6,0.0,0.126,91.43145099866855,91.44350153918536
147,0.021124555938116487,0.027809426938089212,0.37571637755289194,0.2907721925554408,0.07680907307916617,0.2077683739362954,0.6,0.2,0.326,57.65578366718826,57.071886197693004
148,0.29040550419427574,0.03990666281301574,0.14858773429114666,0.2696008916222069,0.1927234056292808,0.05877580145007424,0.6,0.4,0.526,63.81328210975643,60.18696735478842
149,0.041808902361712176,0.1530521532902325,0.1786536978127786,0.15261491491052415,0.2571194186676392,0.2167509129571132,0.6,0.6,0.726,109.30915379315883,85.37130893191008
150,0.2691544489782456,0.0602093476516677,0.09614795727095746,0.3326688587784666,0.20849429940479633,0.03332508791586633,0.6,0.8,0.926,70.84743668910868,43.14839756579675
151,0.22307305882722955,0.1893248692354977,0.15391405684237916,0.1781375180427048,0.14809459846241496,0.10745589858977392,0.6,1.0,1.0,115.79185072322072,42.64354439789063
152,0.09375730180303812,0.3013634831758429,0.01762538050997996,0.23174856372603764,0.2511416504779569,0.10436362030714466,0.8,0.0,0.22400000000000003,126.75064559935467,126.76675329254842
153,0.09543223652334001,0.02601333325905741,0.14286312384664904,0.4243635239962998,0.15382864294211282,0.15749913943254107,0.8,0.2,0.42400000000000004,60.15524102753047,58.590109991782654
154,0.06060802385072195,0.14774146544463768,0.2249142692000264,0.14730271350516616,0.29520901299444846,0.12422451500499943,0.8,0.4,0.6240000000000001,111.32208556373732,100.68332307099605
155,0.11191803877424816,0.18247085282900166,0.31585660715910585,0.020012470389583637,0.08302284705327893,0.28671918379478173,0.8,0.6,0.8240000000000001,88.70563312809874,59.30620459455299
156,0.22982799999581047,0.13295450612996065,0.21232095443342242,0.09722249322548211,0.26036317560767686,0.06731087060764737,0.8,0.8,1.0,106.63016824827983,42.65921633951707
157,0.023996867737697207,0.31168918297406606,0.23045693492634942,0.051677158349327894,0.34205097514275545,0.04012888086980405,0.8,1.0,1.0,105.03728072708195,42.51356568655934
158,0.2198626591353527,0.12676827399741214,0.10699630035227109,0.18940953454531792,0.0858446301042746,0.2711186018653716,1.0,0.0,0.35,83.55939194625836,83.22619709070003
159,0.0765974318342196,0.13911863136573654,0.10052612156133173,0.057288333608981355,0.24454484850999145,0.38192463311973923,1.0,0.2,0.55,96.49910275698639,92.11403081853648
160,0.0922381962460396,0.11850656104217835,0.13752433921658977,0.16451540731599232,0.19714773072313393,0.29006776545606594,1.0,0.4,0.75,96.98319250679873,68.76047526352313
161,0.054795073971319226,0.09762861536626162,0.32995060218862965,0.2462935520638756,0.188017557159911,0.08331459925000285,1.0,0.6,0.95,89.25348140876248,42.937399079628825
162,0.09810293491114815,0.07448009002493572,0.3421453187551659,0.06427161850928241,0.35908022805404716,0.06191980974542064,1.0,0.8,1.0,77.73873312369516,42.40889889062534
163,0.07745824065210506,0.05804438107819216,0.17980485986497854,0.4032824670645155,0.11611145451044856,0.16529859682976025,1.0,1.0,1.0,65.67590106985105,42.182461311739694
164,0.03490063035637068,0.4120340307127837,0.08545041661766906,0.08395449933278472,0.26602065165381816,0.11763977132657373,0.0,0.0,0.0,107.55768875471588,107.57684222209443
165,0.20098932970964292,0.030537927002534115,0.20947006696465412,0.16129731140090736,0.13233519984914985,0.2653701650731118,0.0,0.2,0.2,58.373859297387135,58.15259033679514
166,0.309440221621136,0.11875904421739991,0.10144278676398466,0.10887314333454616,0.016575126644356432,0.34490967741857675,0.0,0.4,0.4,66.36775120054521,65.9486217173563
167,0.30150644186906084,0.11381066500389585,0.15649687184026262,0.10781285222870664,0.08554652430503121,0.2348266447530429,0.0,0.6,0.6,72.71896344915368,67.3062573947417
168,0.1985562926833075,0.12276876961229531,0.173495984314377,0.08644722497886344,0.41526407427439904,0.0034676541367577134,0.0,0.8,0.8,103.56512553253305,63.7568295971285
169,0.11503082827944054,0.09072659578387471,0.3940030821976886,0.17344609283653284,0.1781561596721324,0.04863724123033087,0.0,1.0,1.0,79.49889099490134,42.389437610174895
170,0.1690149614971863,0.16330484312607402,0.291701204191963,0.12674616779578854,0.1132210614547762,0.13601176193421188,0.2,0.0,0.014000000000000002,102.78745500727034,102.80519319534984
171,0.04868106228288059,0.3335119077855317,0.27775529538492993,0.17259608471239316,0.1477929306990028,0.01966271913526189,0.2,0.2,0.21400000000000002,106.95494436328936,106.96835309206911
172,0.2113311567476406,0.1158180587919953,0.13400719292397004,0.029910373397722987,0.11963319304761084,0.38930002509106026,0.2,0.4,0.41400000000000003,75.31321948987092,74.45511283669504
173,0.19620695587126147,0.31774325700728384,0.030373349554125937,0.057879918426447866,0.1661521756842458,0.23164434345663498,0.2,0.6,0.614,103.3215807268036,97.24973235928941
174,0.10989266898808961,0.30894126889409823,0.09189017722944122,0.1464826825855906,0.18744816151212954,0.15534504079065084,0.2,0.8,0.8140000000000001,111.18816852130797,70.83420035992039
175,0.14260245123563184,0.05519692790223822,0.22551168977386488,0.1822400327661458,0.08266039848980596,0.3117884998323135,0.2,1.0,1.0,60.25186287603859,42.07854386721027
176,0.1095218748209503,0.0927742937880572,0.28415343361793427,0.13028358368557735,0.18670175510034517,0.19656505898713575,0.4,0.0,0.05600000000000001,79.33014009392743,79.26716344453398
177,0.06719855092591813,0.11701289177099623,0.12710632856587553,0.37446289048061565,0.20590612996674726,0.10831320828984721,0.4,0.2,0.256,104.55621387709485,104.26161363161916
178,0.18261446594716038,0.0693050425671349,0.24722849279616896,0.23138599044538985,0.13060205938060873,0.13886394886353698,0.4,0.4,0.456,67.23327918838446,65.20716839572897
179,0.07615662151048662,0.14778021938157127,0.12349180487385693,0.2417266673650382,0.2758409284492369,0.13500375841981013,0.4,0.6,0.656,120.93911423601016,104.49027763634282
180,0.2755993436658109,0.05187431239004945,0.06768921267655566,0.12993038216937744,0.2553560802729567,0.21955066882524982,0.4,0.8,0.8560000000000001,67.09978007881344,45.95267390289052
181,0.26884002935944096,0.3503193940192654,0.03435091310658494,0.1742945498310724,0.15228520312495883,0.019909910558677777,0.4,1.0,1.0,119.59034589990473,42.67652427460113
182,0.09558282261519735,0.2200272733363832,0.09162915479001965,0.20265543922794127,0.24250171501059606,0.1476035950198626,0.6,0.0,0.126,121.68874952190016,121.71118301450494
183,0.1420707929686096,0.09266178687881806,0.43141155596984243,0.16027053662226742,0.1116524409177772,0.06193288664268531,0.6,0.2,0.326,72.1395793604464,71.61567648526855
184,0.25241482593984044,0.1914104898109399,0.2334194227772441,0.1457402279260823,0.08448670886922789,0.09252832467666532,0.6,0.4,0.526,99.75586879523082,97.83639483946075
185,0.3535870621148558,0.13338222220435011,0.09307917430651914,0.27521280239629115,0.025070652041360234,0.11966808693662365,0.6,0.6,0.726,77.53931702962721,63.25067143817381
186,0.2153844748915655,0.040354525983783376,0.18200512670298363,0.2359198184277008,0.10238545193826337,0.22395060205570322,0.6,0.8,0.926,59.338195569216104,42.59547188673554
187,0.24544766104146856,0.1360166866273703,0.23154808485036543,0.1903457031497438,0.13492181733478317,0.0617200469962686,0.6,1.0,1.0,97.30577480371583,42.51823294816068
188,0.0876068036938863,0.11256735135999908,0.06566424713117777,0.006281288989138073,0.4976823487697653,0.23019796005603352,0.8,0.0,0.22400000000000003,88.14992829369649,87.9701049110376
189,0.36931840290836765,0.09848232574187482,0.12959462319968587,0.18025828308159164,0.12512628583646854,0.09722007923201162,0.8,0.2,0.42400000000000004,74.04242033956244,72.72495623093361
190,0.23963970859751585,0.11383858483122265,0.03716530429423491,0.3019393972619953,0.1848708357471098,0.12254616926792142,0.8,0.4,0.6240000000000001,98.35727038568054,85.30840888494296
191,0.05915521855431988,0.24323275702724328,0.2753724559317205,0.04704531594963236,0.09278497245394238,0.2824092800831416,0.8,0.6,0.8240000000000001,90.40541161867411,60.09957813498692
192,0.12009787524530108,0.21091591671152105,0.23253620413347878,0.03353880336899827,0.17022637704321633,0.23268482349748446,0.8,0.8,1.0,97.08874136246457,42.424675826663616
193,0.15036529954588196,0.10776888423738813,0.18437330048703984,0.10089996591642443,0.3821482074363975,0.07444434237686805,0.8,1.0,1.0,95.75330052670333,42.6253182418379
194,0.2302284622197498,0.14159543200345603,0.06358710200528413,0.11769388992782083,0.24665854568013848,0.20023656816355065,1.0,0.0,0.35,110.67209387200927,110.35434717388144
195,0.10940070666669584,0.05114979081066035,0.27438783797755906,0.22734392321890684,0.12460744816376429,0.21311029316241378,1.0,0.2,0.55,62.88729960278995,59.05338168590342
196,0.1803273801834498,0.1999467166782221,0.09747168708945887,0.08246614378356244,0.3786759573453449,0.061112114919962005,1.0,0.4,0.75,116.7325811583089,88.10126501847198
197,0.1783872019007985,0.15278832456855038,0.2789821287669564,0.07263657527635622,0.15425646561766845,0.1629493038696702,1.0,0.6,0.95,98.78941891694654,43.66505536624643
198,0.05839899857596755,0.21894919617659445,0.13564920650616605,0.25934794075057854,0.30055733472180796,0.027097323268885344,1.0,0.8,1.0,132.13803517437182,42.83343848946282
199,0.20187531310704263,0.12030028962703508,0.2049000070529811,0.37284719384393983,0.050138294327767514,0.049938902041233836,1.0,1.0,1.0,78.96079077848138,42.29693314284467
200,0.29202599569521787,0.1321519579305507,0.22780517627531302,0.12496414854325959,0.16081938077354446,0.06223334078211439,0.0,0.0,0.0,94.04320727746088,94.05781591581305
201,0.34780105592055205,0.1171878789440524,0.11038570788898891,0.05778319951703855,0.3375688803461821,0.029273277383185962,0.0,0.2,0.2,100.41920940467824,100.30955401912291
202,0.15969509672178733,0.08555142126542761,0.23660818222329072,0.2231586392456657,0.05013960504439639,0.24484705549943223,0.0,0.4,0.4,65.80647810411897,64.94868258440603
203,0.06382459579890311,0.0882344311937174,0.24662250712356093,0.30778898599187715,0.04928452825802637,0.2442449516339151,0.0,0.6,0.6,68.7798349864071,63.038215299655405
204,0.09608386104361061,0.193577142766293,0.29695664489498985,0.1257053364815111,0.2824835962435439,0.0051934185700515684,0.0,0.8,0.8,115.98011456638785,75.8720661098319
205,0.18893865662595974,0.26182838115137796,0.26816761352440965,0.11954332611938753,0.09239852664770558,0.06912349593115952,0.0,1.0,1.0,101.63540806210892,42.474568257685014
206,0.12805072159196018,0.2548557908057839,0.16599978075216723,0.20987705587201985,0.14573212226457882,0.09548452871349011,0.2,0.0,0.014000000000000002,114.34634508816832,114.36745815509131
207,0.1597730556441671,0.2654482476083037,0.2198761683855158,0.0719104758159067,0.14251961172656066,0.14047244081954607,0.2,0.2,0.21400000000000002,100.95081038731121,100.96247764590149
208,0.21623705713416727,0.16700783563416713,0.07500999532366975,0.380706778481955,0.15702998167368673,0.004008351752354246,0.2,0.4,0.41400000000000003,127.14738280959885,126.70926425393903
209,0.1515558336801867,0.1689406698642361,0.15304829520414642,0.18341210822711482,0.1104693846927472,0.23257370833156885,0.2,0.6,0.614,108.35725907694709,101.46123423887167
210,0.10486234637270007,0.30429656629931,0.08182332808041472,0.20322342012835215,0.20502355651922108,0.10077078260000193,0.2,0.8,0.8140000000000001,119.09359554098882,74.22046834183428
211,0.12388114301836874,0.08490062698139775,0.13773667048871857,0.14988939827218528,0.13939104271137473,0.3642011185279548,0.2,1.0,1.0,71.84435461251456,42.26026188000396
212,0.3562845322806982,0.1564778057257948,0.08432307561589612,0.08288322530760091,0.15326287188880464,0.16676848918120535,0.4,0.0,0.05600000000000001,102.19972991897775,102.21712106080346
213,0.062042856842646384,0.18207333950332463,0.22295035322511275,0.1619287082418101,0.29508407386050906,0.07592066832659722,0.4,0.2,0.256,119.445613557616,119.44935802009724
214,0.17851161268119695,0.0740290801257715,0.11607211235770076,0.15927760964388826,0.2121685274824431,0.2599410577089995,0.4,0.4,0.456,73.90064084733042,71.19597589254704
215,0.329622451271883,0.05907060875366985,0.06637296606532234,0.20681006934755541,0.18224733814964722,0.1558765664119221,0.4,0.6,0.656,66.55577718808995,57.78898930290393
216,0.20397568795505844,0.08339205124536851,0.1084268855456644,0.048578515936791085,0.39639674722247786,0.15923011209463966,0.4,0.8,0.8560000000000001,80.79674835309052,48.593574374833025
217,0.1898489993586612,0.25616810191982714,0.19047609637214052,0.0818281759337331,0.18316796067421126,0.09851066574142676,0.4,1.0,1.0,106.98148883122683,42.53727913592659
218,0.1413024579172412,0.07110898100596612,0.11960327642638985,0.22361139669198232,0.3345177151280726,0.10985617283034793,0.6,0.0,0.126,82.61877407220925,82.26171594902985
219,0.16040228501815945,0.12344037384234612,0.04297002286426331,0.4207004128931615,0.18545946586270176,0.06702743951936786,0.6,0.2,0.326,108.2048988342826,107.68803211049281
220,0.5768087681212253,0.0003024907158275203,0.1258709154835123,0.018607709254420582,0.22861902963065797,0.049791086794356273,0.6,0.4,0.526,55.23395161444043,52.857017245486254
221,0.15210007957989405,0.5490298170436916,0.01064571986142944,0.24220131945376044,0.03463616607730336,0.01138689798392112,0.6,0.6,0.726,102.14902813032975,84.23310115746011
222,0.33035906791965935,0.11028635541962849,0.47065608613150656,0.034053089378311384,1.7734004980481922e-05,0.0546276671459137,0.6,0.8,0.926,61.10833066100331,42.89736442256913
223,0.020900548904329373,0.004556469419087224,0.01113073630036064,0.8293842855147646,0.058268651237270756,0.07575930862418737,0.6,1.0,1.0,54.59929328937221,41.99418027957704
224,0.014280527187126357,6.853425549930427e-05,0.06932330936510203,0.04359581763509043,0.8688710846987563,0.0038607268584256497,0.8,0.0,0.22400000000000003,59.038158985705465,58.53115424236498
225,0.0006919961420256722,0.023064247891311788,0.0006995267296278284,0.219022713928123,0.00038299480630342697,0.7561385205026083,0.8,0.2,0.42400000000000004,54.02638704410141,53.17547205708283
226,0.6442113340990213,0.0031795987665109078,0.00821097267669045,0.06672900439058252,0.20939199577382114,0.06827709429337364,0.8,0.4,0.6240000000000001,55.53373390311835,51.09888007970569
227,0.11026707283948987,0.5685099744227692,0.032686923739340346,0.008163157869305094,0.06452152908613044,0.21585134204296505,0.8,0.6,0.8240000000000001,87.87198674218625,59.83445919437338
228,0.09553457592579996,0.19897607213288385,0.6311918058496498,0.010619427111974803,7.420377902717349e-07,0.06367737694190129,0.8,0.8,1.0,75.92801101141346,42.174022796698786
229,0.313857954053862,0.01487385336688988,0.07679949626676426,0.5786161997991722,0.012293144019496417,0.0035593524938153337,0.8,1.0,1.0,52.847503839290404,41.94983209344885
230,0.003991527035034666,0.012248241833688282,0.07114214526097674,0.017309145827660865,0.7912247376957909,0.10408420234684855,1.0,0.0,0.35,60.3057576268675,59.168531228345735
231,0.2746844266845022,2.5311804482386132e-05,0.002302054653355135,0.0013867441443517218,0.009365319934993727,0.7122361427783148,1.0,0.2,0.55,50.17113483569366,48.66884100108225
232,0.6567449738528658,0.0005368435190147795,0.09216649996548203,0.000631124969648671,0.14739562510436993,0.10252493258861867,1.0,0.4,0.75,53.00804125904257,46.37072720056902
233,0.000287960915472248,0.7770139851829543,0.032278965542363626,0.0008564976612186865,0.007298448844340074,0.18226414185365125,1.0,0.6,0.95,80.62536021361686,43.30060448968861
234,0.321341141864453,0.06480129348628803,0.2857333448198267,0.01418578962042041,0.2358624746743523,0.07807595553465954,1.0,0.8,1.0,66.19965549524119,42.18454448664184
235,0.00015697508565553847,0.24409966368120434,0.08710589367906704,0.6261253620885125,0.0009044643698685148,0.04160764109569202,1.0,1.0,1.0,95.0482724829164,42.40002695532545
236,0.06539038024347466,0.016467715042711845,0.008639776379566092,0.01972836055140114,0.8875270281500773,0.00224673963276891,0.0,0.0,0.0,60.63352044116635,60.502701086767196
237,0.0020013853376905427,0.011549270017633303,3.321202837519823e-06,0.07927785457514422,0.15193482091890037,0.7552333479477941,0.0,0.2,0.2,56.237508854903375,55.9782571532312
238,0.6164749735593894,3.626791158643981e-06,0.2740447015605188,0.00037875087405512506,0.10818126284864939,0.0009166843662285606,0.0,0.4,0.4,52.07106101275227,51.43141117600477
239,0.23463729200820743,0.6721424813786531,0.001881096276308254,0.06797941746282642,0.003692005310202641,0.0196677075638023,0.0,0.6,0.6,81.41325036849915,78.31699619538459
240,0.02111084717988389,2.68408885121677e-05,0.959752130442195,0.0008341895097188622,0.01817724040456522,9.875157512486753e-05,0.0,0.8,0.8,51.06456645631614,44.4833637516987
241,2.7227479882068018e-05,0.029885048089134447,0.006434986047746012,0.9482877906753909,0.013569203250109137,0.0017957444577373777,0.0,1.0,1.0,56.112120297864905,42.00824200822484
242,0.014451930237426101,0.0528520982345292,0.15381901615781493,0.003876498130508287,0.773254573243051,0.0017458839966703356,0.2,0.0,0.014000000000000002,68.06935151833169,67.92811258489706
243,0.22985139930471074,0.10942739988820886,0.006442205241415487,0.07524500048399867,0.03936755320433584,0.5396664418773305,0.2,0.2,0.21400000000000002,66.35385770525481,66.31244181580232
244,0.7012520803657236,3.887925350333714e-06,0.011373819857210437,5.4231805413510255e-05,0.2630484137211229,0.02426756632517912,0.2,0.4,0.41400000000000003,55.92140036933573,54.73975712929154
245,0.0707467909340941,0.7433615706670248,1.1623054718711736e-05,0.04727846185433116,0.011020012534654755,0.1275815409551765,0.2,0.6,0.614,85.0236190825072,81.16271386446599
246,0.0026307982833328946,2.29908318071356e-05,0.7094556013115834,0.2528380737944934,0.027988818013292564,0.007063717765490647,0.2,0.8,0.8140000000000001,53.28042351827731,44.6790104822707
247,0.419295104409804,0.0389436743608764,0.0003449915740172438,0.3568855469901657,0.00012195185343813082,0.18440873081169865,0.2,1.0,1.0,54.788036225153675,41.97474261231224
248,0.007313513631154377,0.030155321223383377,0.07775504618790398,0.0015957576432946922,0.8817334254390955,0.0014469358751681106,0.4,0.0,0.05600000000000001,63.751898194334665,63.560186182705
249,0.06949816635930549,0.0336972503178331,0.24703448902604355,0.00018253297869744698,3.1538849293481566e-05,0.6495560224688268,0.4,0.2,0.256,52.86481388663498,52.71668051692421
250,0.8656211789140937,3.3764827634243826e-06,0.03703495083836724,0.030561148710490985,0.05265825731960371,0.01412108773468108,0.4,0.4,0.456,51.111786020338975,50.261210013171464
251,0.009001290280683517,0.6701789961203504,6.051528508078187e-09,0.0025391443873060636,0.016357550990449343,0.3019230121696824,0.4,0.6,0.656,81.26095338984199,75.31221766910919
252,0.07034743538603856,5.959438698937487e-07,0.8416591779697883,0.07077201498165545,0.012676937110449881,0.004543838608197898,0.4,0.8,0.8560000000000001,51.302118399681355,43.326634288394544
253,0.1589371480630274,0.013723698952642187,1.630490059354567e-07,0.6639781903338772,0.13689408616812945,0.026466713433317995,0.4,1.0,1.0,57.44699085521817,42.05344750641592
254,0.0019615548273482627,0.07110433087157518,0.02612416709358825,0.03686764143856189,0.8254733726542465,0.03846893311468001,0.6,0.0,0.126,74.02688177301211,73.74309125217789
255,0.05791444934081362,0.0003586674880355094,0.003728954732300688,0.27323502745489076,0.03166904770418966,0.6330938532797699,0.6,0.2,0.326,53.331693189370064,52.89050707072179
256,0.7728604286021274,7.344828450608464e-06,0.14621527934099895,0.005183845454658739,0.07451758821765608,0.001215513556108244,0.6,0.4,0.526,51.38185355342901,49.87547388129796
257,0.004082727556171566,0.47384121103266014,0.03845634084299651,0.0002034288738516781,0.01156002930423115,0.4718562623900888,0.6,0.6,0.726,79.87879140481992,68.06360321935274
258,0.007285124000784231,0.15964777127618954,0.8166840081566809,0.0038159768003964162,0.0125671024128695,1.73530795459146e-08,0.6,0.8,0.926,76.50594760305692,44.35206918310739
259,0.019668770719851462,0.12859090165003725,0.003946794918974965,0.8380667280641383,0.00395511502349829,0.00577168962349982,0.6,1.0,1.0,78.51646995465144,42.27200051733937
260,0.026749680427686964,0.03726433127858675,0.0320549142331087,0.05164007645856303,0.8428689214174677,0.009422076184586773,0.8,0.0,0.22400000000000003,66.2938756149402,65.70946684083428
261,0.009769539212007895,0.08821873653259849,0.06606377315024184,0.1026405976787907,0.005630459944181802,0.7276768934821793,0.8,0.2,0.42400000000000004,61.806071369712456,60.98854087618834
262,0.6104104090001675,0.11634785547957284,0.007180761736009731,0.19244902299699676,0.015634117982993596,0.057977832804259354,0.8,0.4,0.6240000000000001,68.04733418172076,62.71244904378903
263,0.053681144762794814,0.8003141195226318,0.11581502355636564,0.02719256282335259,0.00029421320462753446,0.0027029361302278827,0.8,0.6,0.8240000000000001,82.22172379802264,57.951311045827175
264,0.11822083716499107,0.034450693609117115,0.8171555326701591,0.0011066163812391615,0.02892834001659411,0.00013798015789967636,0.8,0.8,1.0,53.56730950078214,41.95140438288277
265,0.13567569281649286,0.12273447462238214,0.029763499707086544,0.6944050971167124,0.01741744168240958,3.794054916410839e-06,0.8,1.0,1.0,76.10147840730649,42.248566324098775
266,0.007421931050479174,0.013342692271408071,0.0012886221426282732,0.04715574900606181,0.7714681116342109,0.15932289389521165,1.0,0.0,0.35,61.00189935862738,59.80587106075955
267,0.0004015351705547481,0.006422021526160862,0.07933361182860638,0.01356396426495413,0.008491752585192578,0.8917871146245312,1.0,0.2,0.55,51.38168705247948,49.617491451338495
268,0.8727762007915174,0.0013144286168566184,8.492612235712433e-05,0.03215500520658967,0.003105761653364848,0.09056367760931447,1.0,0.4,0.75,50.20923397670999,45.34701009286877
269,0.004873569412152675,0.9445674438548524,0.001083524010722973,0.013765973713873374,1.5808827006745063e-05,0.03569368018139201,1.0,0.6,0.95,81.75945180797267,43.39136530998831
270,0.0023890239426486186,0.09454572094934359,0.8655448321319008,0.015395300077178353,0.021878810419338167,0.0002463124795904834,1.0,0.8,1.0,62.20396594176496,42.06994726602794
271,1.3181781185281188e-07,0.05021232328481503,0.10810521565633602,0.7990483094924474,0.023525785148147182,0.01910823460044243,1.0,1.0,1.0,58.94739814842724,42.05549141128112
272,0.07890800696835516,0.043946019660840045,0.21292990777524176,0.0036565709334949177,0.6581706598085221,0.00238883485354597,0.0,0.0,0.0,65.98064095732069,65.85905889012332
273,0.05559876379834481,0.06711899823481861,0.01657864626158515,0.06875289602178974,0.0017460901869953143,0.7902046054964663,0.0,0.2,0.2,57.135430534312746,57.05176054182672
274,0.9172690525091911,3.0046514598489865e-05,0.011943996991145867,0.009315941510174718,0.040846596787355235,0.020594365687534526,0.0,0.4,0.4,50.72574977925176,50.2164148544538
275,0.0006418647940573856,0.9074112580204469,7.569132491601719e-05,0.07021484417987713,0.021606036960575593,5.030472012690869e-05,0.0,0.6,0.6,87.55501438702619,84.32762269364291
276,0.002014196304077379,0.12690388857718218,0.5473635821736611,0.20002580175795914,0.08588772275904481,0.037804808428075536,0.0,0.8,0.8,88.94041606325291,59.191790124165266
277,0.24676660765492855,0.0023258522212557505,0.08814896240335307,0.6624678680392632,1.256336636241264e-06,0.0002894533445631835,0.0,1.0,1.0,51.935891052708214,41.93543524285349
278,0.032284700867952126,0.024500529703377124,0.13567723449859992,0.001945615842596393,0.7229204043096391,0.08267151477783533,0.2,0.0,0.014000000000000002,61.70074163357847,61.55881200909917
279,0.000343326065185033,0.04060948710926089,0.0049891537045878235,0.002158513343353276,0.12940521993454082,0.8224942998430721,0.2,0.2,0.21400000000000002,58.26488222372163,58.03735178673281
280,0.515589751388089,0.2688763494804084,0.002142903345861916,0.16446636482628407,0.02143036058020586,0.02749427037915075,0.2,0.4,0.41400000000000003,85.72082451471562,85.48014221486414
281,0.42522858736748365,0.008547158981973692,0.4120024601054897,0.003883119282772208,0.1500549538273588,0.00028372043492200553,0.2,0.6,0.614,53.71378092894409,50.251732559719706
282,0.6978291399293488,0.03520042568522989,0.08302541590963955,0.18392943510033938,1.97956826584226e-06,1.3603807176566883e-05,0.2,0.8,0.8140000000000001,53.66323143881875,45.02895014804313
283,0.2779411822286307,0.006195805738135537,0.00021580353768795634,0.21873355819880044,0.3332264582851668,0.1636871920115787,0.2,1.0,1.0,61.16600243848562,42.14447839506226
284,0.43579920022408114,0.13676849931878846,0.00012100037449596642,0.005700447710272695,0.00014235953072633476,0.42146849284163557,0.4,0.0,0.05600000000000001,65.23995846581992,65.2464470951052
285,0.0077966756164928154,0.5028523454687013,0.20611731946029405,0.0009322504119646162,5.029952019766266e-05,0.28225110952234944,0.4,0.2,0.256,78.73517662178426,78.7372530207827
286,0.032860458994605685,0.5533704346892667,4.004310046890481e-06,0.4104106879724778,0.0033531026486206925,1.3113849820786993e-06,0.4,0.4,0.456,98.6899543505256,98.17485208286382
287,0.00024722742346279053,0.3302439617130926,0.004854386419714299,0.07112374512025961,0.43364541805898915,0.15988526126448144,0.4,0.6,0.656,106.21808857258641,96.0473474205333
288,0.02227290832903348,0.09174510851001731,0.05690314954356585,0.06065742165877125,0.0006466252958922947,0.7677747866627199,0.4,0.8,0.8560000000000001,61.207961501439875,45.52328101820869
289,0.010877236470198072,0.1721689159449501,0.5245212989003541,0.13751011639154856,0.00404523285588749,0.15087719943706182,0.4,1.0,1.0,85.91583371236584,42.29402615950027
290,0.031915414403375704,0.07150723025685252,0.3543317928026038,0.0027030215565738243,0.47254292658200214,0.0669996143985918,0.6,0.0,0.126,73.71838855238332,73.46836148025683
291,0.05091110431482119,0.052510380721512165,0.4348649688746842,0.020795222063782315,0.012188427221246396,0.4287298968039538,0.6,0.2,0.326,55.092598383161146,54.8001975098116
292,0.06981472696959014,0.0018849455686579903,0.0014166297720373648,0.7082867033249447,0.21813887960900616,0.00045811475576372924,0.6,0.4,0.526,59.430303044584235,55.998095494464025
293,0.06060184233471401,0.015260035041199745,2.768405672970372e-05,0.28581019246578,0.3354441529174715,0.3028560931841051,0.6,0.6,0.726,65.19794642377272,52.02440128255197
294,0.0005182932482450125,0.005442150358819235,0.003698053599776698,0.002789471965003593,0.3945359106789999,0.5930161201491557,0.6,0.8,0.926,59.133197433303955,42.52092996133917
295,0.23457415576575175,0.5690951712997706,0.10947499433784631,0.004204752718166309,0.08262870694988954,2.2218928575543497e-05,0.6,1.0,1.0,90.80796090383396,42.33662845681624
296,0.34010533206978155,0.011398721168430336,0.08060155023380614,0.0028036382878658048,0.5287303821233477,0.036360376116768456,0.8,0.0,0.22400000000000003,58.345209379195126,57.97949196035633
297,0.4844488727883499,0.2095007910234762,0.01522897993963236,0.05815243897535679,0.22952301106300851,0.003145906210176168,0.8,0.2,0.42400000000000004,113.6615931203477,113.22089808226906
298,0.5324953333755871,0.02802797708778835,0.00035600206311343485,0.009781999894533834,0.4217201223481542,0.007618565230823099,0.8,0.4,0.6240000000000001,60.77452406469295,54.72272426423253
299,0.39357740017516596,0.018925823979475835,0.006333157865355014,9.231654758395739e-07,4.434459732698267e-05,0.5811183502172005,0.8,0.6,0.8240000000000001,50.819822673643124,43.998607069634794
