grid_index,horizon,total_suppression,avg_wb,V_proj,h_n,h_n_shape
0,1,0.0,0.6632599026771968,0.10686397261573607,0.9830271450809558,0.9830285977429757
0,2,0.0,0.6757402486365066,0.11092345891039561,0.9830277254092042,0.9830285977429757
0,3,0.0,0.6868027681843217,0.11458503532930771,0.9830280470489151,0.9830285977429757
0,4,0.0,0.6965576159428188,0.11786311616947395,0.9830282329375655,0.9830285977429757
0,5,0.0,0.7051068391402096,0.1207740648219603,0.9830283446718784,0.9830285977429757
0,6,0.0,0.7125449605491581,0.12333557841897912,0.9830284143052379,0.9830285977429757
0,7,0.0,0.7189595210793533,0.1255661874119973,0.9830284591348537,0.9830285977429757
0,8,0.0,0.7244315853452825,0.12748485192653447,0.9830284888228633,0.9830285977429757
0,9,0.0,0.7290362131725375,0.12911063941604825,0.9830285089442797,0.9830285977429757
0,10,0.0,0.7328428996720053,0.1304624704178625,0.9830285228136347,0.9830285977429757
0,11,0.0,0.7359159862053719,0.131558921159588,0.9830285324553983,0.9830285977429757
0,12,0.0,0.738315044289871,0.13241807342649115,0.9830285391350996,0.9830285977429757
0,13,0.0,0.7400952342459568,0.13305740352218645,0.9830285436582399,0.9830285977429757
0,14,0.0,0.7413076401782585,0.13349370337333552,0.9830285465429017,0.9830285977429757
0,15,0.0,0.7419995826965898,0.13374302787431525,0.9830285481217292,0.9830285977429757
0,16,0.0,0.742214910628163,0.1338206634657568,0.983028548603339,0.9830285977429757
0,17,0.0,0.7419942728423031,0.13374111371299915,0.9830285481097955,0.9830285977429757
0,18,0.0,0.7413753712024782,0.13351809831497924,0.9830285466995725,0.9830285977429757
0,19,0.0,0.7403931955747912,0.13316456254614617,0.983028544381453,0.9830285977429757
0,20,0.0,0.7390802417546923,0.13269269462652847,0.9830285411225801,0.9830285977429757
1,1,0.2,0.6632599026771968,0.06839294247407109,0.982846162328668,0.9830285977429757
1,2,0.2,0.6757402486365066,0.07099101370265318,0.9828969659691138,0.9830285977429757
1,3,0.2,0.6868027681843217,0.07333442261075697,0.9829305344515333,0.9830285977429757
1,4,0.2,0.6965576159428188,0.07543239434846333,0.9829532547223278,0.9830285977429757
1,5,0.2,0.7051068391402096,0.07729540148605461,0.9829689767718572,0.9830285977429757
1,6,0.2,0.7125449605491581,0.07893477018814665,0.9829800737452332,0.9830285977429757
1,7,0.2,0.7189595210793533,0.08036235994367828,0.9829880404864582,0.9830285977429757
1,8,0.2,0.7244315853452825,0.08159030523298205,0.9829938382857185,0.9830285977429757
1,9,0.2,0.7290362131725375,0.08263080922627089,0.9829980974485958,0.9830285977429757
1,10,0.2,0.7328428996720053,0.08349598106743199,0.9830012386913519,0.9830285977429757
1,11,0.2,0.7359159862053719,0.08419770954213633,0.9830035473023797,0.9830285977429757
1,12,0.2,0.738315044289871,0.08474756699295433,0.9830052192967258,0.9830285977429757
1,13,0.2,0.7400952342459568,0.08515673825419935,0.9830063906540957,0.9830285977429757
1,14,0.2,0.7413076401782585,0.08543597015893475,0.9830071561527975,0.9830285977429757
1,15,0.2,0.7419995826965898,0.08559553783956177,0.9830075816915369,0.9830285977429757
1,16,0.2,0.742214910628163,0.08564522461808437,0.9830077124651361,0.9830285977429757
1,17,0.2,0.7419942728423031,0.08559431277631946,0.9830075784568973,0.9830285977429757
1,18,0.2,0.7413753712024782,0.08545158292158674,0.9830071981667704,0.9830285977429757
1,19,0.2,0.7403931955747912,0.08522532002953356,0.9830065811622895,0.9830285977429757
1,20,0.2,0.7390802417546923,0.08492332456097823,0.9830057298331776,0.9830285977429757
2,1,0.4,0.6632599026771968,0.03847103014166498,0.9752011245855967,0.9830285977429757
2,2,0.4,0.6757402486365066,0.03993244520774242,0.9765139925007614,0.9830285977429757
2,3,0.4,0.6868027681843217,0.04125061271855077,0.977508203697479,0.9830285977429757
2,4,0.4,0.6965576159428188,0.04243072182101062,0.978268844977917,0.9830285977429757
2,5,0.4,0.7051068391402096,0.04347866333590571,0.9788559698701086,0.9830285977429757
2,6,0.4,0.7125449605491581,0.044400808230832485,0.9793124047132128,0.9830285977429757
2,7,0.4,0.7189595210793533,0.045203827468319024,0.9796690078811529,0.9830285977429757
2,8,0.4,0.7244315853452825,0.045894546693552404,0.9799482393644989,0.9830285977429757
2,9,0.4,0.7290362131725375,0.046479830189777374,0.9801666038079835,0.9830285977429757
2,10,0.4,0.7328428996720053,0.0469664893504305,0.9803363375741087,0.9830285977429757
2,11,0.4,0.7359159862053719,0.04736121161745167,0.9804665846988121,0.9830285977429757
2,12,0.4,0.738315044289871,0.04767050643353681,0.9805642244618586,0.9830285977429757
2,13,0.4,0.7400952342459568,0.04790066526798712,0.9806344594449832,0.9830285977429757
2,14,0.4,0.7413076401782585,0.04805773321440079,0.9806812374767371,0.9830285977429757
2,15,0.4,0.7419995826965898,0.048147490034753486,0.9807075573519207,0.9830285977429757
2,16,0.4,0.742214910628163,0.04817543884767244,0.9807156925231562,0.9830285977429757
2,17,0.4,0.7419942728423031,0.04814680093667968,0.9807073564123943,0.9830285977429757
2,18,0.4,0.7413753712024782,0.04806651539339252,0.9806838258405727,0.9830285977429757
2,19,0.4,0.7403931955747912,0.047939242516612614,0.9806460341886213,0.9830285977429757
2,20,0.4,0.7390802417546923,0.04776937006555024,0.9805946425371734,0.9830285977429757
3,1,0.6,0.6632599026771968,0.01709823561851777,0.8682920176148193,0.9830285977429757
3,2,0.6,0.6757402486365066,0.017747753425663294,0.8772823909832325,0.9830285977429757
3,3,0.6,0.6868027681843217,0.018333605652689242,0.8847856848644526,0.9830285977429757
3,4,0.6,0.6965576159428188,0.018858098587115832,0.8910502992724307,0.9830285977429757
3,5,0.6,0.7051068391402096,0.019323850371513653,0.8962776205333521,0.9830285977429757
3,6,0.6,0.7125449605491581,0.019733692547036663,0.9006311503761582,0.9830285977429757
3,7,0.6,0.7189595210793533,0.02009058998591957,0.9042439211475689,0.9830285977429757
3,8,0.6,0.7244315853452825,0.020397576308245513,0.9072244689409227,0.9830285977429757
3,9,0.6,0.7290362131725375,0.020657702306567723,0.9096616212292264,0.9830285977429757
3,10,0.6,0.7328428996720053,0.020873995266857997,0.911628324476365,0.9830285977429757
3,11,0.6,0.7359159862053719,0.021049427385534083,0.9131847018361927,0.9830285977429757
3,12,0.6,0.738315044289871,0.02118689174823858,0.9143804971639234,0.9830285977429757
3,13,0.6,0.7400952342459568,0.021289184563549838,0.9152570316049211,0.9830285977429757
3,14,0.6,0.7413076401782585,0.02135899253973369,0.9158487737107336,0.9830285977429757
3,15,0.6,0.7419995826965898,0.02139888445989044,0.9161846032284876,0.9830285977429757
3,16,0.6,0.742214910628163,0.021411306154521092,0.9162888319165027,0.9830285977429757
3,17,0.6,0.7419942728423031,0.021398578194079865,0.9161820313401485,0.9830285977429757
3,18,0.6,0.7413753712024782,0.021362895730396684,0.9158817069915267,0.9830285977429757
3,19,0.6,0.7403931955747912,0.02130633000738339,0.9154028497131481,0.9830285977429757
3,20,0.6,0.7390802417546923,0.021230831140244558,0.9147583888306585,0.9830285977429757
4,1,0.8,0.6632599026771968,0.004274558904629441,0.408449147476855,0.9830285977429757
4,2,0.8,0.6757402486365066,0.004436938356415822,0.4200513887955987,0.9830285977429757
4,3,0.8,0.6868027681843217,0.004583401413172306,0.4303152892095865,0.9830285977429757
4,4,0.8,0.6965576159428188,0.004714524646778956,0.43934534310051443,0.9830285977429757
4,5,0.8,0.7051068391402096,0.00483096259287841,0.4472403194326381,0.9830285977429757
4,6,0.8,0.7125449605491581,0.004933423136759163,0.4540926866337869,0.9830285977429757
4,7,0.8,0.7189595210793533,0.005022647496479888,0.4599884169397553,0.9830285977429757
4,8,0.8,0.7244315853452825,0.0050993940770613765,0.46500704487897876,0.9830285977429757
4,9,0.8,0.7290362131725375,0.005164425576641929,0.46922188997225145,0.9830285977429757
4,10,0.8,0.7328428996720053,0.0052184988167144975,0.47270037986936825,0.9830285977429757
4,11,0.8,0.7359159862053719,0.005262356846383518,0.475504429289695,0.9830285977429757
4,12,0.8,0.738315044289871,0.005296722937059643,0.4776908440352955,0.9830285977429757
4,13,0.8,0.7400952342459568,0.005322296140887456,0.47931172935467864,0.9830285977429757
4,14,0.8,0.7413076401782585,0.005339748134933418,0.48041488907767205,0.9830285977429757
4,15,0.8,0.7419995826965898,0.005349721114972609,0.4810442069871505,0.9830285977429757
4,16,0.8,0.742214910628163,0.0053528265386302695,0.4812400054149099,0.9830285977429757
4,17,0.8,0.7419942728423031,0.005349644548519962,0.48103937847120487,0.9830285977429757
4,18,0.8,0.7413753712024782,0.005340723932599167,0.48047649895262445,0.9830285977429757
4,19,0.8,0.7403931955747912,0.005326582501845845,0.4795828990494809,0.9830285977429757
4,20,0.8,0.7390802417546923,0.005307707785061135,0.4783877256580363,0.9830285977429757
5,1,1.0,0.6632599026771968,0.0,0.0,0.9830285977429757
5,2,1.0,0.6757402486365066,0.0,0.0,0.9830285977429757
5,3,1.0,0.6868027681843217,0.0,0.0,0.9830285977429757
5,4,1.0,0.6965576159428188,0.0,0.0,0.9830285977429757
5,5,1.0,0.7051068391402096,0.0,0.0,0.9830285977429757
5,6,1.0,0.7125449605491581,0.0,0.0,0.9830285977429757
5,7,1.0,0.7189595210793533,0.0,0.0,0.9830285977429757
5,8,1.0,0.7244315853452825,0.0,0.0,0.9830285977429757
5,9,1.0,0.7290362131725375,0.0,0.0,0.9830285977429757
5,10,1.0,0.7328428996720053,0.0,0.0,0.9830285977429757
5,11,1.0,0.7359159862053719,0.0,0.0,0.9830285977429757
5,12,1.0,0.738315044289871,0.0,0.0,0.9830285977429757
5,13,1.0,0.7400952342459568,0.0,0.0,0.9830285977429757
5,14,1.0,0.7413076401782585,0.0,0.0,0.9830285977429757
5,15,1.0,0.7419995826965898,0.0,0.0,0.9830285977429757
5,16,1.0,0.742214910628163,0.0,0.0,0.9830285977429757
5,17,1.0,0.7419942728423031,0.0,0.0,0.9830285977429757
5,18,1.0,0.7413753712024782,0.0,0.0,0.9830285977429757
5,19,1.0,0.7403931955747912,0.0,0.0,0.9830285977429757
5,20,1.0,0.7390802417546923,0.0,0.0,0.9830285977429757
6,1,0.014000000000000002,0.6632599026771968,0.10389272672112815,0.9830264877885866,0.9830285977429757
6,2,0.014000000000000002,0.6757402486365066,0.10783934305885097,0.9830273126064891,0.9830285977429757
6,3,0.014000000000000002,0.6868027681843217,0.11139911300701166,0.9830277760086492,0.9830285977429757
6,4,0.014000000000000002,0.6965576159428188,0.11458605008749786,0.9830280471191136,0.9830285977429757
6,5,0.014000000000000002,0.7051068391402096,0.11741606272365052,0.9830282118631252,0.9830285977429757
6,6,0.014000000000000002,0.7125449605491581,0.11990635599661781,0.9830283155254655,0.9830285977429757
6,7,0.014000000000000002,0.7189595210793533,0.12207494513719411,0.9830283828274966,0.9830285977429757
6,8,0.014000000000000002,0.7244315853452825,0.1239402631035691,0.9830284277239053,0.9830285977429757
6,9,0.014000000000000002,0.7290362131725375,0.12552084719772447,0.9830284583430955,0.9830285977429757
6,10,0.014000000000000002,0.7328428996720053,0.12683509189036424,0.9830284795590531,0.9830285977429757
6,11,0.014000000000000002,0.7359159862053719,0.12790105691566683,0.9830284943715958,0.9830285977429757
6,12,0.014000000000000002,0.738315044289871,0.128736321312941,0.983028504668833,0.9830285977429757
6,13,0.014000000000000002,0.7400952342459568,0.12935787547465558,0.9830285116599323,0.9830285977429757
6,14,0.014000000000000002,0.7413076401782585,0.12978204444474328,0.9830285161269698,0.9830285977429757
6,15,0.014000000000000002,0.7419995826965898,0.1300244367272978,0.9830285185748007,0.9830285977429757
6,16,0.014000000000000002,0.742214910628163,0.1300999137387549,0.9830285193219214,0.9830285977429757
6,17,0.014000000000000002,0.7419942728423031,0.1300225757873229,0.9830285185562901,0.9830285977429757
6,18,0.014000000000000002,0.7413753712024782,0.12980576110942957,0.9830285163697788,0.9830285977429757
6,19,0.014000000000000002,0.7403931955747912,0.12946205504911312,0.9830285127792263,0.9830285977429757
6,20,0.014000000000000002,0.7390802417546923,0.12900330694513246,0.9830285077388226,0.9830285977429757
7,1,0.21400000000000002,0.6632599026771968,0.06602013482611128,0.9827828059465354,0.9830285977429757
7,2,0.21400000000000002,0.6757402486365066,0.06852806922100677,0.9828492331343025,0.9830285977429757
7,3,0.21400000000000002,0.6868027681843217,0.07079017648630498,0.9828936025728565,0.9830285977429757
7,4,0.21400000000000002,0.6965576159428188,0.07281536171703634,0.9829239268429977,0.9830285977429757
7,5,0.21400000000000002,0.7051068391402096,0.07461373415074779,0.9829450935300451,0.9830285977429757
7,6,0.21400000000000002,0.7125449605491581,0.07619622700493162,0.9829601484431724,0.9830285977429757
7,7,0.21400000000000002,0.7189595210793533,0.07757428831838228,0.9829710294658085,0.9830285977429757
7,8,0.21400000000000002,0.7244315853452825,0.07875963158080528,0.982978994282212,0.9830285977429757
7,9,0.21400000000000002,0.7290362131725375,0.07976403658867695,0.9829848744815058,0.9830285977429757
7,10,0.21400000000000002,0.7328428996720053,0.08059919237427379,0.9829892293935577,0.9830285977429757
7,11,0.21400000000000002,0.7359159862053719,0.08127657525670882,0.9829924409577052,0.9830285977429757
7,12,0.21400000000000002,0.738315044289871,0.08180735609059252,0.9829947732816902,0.9830285977429757
7,13,0.21400000000000002,0.7400952342459568,0.08220233166639271,0.9829964106778539,0.9830285977429757
7,14,0.21400000000000002,0.7413076401782585,0.08247187596923321,0.9829974823503372,0.9830285977429757
7,15,0.21400000000000002,0.7419995826965898,0.08262590764864047,0.9829980786616372,0.9830285977429757
7,16,0.21400000000000002,0.742214910628163,0.0826738706064907,0.9829982619996441,0.9830285977429757
7,17,0.21400000000000002,0.7419942728423031,0.08262472508743603,0.982998074127338,0.9830285977429757
7,18,0.21400000000000002,0.7413753712024782,0.08248694706660092,0.9829975412064987,0.9830285977429757
7,19,0.21400000000000002,0.7403931955747912,0.08226853408275893,0.9829966772614005,0.9830285977429757
7,20,0.21400000000000002,0.7390802417546923,0.08197701596949081,0.9829954865827325,0.9830285977429757
8,1,0.41400000000000003,0.6632599026771968,0.0366966607403533,0.9732465545834923,0.9830285977429757
8,2,0.41400000000000003,0.6757402486365066,0.038090672095994205,0.9748180226492762,0.9830285977429757
8,3,0.41400000000000003,0.6868027681843217,0.03934804279194295,0.9760177171406419,0.9830285977429757
8,4,0.41400000000000003,0.6965576159428188,0.04047372264013267,0.9769422537029088,0.9830285977429757
8,5,0.41400000000000003,0.7051068391402096,0.04147333076360188,0.977660520160031,0.9830285977429757
8,6,0.41400000000000003,0.7125449605491581,0.042352944286763755,0.9782221096955573,0.9830285977429757
8,7,0.41400000000000003,0.7189595210793533,0.04311892649253022,0.9786630718226623,0.9830285977429757
8,8,0.41400000000000003,0.7244315853452825,0.04377778821216422,0.9790098599376208,0.9830285977429757
8,9,0.41400000000000003,0.7290362131725375,0.0443360771329133,0.9792820615319731,0.9830285977429757
8,10,0.41400000000000003,0.7328428996720053,0.044800290491612306,0.9794943021104503,0.9830285977429757
8,11,0.41400000000000003,0.7359159862053719,0.04517680729051788,0.9796575845014386,0.9830285977429757
8,12,0.41400000000000003,0.738315044289871,0.045471836742363346,0.9797802395025291,0.9830285977429757
8,13,0.41400000000000003,0.7400952342459568,0.045691380139904744,0.9798686068587451,0.9830285977429757
8,14,0.41400000000000003,0.7413076401782585,0.045841203763589924,0.9799275276076724,0.9830285977429757
8,15,0.41400000000000003,0.7419995826965898,0.04592682079992836,0.9799607033859848,0.9830285977429757
8,16,0.41400000000000003,0.742214910628163,0.04595348055148702,0.9799709611399298,0.9830285977429757
8,17,0.41400000000000003,0.7419942728423031,0.04592616348458905,0.9799604500394661,0.9830285977429757
8,18,0.41400000000000003,0.7413753712024782,0.0458495808889706,0.9799307894348114,0.9830285977429757
8,19,0.41400000000000003,0.7403931955747912,0.045728178120096406,0.9798831812091661,0.9830285977429757
8,20,0.41400000000000003,0.7390802417546923,0.04556614056397137,0.9798184960723395,0.9830285977429757
9,1,0.614,0.6632599026771968,0.01592230446385421,0.8500261480931894,0.9830285977429757
9,2,0.614,0.6757402486365066,0.01652715168381331,0.8597579371451853,0.9830285977429757
9,3,0.614,0.6868027681843217,0.01707271192392553,0.8679235284323283,0.9830285977429757
9,4,0.614,0.6965576159428188,0.01756113285678694,0.8747739261368251,0.9830285977429757
9,5,0.614,0.7051068391402096,0.0179948525622128,0.880514571082624,0.9830285977429757
9,6,0.614,0.7125449605491581,0.018376507842114215,0.8853137575471512,0.9830285977429757
9,7,0.614,0.7189595210793533,0.018708859659637953,0.8893095835046191,0.9830285977429757
9,8,0.614,0.7244315853452825,0.018994732997645928,0.8926156307088589,0.9830285977429757
9,9,0.614,0.7290362131725375,0.01923696883043353,0.8953255766263292,0.9830285977429757
9,10,0.614,0.7328428996720053,0.01943838624237984,0.89751692495581,0.9830285977429757
9,11,0.614,0.7359159862053719,0.01960175301709397,0.8992540177923087,0.9830285977429757
9,12,0.614,0.738315044289871,0.019729763268253472,0.9005904670328032,0.9830285977429757
9,13,0.614,0.7400952342459568,0.0198250208951917,0.9015711186344836,0.9830285977429757
9,14,0.614,0.7413076401782585,0.019890027827813503,0.9022336421975444,0.9830285977429757
9,15,0.614,0.7419995826965898,0.019927176181161476,0.9026098204285219,0.9830285977429757
9,16,0.614,0.742214910628163,0.0199387435737439,0.9027265982227627,0.9830285977429757
9,17,0.614,0.7419942728423031,0.01992689097878202,0.9026069390439109,0.9830285977429757
9,18,0.614,0.7413753712024782,0.019893662576538643,0.9022705265641948,0.9830285977429757
9,19,0.614,0.7403931955747912,0.019840987161125593,0.9017343417587228,0.9830285977429757
9,20,0.614,0.7390802417546923,0.01977068072857423,0.9010131394579088,0.9830285977429757
10,1,0.8140000000000001,0.6632599026771968,0.0036970659966140034,0.36521483370749525,0.9830285977429757
10,2,0.8140000000000001,0.6757402486365066,0.003837507984464043,0.37601951170105635,0.9830285977429757
10,3,0.8140000000000001,0.6868027681843217,0.003964183882252728,0.38560294106634935,0.9830285977429757
10,4,0.8140000000000001,0.6965576159428188,0.004077592366999119,0.3940542154159493,0.9830285977429757
10,5,0.8140000000000001,0.7051068391402096,0.004178299546580537,0.4014587084784442,0.9830285977429757
10,6,0.8140000000000001,0.7125449605491581,0.0042669176709829995,0.4078973180236781,0.9830285977429757
10,7,0.8140000000000001,0.7189595210793533,0.004344087819705455,0.41344607496463764,0.9830285977429757
10,8,0.8140000000000001,0.7244315853452825,0.004410465937250383,0.4181760072330546,0.9830285977429757
10,9,0.8140000000000001,0.7290362131725375,0.004466711681237604,0.42215317743997394,0.9830285977429757
10,10,0.8140000000000001,0.7328428996720053,0.004513479626576369,0.4254388354414224,0.9830285977429757
10,11,0.8140000000000001,0.7359159862053719,0.004551412436437103,0.4280896434146286,0.9830285977429757
10,12,0.8140000000000001,0.738315044289871,0.004581135668262885,0.4301579432531857,0.9830285977429757
10,13,0.8140000000000001,0.7400952342459568,0.004603253932253561,0.43169204505988806,0.9830285977429757
10,14,0.8140000000000001,0.7413076401782585,0.0046183481619039134,0.4327365220641933,0.9830285977429757
10,15,0.8140000000000001,0.7419995826965898,0.004626973792339809,0.4333325020363787,0.9830285977429757
10,16,0.8140000000000001,0.742214910628163,0.0046296596732613195,0.43351794868145643,0.9830285977429757
10,17,0.8140000000000001,0.7419942728423031,0.004626907570014916,0.4333279289255741,0.9830285977429757
10,18,0.8140000000000001,0.7413753712024782,0.004619192129305019,0.43279486371987885,0.9830285977429757
10,19,0.8140000000000001,0.7403931955747912,0.00460696120584647,0.4319487611780354,0.9830285977429757
10,20,0.8140000000000001,0.7390802417546923,0.004590636463299375,0.4308174316791779,0.9830285977429757
11,1,1.0,0.6632599026771968,0.0,0.0,0.9830285977429757
11,2,1.0,0.6757402486365066,0.0,0.0,0.9830285977429757
11,3,1.0,0.6868027681843217,0.0,0.0,0.9830285977429757
11,4,1.0,0.6965576159428188,0.0,0.0,0.9830285977429757
11,5,1.0,0.7051068391402096,0.0,0.0,0.9830285977429757
11,6,1.0,0.7125449605491581,0.0,0.0,0.9830285977429757
11,7,1.0,0.7189595210793533,0.0,0.0,0.9830285977429757
11,8,1.0,0.7244315853452825,0.0,0.0,0.9830285977429757
11,9,1.0,0.7290362131725375,0.0,0.0,0.9830285977429757
11,10,1.0,0.7328428996720053,0.0,0.0,0.9830285977429757
11,11,1.0,0.7359159862053719,0.0,0.0,0.9830285977429757
11,12,1.0,0.738315044289871,0.0,0.0,0.9830285977429757
11,13,1.0,0.7400952342459568,0.0,0.0,0.9830285977429757
11,14,1.0,0.7413076401782585,0.0,0.0,0.9830285977429757
11,15,1.0,0.7419995826965898,0.0,0.0,0.9830285977429757
11,16,1.0,0.742214910628163,0.0,0.0,0.9830285977429757
11,17,1.0,0.7419942728423031,0.0,0.0,0.9830285977429757
11,18,1.0,0.7413753712024782,0.0,0.0,0.9830285977429757
11,19,1.0,0.7403931955747912,0.0,0.0,0.9830285977429757
11,20,1.0,0.7390802417546923,0.0,0.0,0.9830285977429757
12,1,0.05600000000000001,0.6632599026771968,0.09523033310089656,0.9830223332573287,0.9830285977429757
12,2,0.05600000000000001,0.6757402486365066,0.0988478874795743,0.9830246211153276,0.9830285977429757
12,3,0.05600000000000001,0.6868027681843217,0.10211085004321796,0.9830259584315056,0.9830285977429757
12,4,0.05600000000000001,0.6965576159428188,0.10503206589080033,0.9830267691722869,0.9830285977429757
12,5,0.05600000000000001,0.7051068391402096,0.1076261170291824,0.9830272777164055,0.9830285977429757
12,6,0.05600000000000001,0.7125449605491581,0.10990877400997535,0.9830276068129788,0.9830285977429757
12,7,0.05600000000000001,0.7189595210793533,0.11189654998557763,0.983027825788449,0.9830285977429757
12,8,0.05600000000000001,0.7244315853452825,0.1136063410064042,0.9830279750025367,0.9830285977429757
12,9,0.05600000000000001,0.7290362131725375,0.11505513876665958,0.9830280786298923,0.9830285977429757
12,10,0.05600000000000001,0.7328428996720053,0.11625980403829228,0.9830281515358223,0.9830285977429757
12,11,0.05600000000000001,0.7359159862053719,0.11723689076647059,0.9830282030789319,0.9830285977429757
12,12,0.05600000000000001,0.738315044289871,0.11800251228098958,0.983028239270393,0.9830285977429757
12,13,0.05600000000000001,0.7400952342459568,0.11857224234514714,0.9830282640308491,0.9830285977429757
12,14,0.05600000000000001,0.7413076401782585,0.11896104484930073,0.9830282799390365,0.9830285977429757
12,15,0.05600000000000001,0.7419995826965898,0.11918322688780578,0.9830282886869431,0.9830285977429757
12,16,0.05600000000000001,0.742214910628163,0.11925241075822066,0.9830282913614208,0.9830285977429757
12,17,0.05600000000000001,0.7419942728423031,0.11918152110974718,0.9830282886207079,0.9830285977429757
12,18,0.05600000000000001,0.7413753712024782,0.11898278406001732,0.9830282808057847,0.9830285977429757
12,19,0.05600000000000001,0.7403931955747912,0.11866773560912248,0.9830282680103184,0.9830285977429757
12,20,0.05600000000000001,0.7390802417546923,0.11824723711870606,0.9830282501235967,0.9830285977429757
13,1,0.256,0.6632599026771968,0.05915305594582408,0.9824461875211076,0.9830285977429757
13,2,0.256,0.6757402486365066,0.06140012775142474,0.9825894296436873,0.9830285977429757
13,3,0.256,0.6868027681843217,0.06342694211604366,0.9826881506504117,0.9830285977429757
13,4,0.256,0.6965576159428188,0.06524147787198593,0.9827575472496689,0.9830285977429757
13,5,0.256,0.7051068391402096,0.06685279274528862,0.9828072177742596,0.9830285977429757
13,6,0.256,0.7125449605491581,0.06827068273572805,0.9828433386523583,0.9830285977429757
13,7,0.256,0.7189595210793533,0.06950540511528734,0.9828699571980358,0.9830285977429757
13,8,0.256,0.7244315853452825,0.07056745499600618,0.9828897720936948,0.9830285977429757
13,9,0.256,0.7290362131725375,0.07146738689980169,0.9829046124297212,0.9830285977429757
13,10,0.256,0.7328428996720053,0.07221567402522193,0.9829157366177921,0.9830285977429757
13,11,0.256,0.7359159862053719,0.0728225989829937,0.982924021966081,0.9830285977429757
13,12,0.256,0.738315044289871,0.0732981706922062,0.9829300868313975,0.9830285977429757
13,13,0.256,0.7400952342459568,0.073652062916057,0.9829343705402539,0.9830285977429757
13,14,0.256,0.7413076401782585,0.07389357059046264,0.9829371864485891,0.9830285977429757
13,15,0.256,0.7419995826965898,0.07403158067743697,0.9829387576581632,0.9830285977429757
13,16,0.256,0.742214910628163,0.07407455477218118,0.9829392413713705,0.9830285977429757
13,17,0.256,0.7419942728423031,0.07403052112023868,0.9829387456988481,0.9830285977429757
13,18,0.256,0.7413753712024782,0.07390707406888034,0.9829373413873357,0.9830285977429757
13,19,0.256,0.7403931955747912,0.07371137929354356,0.9829350700868402,0.9830285977429757
13,20,0.256,0.7390802417546923,0.07345018341279007,0.9829319502347498,0.9830285977429757
14,1,0.456,0.6632599026771968,0.03162489660001048,0.9645299308036868,0.9830285977429757
14,2,0.456,0.6757402486365066,0.03282624473610684,0.9671213162335642,0.9830285977429757
14,3,0.456,0.6868027681843217,0.03390983701521401,0.9691458269527801,0.9830285977429757
14,4,0.456,0.6965576159428188,0.03487993914672945,0.9707387002777312,0.9830285977429757
14,5,0.456,0.7051068391402096,0.03574139364715165,0.9719992943817695,0.9830285977429757
14,6,0.456,0.7125449605491581,0.03649943773499901,0.9730011621024508,0.9830285977429757
14,7,0.456,0.7189595210793533,0.03715955523795684,0.9737991764609135,0.9830285977429757
14,8,0.456,0.7244315853452825,0.03772735713973092,0.9744345905569496,0.9830285977429757
14,9,0.456,0.7290362131725375,0.038208486186227665,0.9749386494201753,0.9830285977429757
14,10,0.456,0.7328428996720053,0.03860854164558056,0.9753351840899258,0.9830285977429757
14,11,0.456,0.7359159862053719,0.038933020892283836,0.9756424874238556,0.9830285977429757
14,12,0.456,0.738315044289871,0.03918727497754209,0.9758746804100021,0.9830285977429757
14,13,0.456,0.7400952342459568,0.03937647576874177,0.976042714972099,0.9830285977429757
14,14,0.456,0.7413076401782585,0.039505592601491425,0.9761551158004589,0.9830285977429757
14,15,0.456,0.7419995826965898,0.03957937669701336,0.9762185335977934,0.9830285977429757
14,16,0.456,0.742214910628163,0.03960235186340221,0.9762381611485139,0.9830285977429757
14,17,0.456,0.7419942728423031,0.03957881022777012,0.9762180489504549,0.9830285977429757
14,18,0.456,0.7413753712024782,0.0395128119429417,0.9761613468369598,0.9830285977429757
14,19,0.456,0.7403931955747912,0.039408187981656316,0.97607049072733,0.9830285977429757
14,20,0.456,0.7390802417546923,0.03926854527699633,0.9759473484570054,0.9830285977429757
15,1,0.656,0.6632599026771968,0.012645855063455742,0.7822951462700816,0.9830285977429757
15,2,0.656,0.6757402486365066,0.013126238433620572,0.7940509362887416,0.9830285977429757
15,3,0.656,0.6868027681843217,0.013559534740728957,0.8040627276178002,0.9830285977429757
15,4,0.656,0.6965576159428188,0.013947449715030869,0.812575096423659,0.9830285977429757
15,5,0.656,0.7051068391402096,0.014291919734771492,0.8197940973789942,0.9830285977429757
15,6,0.656,0.7125449605491581,0.014595039007788312,0.8258931956372378,0.9830285977429757
15,7,0.656,0.7189595210793533,0.014859000353586112,0.831018461155148,0.9830285977429757
15,8,0.656,0.7244315853452825,0.01508604743757838,0.8352930298413968,0.9830285977429757
15,9,0.656,0.7290362131725375,0.015278436625937487,0.8388208858497771,0.9830285977429757
15,10,0.656,0.7328428996720053,0.01543840689936817,0.841690040822926,0.9830285977429757
15,11,0.656,0.7359159862053719,0.015568156494341004,0.8439751912970934,0.9830285977429757
15,12,0.656,0.738315044289871,0.015669825136997252,0.8457399323027932,0.9830285977429757
15,13,0.656,0.7400952342459568,0.015745480903201457,0.8470385979084791,0.9830285977429757
15,14,0.656,0.7413076401782585,0.01579711088238703,0.847917790629485,0.9830285977429757
15,15,0.656,0.7419995826965898,0.015826614946534964,0.8484176526782066,0.9830285977429757
15,16,0.656,0.742214910628163,0.015835802031883794,0.8485729236856052,0.9830285977429757
15,17,0.656,0.7419942728423031,0.01582638843234146,0.848413822095756,0.9830285977429757
15,18,0.656,0.7413753712024782,0.015799997682201382,0.8479667810142781,0.9830285977429757
15,19,0.656,0.7403931955747912,0.015758161673460752,0.8472550638474958,0.9830285977429757
15,20,0.656,0.7390802417546923,0.01570232271132487,0.8462992805137608,0.9830285977429757
16,1,0.8560000000000001,0.6632599026771968,0.0022159313361599002,0.23886752997990418,0.9830285977429757
16,2,0.8560000000000001,0.6757402486365066,0.0023001088439659604,0.24669554319477296,0.9830285977429757
16,3,0.8560000000000001,0.6868027681843217,0.002376035292588522,0.2536855988306407,0.9830285977429757
16,4,0.8560000000000001,0.6965576159428188,0.0024440095768902084,0.2598872354535995,0.9830285977429757
16,5,0.8560000000000001,0.7051068391402096,0.0025043710081481658,0.265350094335604,0.9830285977429757
16,6,0.8560000000000001,0.7125449605491581,0.002557486554095948,0.27012303754776534,0.9830285977429757
16,7,0.8560000000000001,0.7189595210793533,0.002603740462175173,0.2742535325596677,0.9830285977429757
16,8,0.8560000000000001,0.7244315853452825,0.0026435258895486148,0.2777872386385089,0.9830285977429757
16,9,0.8560000000000001,0.7290362131725375,0.0026772382189311733,0.28076774494099116,0.9830285977429757
16,10,0.8560000000000001,0.7328428996720053,0.002705269786584793,0.28323642167152324,0.9830285977429757
16,11,0.8560000000000001,0.7359159862053719,0.002728005789165213,0.28523235465019153,0.9830285977429757
16,12,0.8560000000000001,0.738315044289871,0.0027458211705717168,0.2867923406052661,0.9830285977429757
16,13,0.8560000000000001,0.7400952342459568,0.0027590783194360547,0.28795092589956556,0.9830285977429757
16,14,0.8560000000000001,0.7413076401782585,0.0027681254331494817,0.2887404755594559,0.9830285977429757
16,15,0.8560000000000001,0.7419995826965898,0.002773295426001797,0.28919126267291473,0.9830285977429757
16,16,0.8560000000000001,0.742214910628163,0.00277490527762593,0.28933157067544213,0.9830285977429757
16,17,0.8560000000000001,0.7419942728423031,0.0027732557339527463,0.28918780291979757,0.9830285977429757
16,18,0.8560000000000001,0.7413753712024782,0.0027686312866594055,0.2887845953605264,0.9830285977429757
16,19,0.8560000000000001,0.7403931955747912,0.0027613003689568832,0.2881449292802299,0.9830285977429757
16,20,0.8560000000000001,0.7390802417546923,0.002751515715775691,0.287290241821388,0.9830285977429757
17,1,1.0,0.6632599026771968,0.0,0.0,0.9830285977429757
17,2,1.0,0.6757402486365066,0.0,0.0,0.9830285977429757
17,3,1.0,0.6868027681843217,0.0,0.0,0.9830285977429757
17,4,1.0,0.6965576159428188,0.0,0.0,0.9830285977429757
17,5,1.0,0.7051068391402096,0.0,0.0,0.9830285977429757
17,6,1.0,0.7125449605491581,0.0,0.0,0.9830285977429757
17,7,1.0,0.7189595210793533,0.0,0.0,0.9830285977429757
17,8,1.0,0.7244315853452825,0.0,0.0,0.9830285977429757
17,9,1.0,0.7290362131725375,0.0,0.0,0.9830285977429757
17,10,1.0,0.7328428996720053,0.0,0.0,0.9830285977429757
17,11,1.0,0.7359159862053719,0.0,0.0,0.9830285977429757
17,12,1.0,0.738315044289871,0.0,0.0,0.9830285977429757
17,13,1.0,0.7400952342459568,0.0,0.0,0.9830285977429757
17,14,1.0,0.7413076401782585,0.0,0.0,0.9830285977429757
17,15,1.0,0.7419995826965898,0.0,0.0,0.9830285977429757
17,16,1.0,0.742214910628163,0.0,0.0,0.9830285977429757
17,17,1.0,0.7419942728423031,0.0,0.0,0.9830285977429757
17,18,1.0,0.7413753712024782,0.0,0.0,0.9830285977429757
17,19,1.0,0.7403931955747912,0.0,0.0,0.9830285977429757
17,20,1.0,0.7390802417546923,0.0,0.0,0.9830285977429757
18,1,0.126,0.6632599026771968,0.08163082394581801,0.9829940147702335,0.9830285977429757
18,2,0.126,0.6757402486365066,0.08473176809863735,0.9830051728498788,0.9830285977429757
18,3,0.126,0.6868027681843217,0.08752875844721025,0.9830121132210269,0.9830285977429757
18,4,0.126,0.6965576159428188,0.09003280572707309,0.9830165624184524,0.9830285977429757
18,5,0.126,0.7051068391402096,0.09225640953993976,0.9830194956766708,0.9830285977429757
18,6,0.126,0.7125449605491581,0.0942130883003761,0.9830214792940455,0.9830285977429757
18,7,0.126,0.7189595210793533,0.09591699697552687,0.9830228510015122,0.9830285977429757
18,8,0.126,0.7244315853452825,0.09738261875023344,0.9830238174043422,0.9830285977429757
18,9,0.126,0.7290362131725375,0.09862451879457329,0.9830245079462693,0.9830285977429757
18,10,0.126,0.7328428996720053,0.09965715005291513,0.983025005528203,0.9830285977429757
18,11,0.126,0.7359159862053719,0.10049470245970145,0.983025364292648,0.9830285977429757
18,12,0.126,0.738315044289871,0.10115098825673437,0.9830256201876834,0.9830285977429757
18,13,0.126,0.7400952342459568,0.10163935717291372,0.9830257973765048,0.9830285977429757
18,14,0.126,0.7413076401782585,0.10197263615801004,0.9830259122039394,0.9830285977429757
18,15,0.126,0.7419995826965898,0.10216308916052044,0.9830259756956492,0.9830285977429757
18,16,0.126,0.742214910628163,0.10222239312556844,0.9830259951577769,0.9830285977429757
18,17,0.126,0.7419942728423031,0.10216162697863092,0.9830259752139624,0.9830285977429757
18,18,0.126,0.7413753712024782,0.10199127086845307,0.9830259184834922,0.9830285977429757
18,19,0.126,0.7403931955747912,0.10172121337949994,0.9830258260260835,0.9830285977429757
18,20,0.126,0.7390802417546923,0.10136076480053405,0.9830256976320016,0.9830285977429757
19,1,0.326,0.6632599026771968,0.04854573802398611,0.9808208235701704,0.9830285977429757
19,2,0.326,0.6757402486365066,0.05038986521997887,0.9812773776209689,0.9830285977429757
19,3,0.326,0.6868027681843217,0.05205323150925658,0.9816076144220207,0.9830285977429757
19,4,0.326,0.6965576159428188,0.05354238496100394,0.9818500637418461,0.9830285977429757
19,5,0.326,0.7051068391402096,0.05486475907106083,0.9820304505662776,0.9830285977429757
19,6,0.326,0.7125449605491581,0.05602839322186016,0.9821661997101403,0.9830285977429757
19,7,0.326,0.7189595210793533,0.057041705352772476,0.9822692820686351,0.9830285977429757
19,8,0.326,0.7244315853452825,0.05791330859377836,0.9823480345122112,0.9830285977429757
19,9,0.326,0.7290362131725375,0.05865186483136473,0.9824083381040561,0.9830285977429757
19,10,0.326,0.7328428996720053,0.05926596921154489,0.9824543906628757,0.9830285977429757
19,11,0.326,0.7359159862053719,0.05976406046869299,0.9824892198589447,0.9830285977429757
19,12,0.326,0.738315044289871,0.06015435272389268,0.9825150283382986,0.9830285977429757
19,13,0.326,0.7400952342459568,0.06044478504244477,0.982533428776004,0.9830285977429757
19,14,0.326,0.7413076401782585,0.060642985593625354,0.9825456059220883,0.9830285977429757
19,15,0.326,0.7419995826965898,0.06075624773063242,0.9825524296435889,0.9830285977429757
19,16,0.326,0.742214910628163,0.06079151571657012,0.9825545346918546,0.9830285977429757
19,17,0.326,0.7419942728423031,0.06075537817308637,0.982552377624207,0.9830285977429757
19,18,0.326,0.7413753712024782,0.060654067630135484,0.982546277876666,0.9830285977429757
19,19,0.326,0.7403931955747912,0.06049346481521308,0.9825364477371079,0.9830285977429757
19,20,0.326,0.7390802417546923,0.06027910654416083,0.982523014480807,0.9830285977429757
20,1,0.526,0.6632599026771968,0.024009769911413115,0.9348765402264944,0.9830285977429757
20,2,0.526,0.6757402486365066,0.024921839054152035,0.9400894735007077,0.9830285977429757
20,3,0.526,0.6868027681843217,0.025744507397647533,0.9443055846705951,0.9830285977429757
20,4,0.526,0.6965576159428188,0.026481013488492723,0.9477276766463287,0.9830285977429757
20,5,0.526,0.7051068391402096,0.02713503378793875,0.9505121359875679,0.9830285977429757
20,6,0.526,0.7125449605491581,0.02771054441686255,0.9527800907591346,0.9830285977429757
20,7,0.526,0.7189595210793533,0.028211708722977902,0.9546258162465225,0.9830285977429757
20,8,0.526,0.7244315853452825,0.02864278659144606,0.9561230613487487,0.9830285977429757
20,9,0.526,0.7290362131725375,0.029008062021440052,0.9573298146981828,0.9830285977429757
20,10,0.526,0.7328428996720053,0.02931178600360367,0.9582919039813281,0.9830285977429757
20,11,0.526,0.7359159862053719,0.029558132170451588,0.9590457235766798,0.9830285977429757
20,12,0.526,0.738315044289871,0.029751163065170328,0.9596203105028276,0.9830285977429757
20,13,0.526,0.7400952342459568,0.02989480519375077,0.9600389321789385,0.9830285977429757
20,14,0.526,0.7413076401782585,0.029992831299107525,0.960320307419925,0.9830285977429757
20,15,0.526,0.7419995826965898,0.030048848530689648,0.9604795509121204,0.9830285977429757
20,16,0.526,0.742214910628163,0.030066291384832373,0.9605289083756541,0.9830285977429757
20,17,0.526,0.7419942728423031,0.03004841846458179,0.9604783326016378,0.9830285977429757
20,18,0.526,0.7413753712024782,0.029998312257016272,0.9603359379691042,0.9830285977429757
20,19,0.526,0.7403931955747912,0.029918881254617936,0.9601083617223839,0.9830285977429757
20,20,0.526,0.7390802417546923,0.029812863857909908,0.9598010533591501,0.9830285977429757
21,1,0.726,0.6632599026771968,0.008022919608099003,0.6242364548278199,0.9830285977429757
21,2,0.726,0.6757402486365066,0.008327689601156861,0.6377139911177271,0.9830285977429757
21,3,0.726,0.6868027681843217,0.008602586112383107,0.6494356626639344,0.9830285977429757
21,4,0.726,0.6965576159428188,0.008848691309539426,0.659591696292044,0.9830285977429757
21,5,0.726,0.7051068391402096,0.009067233690573493,0.668350806336029,0.9830285977429757
21,6,0.726,0.7125449605491581,0.009259541885383278,0.6758620388766233,0.9830285977429757
21,7,0.726,0.7189595210793533,0.00942700708614311,0.6822567507749947,0.9830285977429757
21,8,0.726,0.7244315853452825,0.009571052743236504,0.6876505728819514,0.9830285977429757
21,9,0.726,0.7290362131725375,0.009693110364799242,0.6921452707601177,0.9830285977429757
21,10,0.726,0.7328428996720053,0.009794600429091445,0.6958304578143456,0.9830285977429757
21,11,0.726,0.7359159862053719,0.009876917564977229,0.6987851420626713,0.9830285977429757
21,12,0.726,0.738315044289871,0.00994141928056725,0.7010791039218777,0.9830285977429757
21,13,0.726,0.7400952342459568,0.009989417626831674,0.7027741117968932,0.9830285977429757
21,14,0.726,0.7413076401782585,0.01002217327445654,0.7039249873168567,0.9830285977429757
21,15,0.726,0.7419995826965898,0.010040891560692093,0.7045805343467652,0.9830285977429757
21,16,0.726,0.742214910628163,0.01004672013035516,0.7047843464843995,0.9830285977429757
21,17,0.726,0.7419942728423031,0.010040747853117125,0.7045755073266313,0.9830285977429757
21,18,0.726,0.7413753712024782,0.010024004749095382,0.7039891968104313,0.9830285977429757
21,19,0.726,0.7403931955747912,0.00999746269771447,0.7030572156903965,0.9830285977429757
21,20,0.726,0.7390802417546923,0.009962036741781253,0.7018084388853909,0.9830285977429757
22,1,0.926,0.6632599026771968,0.00058518711404377,0.06967514835074548,0.9830285977429757
22,2,0.926,0.6757402486365066,0.0006074168609933256,0.07222227158703069,0.9830285977429757
22,3,0.926,0.6868027681843217,0.0006274676534632883,0.07451363281667538,0.9830285977429757
22,4,0.926,0.6965576159428188,0.0006454184241440384,0.07656011717288042,0.9830285977429757
22,5,0.926,0.7051068391402096,0.0006613587789650537,0.07837353867313811,0.9830285977429757
22,6,0.926,0.7125449605491581,0.0006753856274223287,0.0799662731209785,0.9830285977429757
22,7,0.926,0.7189595210793533,0.0006876004422680963,0.08135096862505321,0.9830285977429757
22,8,0.926,0.7244315853452825,0.0006981070491497019,0.08254031960721227,0.9830285977429757
22,9,0.926,0.7290362131725375,0.0007070098614422794,0.08354689261547638,0.9830285977429757
22,10,0.926,0.7328428996720053,0.000714412488008214,0.08438299428974094,0.9830285977429757
22,11,0.926,0.7359159862053719,0.0007204166522699031,0.08506057351234723,0.9830285977429757
22,12,0.926,0.738315044289871,0.0007251213700834646,0.08559115116921565,0.9830285977429757
22,13,0.926,0.7400952342459568,0.0007286223416874923,0.08598577209911834,0.9830285977429757
22,14,0.926,0.7413076401782585,0.0007310115196723844,0.08625497476055356,0.9830285977429757
22,15,0.926,0.7419995826965898,0.0007323768206397495,0.08640877493258466,0.9830285977429757
22,16,0.926,0.742214910628163,0.0007328019531384832,0.08645666041708802,0.9830285977429757
22,17,0.926,0.7419942728423031,0.0007323663386923823,0.08640759424923544,0.9830285977429757
22,18,0.926,0.7413753712024782,0.0007311451063728253,0.08627002437057968,0.9830285977429757
22,19,0.926,0.7403931955747912,0.0007292091445026955,0.08605189809109011,0.9830285977429757
22,20,0.926,0.7390802417546923,0.000726625195774869,0.08576067997620428,0.9830285977429757
23,1,1.0,0.6632599026771968,0.0,0.0,0.9830285977429757
23,2,1.0,0.6757402486365066,0.0,0.0,0.9830285977429757
23,3,1.0,0.6868027681843217,0.0,0.0,0.9830285977429757
23,4,1.0,0.6965576159428188,0.0,0.0,0.9830285977429757
23,5,1.0,0.7051068391402096,0.0,0.0,0.9830285977429757
23,6,1.0,0.7125449605491581,0.0,0.0,0.9830285977429757
23,7,1.0,0.7189595210793533,0.0,0.0,0.9830285977429757
23,8,1.0,0.7244315853452825,0.0,0.0,0.9830285977429757
23,9,1.0,0.7290362131725375,0.0,0.0,0.9830285977429757
23,10,1.0,0.7328428996720053,0.0,0.0,0.9830285977429757
23,11,1.0,0.7359159862053719,0.0,0.0,0.9830285977429757
23,12,1.0,0.738315044289871,0.0,0.0,0.9830285977429757
23,13,1.0,0.7400952342459568,0.0,0.0,0.9830285977429757
23,14,1.0,0.7413076401782585,0.0,0.0,0.9830285977429757
23,15,1.0,0.7419995826965898,0.0,0.0,0.9830285977429757
23,16,1.0,0.742214910628163,0.0,0.0,0.9830285977429757
23,17,1.0,0.7419942728423031,0.0,0.0,0.9830285977429757
23,18,1.0,0.7413753712024782,0.0,0.0,0.9830285977429757
23,19,1.0,0.7403931955747912,0.0,0.0,0.9830285977429757
23,20,1.0,0.7390802417546923,0.0,0.0,0.9830285977429757
24,1,0.22400000000000003,0.6632599026771968,0.06435091957385349,0.9827254612259974,0.9830285977429757
24,2,0.22400000000000003,0.6757402486365066,0.06679544479282641,0.982805617094529,0.9830285977429757
24,3,0.22400000000000003,0.6868027681843217,0.06900035823446123,0.9828595656793893,0.9830285977429757
24,4,0.22400000000000003,0.6965576159428188,0.07097433984246913,0.9828966899528544,0.9830285977429757
24,5,0.22400000000000003,0.7051068391402096,0.07272724325822877,0.9829227616932593,0.9830285977429757
24,6,0.22400000000000003,0.7125449605491581,0.07426972527002716,0.9829414056304735,0.9830285977429757
24,7,0.22400000000000003,0.7189595210793533,0.07561294447100689,0.9829549444146912,0.9830285977429757
24,8,0.22400000000000003,0.7244315853452825,0.07676831819371283,0.9829648952787348,0.9830285977429757
24,9,0.22400000000000003,0.7290362131725375,0.07774732840099827,0.9829722674094808,0.9830285977429757
24,10,0.22400000000000003,0.7328428996720053,0.07856136858634676,0.9829777432853185,0.9830285977429757
24,11,0.22400000000000003,0.7359159862053719,0.07922162490819605,0.9829817912567133,0.9830285977429757
24,12,0.22400000000000003,0.738315044289871,0.07973898578367072,0.9829847366651914,0.9830285977429757
24,13,0.22400000000000003,0.7400952342459568,0.08012397502337616,0.9829868075251373,0.9830285977429757
24,14,0.22400000000000003,0.7413076401782585,0.08038670432254172,0.9829881643336534,0.9830285977429757
24,15,0.22400000000000003,0.7419995826965898,0.08053684155324368,0.9829889198126014,0.9830285977429757
24,16,0.22400000000000003,0.742214910628163,0.08058359184315557,0.9829891521619496,0.9830285977429757
24,17,0.22400000000000003,0.7419942728423031,0.08053568889123897,0.982988914066606,0.9830285977429757
24,18,0.22400000000000003,0.7413753712024782,0.08040139437092095,0.9829882388833283,0.9830285977429757
24,19,0.22400000000000003,0.7403931955747912,0.0801885036157881,0.982987144929386,0.9830285977429757
24,20,0.22400000000000003,0.7390802417546923,0.07990435607942441,0.9829856384776428,0.9830285977429757
25,1,0.42400000000000004,0.6632599026771968,0.035454901378558445,0.9715951070943801,0.9830285977429757
25,2,0.42400000000000004,0.6757402486365066,0.0368017415034554,0.9733748385064301,0.9830285977429757
25,3,0.42400000000000004,0.6868027681843217,0.038016564681416384,0.9747412261777478,0.9830285977429757
25,4,0.42400000000000004,0.6965576159428188,0.03910415323024338,0.9757995854275934,0.9830285977429757
25,5,0.42400000000000004,0.7051068391402096,0.040069936130370694,0.9766255502339672,0.9830285977429757
25,6,0.42400000000000004,0.7125449605491581,0.040919784865535214,0.9772739367183825,0.9830285977429757
25,7,0.42400000000000004,0.7189595210793533,0.041659847394802815,0.9777848401694409,0.9830285977429757
25,8,0.42400000000000004,0.7244315853452825,0.0422964142327779,0.9781878539727608,0.9830285977429757
25,9,0.42400000000000004,0.7290362131725375,0.042835811502898814,0.9785050094793,0.9830285977429757
25,10,0.42400000000000004,0.7328428996720053,0.04328431658535674,0.9787528405253607,0.9830285977429757
25,11,0.42400000000000004,0.7359159862053719,0.043648092626643466,0.9789438452535725,0.9830285977429757
25,12,0.42400000000000004,0.738315044289871,0.04393313872914752,0.979087530100804,0.9830285977429757
25,13,0.42400000000000004,0.7400952342459568,0.04414525311097693,0.9791911619651616,0.9830285977429757
25,14,0.42400000000000004,0.7413076401782585,0.044290006930391757,0.979260314986462,0.9830285977429757
25,15,0.42400000000000004,0.7419995826965898,0.044372726816028815,0.9792992716400276,0.9830285977429757
25,16,0.42400000000000004,0.742214910628163,0.04439848444201492,0.9793113196846844,0.9830285977429757
25,17,0.42400000000000004,0.7419942728423031,0.044372091743244,0.9792989740940872,0.9830285977429757
25,18,0.42400000000000004,0.7413753712024782,0.04429810058655054,0.9792641445590222,0.9830285977429757
25,19,0.42400000000000004,0.7403931955747912,0.04418080590331019,0.9792082632277316,0.9830285977429757
25,20,0.42400000000000004,0.7390802417546923,0.0440242514524111,0.9791323832163619,0.9830285977429757
26,1,0.6240000000000001,0.6632599026771968,0.015108000992522295,0.8356999170321606,0.9830285977429757
26,2,0.6240000000000001,0.6757402486365066,0.015681914926916077,0.8459482885454978,0.9830285977429757
26,3,0.6240000000000001,0.6868027681843217,0.016199573954716197,0.854579201407504,0.9830285977429757
26,4,0.6240000000000001,0.6965576159428188,0.016663015911575537,0.8618440924993725,0.9830285977429757
26,5,0.6240000000000001,0.7051068391402096,0.017074554188269454,0.8679501650442866,0.9830285977429757
26,6,0.6240000000000001,0.7125449605491581,0.017436690734561583,0.8730682520760716,0.9830285977429757
26,7,0.6240000000000001,0.7189595210793533,0.017752045311558516,0.8773393914918938,0.9830285977429757
26,8,0.6240000000000001,0.7244315853452825,0.018023298425965725,0.8808802580650041,0.9830285977429757
26,9,0.6240000000000001,0.7290362131725375,0.01825314575808323,0.8837876164997375,0.9830285977429757
26,10,0.6240000000000001,0.7328428996720053,0.018444262217795715,0.8861419546712765,0.9830285977429757
26,11,0.6240000000000001,0.7359159862053719,0.018599274037857903,0.8880104403610689,0.9830285977429757
26,12,0.6240000000000001,0.738315044289871,0.018720737548743604,0.8894493251449628,0.9830285977429757
26,13,0.6240000000000001,0.7400952342459568,0.01881112348035262,0.890505899319927,0.9830285977429757
26,14,0.6240000000000001,0.7413076401782585,0.018872805808108673,0.8912200836342904,0.9830285977429757
26,15,0.6240000000000001,0.7419995826965898,0.01890805430875918,0.8916257278059341,0.9830285977429757
26,16,0.6240000000000001,0.742214910628163,0.01891903011813482,0.8917516724922547,0.9830285977429757
26,17,0.6240000000000001,0.7419942728423031,0.018907783692288956,0.8916226203549895,0.9830285977429757
26,18,0.6240000000000001,0.7413753712024782,0.01887625466737849,0.8912598528653366,0.9830285977429757
26,19,0.6240000000000001,0.7403931955747912,0.018826273194523947,0.8906818222134638,0.9830285977429757
26,20,0.6240000000000001,0.7390802417546923,0.018759562395520082,0.8899046418281704,0.9830285977429757
27,1,0.8240000000000001,0.6632599026771968,0.0033102184157450384,0.3344484769887493,0.9830285977429757
27,2,0.8240000000000001,0.6757402486365066,0.003435965063208412,0.3446137042929628,0.9830285977429757
27,3,0.8240000000000001,0.6868027681843217,0.003549386054360633,0.35364580748048374,0.9830285977429757
27,4,0.8240000000000001,0.6965576159428188,0.003650927886465622,0.361623469437829,0.9830285977429757
27,5,0.8240000000000001,0.7051068391402096,0.0037410974319250392,0.3686228578290337,0.9830285977429757
27,6,0.8240000000000001,0.7125449605491581,0.003820442877106295,0.3747167869336177,0.9830285977429757
27,7,0.8240000000000001,0.7189595210793533,0.0038895382212740253,0.37997422721913165,0.9830285977429757
27,8,0.8240000000000001,0.7244315853452825,0.003948970773276329,0.38446006336182925,0.9830285977429757
27,9,0.8240000000000001,0.7290362131725375,0.003999331166551508,0.3882350268320118,0.9830285977429757
27,10,0.8240000000000001,0.7328428996720053,0.004041205483663705,0.39135574847835725,0.9830285977429757
27,11,0.8240000000000001,0.7359159862053719,0.004075169141839395,0.39387489112477087,0.9830285977429757
27,12,0.8240000000000001,0.738315044289871,0.004101782242458988,0.39584133312288494,0.9830285977429757
27,13,0.8240000000000001,0.7400952342459568,0.004121586131503245,0.3973003819465756,0.9830285977429757
27,14,0.8240000000000001,0.7413076401782585,0.0041351009556924384,0.3982940029463296,0.9830285977429757
27,15,0.8240000000000001,0.7419995826965898,0.004142824031434786,0.39886105282230916,0.9830285977429757
27,16,0.8240000000000001,0.742214910628163,0.004145228871515279,0.39903751062496307,0.9830285977429757
27,17,0.8240000000000001,0.7419942728423031,0.004142764738373857,0.39885670145489677,0.9830285977429757
27,18,0.8240000000000001,0.7413753712024782,0.004135856613404793,0.3983495097393368,0.9830285977429757
27,19,0.8240000000000001,0.7403931955747912,0.0041249054894294205,0.3975445801838382,0.9830285977429757
27,20,0.8240000000000001,0.7390802417546923,0.004110288908751343,0.3964685053644374,0.9830285977429757
28,1,1.0,0.6632599026771968,0.0,0.0,0.9830285977429757
28,2,1.0,0.6757402486365066,0.0,0.0,0.9830285977429757
28,3,1.0,0.6868027681843217,0.0,0.0,0.9830285977429757
28,4,1.0,0.6965576159428188,0.0,0.0,0.9830285977429757
28,5,1.0,0.7051068391402096,0.0,0.0,0.9830285977429757
28,6,1.0,0.7125449605491581,0.0,0.0,0.9830285977429757
28,7,1.0,0.7189595210793533,0.0,0.0,0.9830285977429757
28,8,1.0,0.7244315853452825,0.0,0.0,0.9830285977429757
28,9,1.0,0.7290362131725375,0.0,0.0,0.9830285977429757
28,10,1.0,0.7328428996720053,0.0,0.0,0.9830285977429757
28,11,1.0,0.7359159862053719,0.0,0.0,0.9830285977429757
28,12,1.0,0.738315044289871,0.0,0.0,0.9830285977429757
28,13,1.0,0.7400952342459568,0.0,0.0,0.9830285977429757
28,14,1.0,0.7413076401782585,0.0,0.0,0.9830285977429757
28,15,1.0,0.7419995826965898,0.0,0.0,0.9830285977429757
28,16,1.0,0.742214910628163,0.0,0.0,0.9830285977429757
28,17,1.0,0.7419942728423031,0.0,0.0,0.9830285977429757
28,18,1.0,0.7413753712024782,0.0,0.0,0.9830285977429757
28,19,1.0,0.7403931955747912,0.0,0.0,0.9830285977429757
28,20,1.0,0.7390802417546923,0.0,0.0,0.9830285977429757
29,1,1.0,0.6632599026771968,0.0,0.0,0.9830285977429757
29,2,1.0,0.6757402486365066,0.0,0.0,0.9830285977429757
29,3,1.0,0.6868027681843217,0.0,0.0,0.9830285977429757
29,4,1.0,0.6965576159428188,0.0,0.0,0.9830285977429757
29,5,1.0,0.7051068391402096,0.0,0.0,0.9830285977429757
29,6,1.0,0.7125449605491581,0.0,0.0,0.9830285977429757
29,7,1.0,0.7189595210793533,0.0,0.0,0.9830285977429757
29,8,1.0,0.7244315853452825,0.0,0.0,0.9830285977429757
29,9,1.0,0.7290362131725375,0.0,0.0,0.9830285977429757
29,10,1.0,0.7328428996720053,0.0,0.0,0.9830285977429757
29,11,1.0,0.7359159862053719,0.0,0.0,0.9830285977429757
29,12,1.0,0.738315044289871,0.0,0.0,0.9830285977429757
29,13,1.0,0.7400952342459568,0.0,0.0,0.9830285977429757
29,14,1.0,0.7413076401782585,0.0,0.0,0.9830285977429757
29,15,1.0,0.7419995826965898,0.0,0.0,0.9830285977429757
29,16,1.0,0.742214910628163,0.0,0.0,0.9830285977429757
29,17,1.0,0.7419942728423031,0.0,0.0,0.9830285977429757
29,18,1.0,0.7413753712024782,0.0,0.0,0.9830285977429757
29,19,1.0,0.7403931955747912,0.0,0.0,0.9830285977429757
29,20,1.0,0.7390802417546923,0.0,0.0,0.9830285977429757
30,1,0.35,0.6632599026771968,0.045150028430148495,0.9796462248210872,0.9830285977429757
30,2,0.35,0.6757402486365066,0.046865161389642154,0.9803018473287789,0.9830285977429757
30,3,0.35,0.6868027681843217,0.048412177426632515,0.9807834672223732,0.9830285977429757
30,4,0.35,0.6965576159428188,0.049797166581602735,0.981142006389304,0.9830285977429757
30,5,0.35,0.7051068391402096,0.05102704238727824,0.9814120931998024,0.9830285977429757
30,6,0.35,0.7125449605491581,0.05210928188201868,0.981617585042733,0.9830285977429757
30,7,0.35,0.7189595210793533,0.053051714181568864,0.9817751314206976,0.9830285977429757
30,8,0.35,0.7244315853452825,0.05386234993896081,0.9818964968911913,0.9830285977429757
30,9,0.35,0.7290362131725375,0.0545492451532804,0.9819900923975,0.9830285977429757
30,10,0.35,0.7328428996720053,0.0551203937515469,0.9820619964182129,0.9830285977429757
30,11,0.35,0.7359159862053719,0.05558364418992594,0.9821166438919644,0.9830285977429757
30,12,0.35,0.738315044289871,0.05594663602269251,0.9821572964551395,0.9830285977429757
30,13,0.35,0.7400952342459568,0.056216752988123786,0.9821863671376755,0.9830285977429757
30,14,0.35,0.7413076401782585,0.05640108967523426,0.9822056471240076,0.9830285977429757
30,15,0.35,0.7419995826965898,0.0565064292768982,0.9822164658928632,0.9830285977429757
30,16,0.35,0.742214910628163,0.056539230314282256,0.9822198055545455,0.9830285977429757
30,17,0.35,0.7419942728423031,0.056505620543742134,0.9822163833771428,0.9830285977429757
30,18,0.35,0.7413753712024782,0.05641139653807873,0.9822067120072152,0.9830285977429757
30,19,0.35,0.7403931955747912,0.05626202767574676,0.9821911439132304,0.9830285977429757
30,20,0.35,0.7390802417546923,0.05606266347970827,0.9821699045840278,0.9830285977429757
31,1,0.55,0.6632599026771968,0.021639954454686545,0.9181786195628652,0.9830285977429757
31,2,0.55,0.6757402486365066,0.022462000429355103,0.9245415432164602,0.9830285977429757
31,3,0.55,0.6868027681843217,0.023203469654184808,0.9297434884465303,0.9830285977429757
31,4,0.55,0.6965576159428188,0.023867281024318468,0.9340068361295819,0.9830285977429757
31,5,0.55,0.7051068391402096,0.024456748126446957,0.9375058862316441,0.9830285977429757
31,6,0.55,0.7125449605491581,0.02497545462984327,0.9403777207756873,0.9830285977429757
31,7,0.55,0.7189595210793533,0.025427152950929444,0.9427305771917492,0.9830285977429757
31,8,0.55,0.7244315853452825,0.025815682515123225,0.9446502836511566,0.9830285977429757
31,9,0.55,0.7290362131725375,0.02614490448174977,0.9462052015645092,0.9830285977429757
31,10,0.55,0.7328428996720053,0.02641865025961715,0.9474500252746073,0.9830285977429757
31,11,0.55,0.7359159862053719,0.02664068153481657,0.9484287097062789,0.9830285977429757
31,12,0.55,0.738315044289871,0.026814659868864454,0.9491767333014689,0.9830285977429757
31,13,0.55,0.7400952342459568,0.02694412421324275,0.9497228540405127,0.9830285977429757
31,14,0.55,0.7413076401782585,0.027032474933100438,0.950090478273569,0.9830285977429757
31,15,0.55,0.7419995826965898,0.02708296314454883,0.9502987330930276,0.9830285977429757
31,16,0.55,0.742214910628163,0.027098684351815745,0.9503633110271673,0.9830285977429757
31,17,0.55,0.7419942728423031,0.02708257552688232,0.9502971392659971,0.9830285977429757
31,18,0.55,0.7413753712024782,0.02703741490878329,0.9501109131351366,0.9830285977429757
31,19,0.55,0.7403931955747912,0.026965823915594593,0.9498135241062757,0.9830285977429757
31,20,0.55,0.7390802417546923,0.02687027066187201,0.9494124055085222,0.9830285977429757
32,1,0.75,0.6632599026771968,0.006678998288483505,0.558246647860029,0.9830285977429757
32,2,0.75,0.6757402486365066,0.0069327161818997255,0.5715725637389953,0.9830285977429757
32,3,0.75,0.6868027681843217,0.007161564708081732,0.583233313343272,0.9830285977429757
32,4,0.75,0.6965576159428188,0.007366444760592122,0.5933921303768149,0.9830285977429757
32,5,0.75,0.7051068391402096,0.007548379051372519,0.602196603436966,0.9830285977429757
32,6,0.75,0.7125449605491581,0.007708473651186195,0.6097794621334643,0.9830285977429757
32,7,0.75,0.7189595210793533,0.00784788671324983,0.6162596492146736,0.9830285977429757
32,8,0.75,0.7244315853452825,0.007967803245408404,0.621743521107346,0.9830285977429757
32,9,0.75,0.7290362131725375,0.008069414963503016,0.6263260761094858,0.9830285977429757
32,10,0.75,0.7328428996720053,0.008153904401116406,0.6300921483440286,0.9830285977429757
32,11,0.75,0.7359159862053719,0.00822243257247425,0.633117531752033,0.9830285977429757
32,12,0.75,0.738315044289871,0.008276129589155697,0.6354700157066366,0.9830285977429757
32,13,0.75,0.7400952342459568,0.008316087720136653,0.637210325006328,0.9830285977429757
32,14,0.75,0.7413076401782585,0.00834335646083347,0.6383929640009719,0.9830285977429757
32,15,0.75,0.7419995826965898,0.008358939242144703,0.6390669687789492,0.9830285977429757
32,16,0.75,0.742214910628163,0.0083637914666098,0.6392765736457643,0.9830285977429757
32,17,0.75,0.7419942728423031,0.008358819607062447,0.639061799206157,0.9830285977429757
32,18,0.75,0.7413753712024782,0.008344881144686202,0.6384589696689011,0.9830285977429757
32,19,0.75,0.7403931955747912,0.008322785159134136,0.6375011668274811,0.9830285977429757
32,20,0.75,0.7390802417546923,0.00829329341415803,0.6362186277321222,0.9830285977429757
33,1,0.95,0.6632599026771968,0.0002671599315393406,0.03244536760348642,0.9830285977429757
33,2,0.95,0.6757402486365066,0.00027730864727598946,0.033656543600345964,0.9830285977429757
33,3,0.95,0.6868027681843217,0.0002864625883232698,0.0347476766366893,0.9830285977429757
33,4,0.95,0.6965576159428188,0.00029465779042368536,0.03572346577715005,0.9830285977429757
33,5,0.95,0.7051068391402096,0.00030193516205490127,0.036589128621020935,0.9830285977429757
33,6,0.95,0.7125449605491581,0.00030833894604744835,0.03735022153520782,0.9830285977429757
33,7,0.95,0.7189595210793533,0.0003139154685299938,0.038012495437892,0.9830285977429757
33,8,0.95,0.7244315853452825,0.0003187121298163368,0.038581781116224595,0.9830285977429757
33,9,0.95,0.7290362131725375,0.00032277659854012126,0.03906389902348012,0.9830285977429757
33,10,0.95,0.7328428996720053,0.0003261561760446568,0.039464589311184836,0.9830285977429757
33,11,0.95,0.7359159862053719,0.0003288973028989706,0.03978945853310464,0.9830285977429757
33,12,0.95,0.738315044289871,0.0003310451835662285,0.040043940030877946,0.9830285977429757
33,13,0.95,0.7400952342459568,0.0003326435088054667,0.04023326549287215,0.9830285977429757
33,14,0.95,0.7413076401782585,0.00033373425843333937,0.040362445583278894,0.9830285977429757
33,15,0.95,0.7419995826965898,0.00033435756968578875,0.040436257879976074,0.9830285977429757
33,16,0.95,0.742214910628163,0.00033455165866439255,0.04045924064769474,0.9830285977429757
33,17,0.95,0.7419942728423031,0.00033435278428249843,0.040435691216237885,0.9830285977429757
33,18,0.95,0.7413753712024782,0.0003337952457874486,0.04036966793914719,0.9830285977429757
33,19,0.95,0.7403931955747912,0.0003329114063653661,0.040264994882321305,0.9830285977429757
33,20,0.95,0.7390802417546923,0.0003317317365663217,0.040125268539646576,0.9830285977429757
34,1,1.0,0.6632599026771968,0.0,0.0,0.9830285977429757
34,2,1.0,0.6757402486365066,0.0,0.0,0.9830285977429757
34,3,1.0,0.6868027681843217,0.0,0.0,0.9830285977429757
34,4,1.0,0.6965576159428188,0.0,0.0,0.9830285977429757
34,5,1.0,0.7051068391402096,0.0,0.0,0.9830285977429757
34,6,1.0,0.7125449605491581,0.0,0.0,0.9830285977429757
34,7,1.0,0.7189595210793533,0.0,0.0,0.9830285977429757
34,8,1.0,0.7244315853452825,0.0,0.0,0.9830285977429757
34,9,1.0,0.7290362131725375,0.0,0.0,0.9830285977429757
34,10,1.0,0.7328428996720053,0.0,0.0,0.9830285977429757
34,11,1.0,0.7359159862053719,0.0,0.0,0.9830285977429757
34,12,1.0,0.738315044289871,0.0,0.0,0.9830285977429757
34,13,1.0,0.7400952342459568,0.0,0.0,0.9830285977429757
34,14,1.0,0.7413076401782585,0.0,0.0,0.9830285977429757
34,15,1.0,0.7419995826965898,0.0,0.0,0.9830285977429757
34,16,1.0,0.742214910628163,0.0,0.0,0.9830285977429757
34,17,1.0,0.7419942728423031,0.0,0.0,0.9830285977429757
34,18,1.0,0.7413753712024782,0.0,0.0,0.9830285977429757
34,19,1.0,0.7403931955747912,0.0,0.0,0.9830285977429757
34,20,1.0,0.7390802417546923,0.0,0.0,0.9830285977429757
35,1,1.0,0.6632599026771968,0.0,0.0,0.9830285977429757
35,2,1.0,0.6757402486365066,0.0,0.0,0.9830285977429757
35,3,1.0,0.6868027681843217,0.0,0.0,0.9830285977429757
35,4,1.0,0.6965576159428188,0.0,0.0,0.9830285977429757
35,5,1.0,0.7051068391402096,0.0,0.0,0.9830285977429757
35,6,1.0,0.7125449605491581,0.0,0.0,0.9830285977429757
35,7,1.0,0.7189595210793533,0.0,0.0,0.9830285977429757
35,8,1.0,0.7244315853452825,0.0,0.0,0.9830285977429757
35,9,1.0,0.7290362131725375,0.0,0.0,0.9830285977429757
35,10,1.0,0.7328428996720053,0.0,0.0,0.9830285977429757
35,11,1.0,0.7359159862053719,0.0,0.0,0.9830285977429757
35,12,1.0,0.738315044289871,0.0,0.0,0.9830285977429757
35,13,1.0,0.7400952342459568,0.0,0.0,0.9830285977429757
35,14,1.0,0.7413076401782585,0.0,0.0,0.9830285977429757
35,15,1.0,0.7419995826965898,0.0,0.0,0.9830285977429757
35,16,1.0,0.742214910628163,0.0,0.0,0.9830285977429757
35,17,1.0,0.7419942728423031,0.0,0.0,0.9830285977429757
35,18,1.0,0.7413753712024782,0.0,0.0,0.9830285977429757
35,19,1.0,0.7403931955747912,0.0,0.0,0.9830285977429757
35,20,1.0,0.7390802417546923,0.0,0.0,0.9830285977429757
