agent_index,axis_0,axis_1,axis_2,axis_3,axis_4,axis_5,axis_6,axis_7,axis_8,axis_9
0,0.0019973833863897897,0.1773663698671558,-0.08561831776801784,-0.1438169895098168,-0.019605082848655937,0.029847104610513927,-0.2841256491092556,0.014233787532319428,-0.0350467502161087,0.005559144176889597
1,0.03195689074293961,0.09223292103952087,0.06702124047543295,-0.0033299564094591413,0.04436122496538064,-0.06661975144068748,0.0013738180754181404,-0.11075431701312259,-0.09877935920566823,0.050274519895284
2,-0.049494836308307776,-0.10144087230620946,0.031246994971817668,-0.017385693271230254,-0.166260887472124,0.10390812666803423,-0.0007034157626319896,-0.00891622798494395,-0.16938871484690413,-0.033796269950716856
3,0.1390000987603718,-0.22016237921700318,0.01429366930838994,0.06207198314802575,-0.026294324787232214,0.01691896113470955,0.0011438408184662873,0.02011828331858288,-0.08481024016289956,-0.03182001276418471
4,0.07973331969832059,-0.1863345177601924,0.0056893001244090816,-0.03144045203267763,-0.0028197561039033443,0.01632976842836025,0.010536623707520525,-0.2656271365004415,-0.054230046513618305,0.14104624611246228
5,-0.0005525769493725823,-0.07950158452444736,-0.03695969507167605,-0.0011930350771563395,0.07781483487106862,0.03458682232774794,-0.029670636778661674,-0.14091306752578514,-0.07221947877593111,0.10600096719879849
6,-0.09390761447654807,0.04623698508820864,0.0011803871449901874,-0.19137527324624523,0.002040046891403225,-0.02352897481051574,0.041082198223090886,-0.0004579729345533847,0.07530278289488228,0.06906737444066563
7,0.05761487182779298,0.07848567455648375,0.1498922631691046,-0.032206867933952825,0.0026699546631807703,0.06686151427299517,-0.029247716966251735,0.06894481654951505,-0.00836777398131665,-0.13429802880867714
8,-0.008223311914632879,0.02384074924758444,-0.05675231001237058,-0.0427913375714645,0.03437327291343072,0.08039372439292858,-0.015470545372100885,0.019183483043718686,0.018997761277680863,-0.07685616606286075
9,-0.011119371858423769,0.03017306614359346,-0.026496136584230768,0.0093750474373543,0.0003817717085100613,-0.05398643670380207,-0.2543478663398533,-0.07762880896194783,-0.021988839142286505,-0.07752391565116315
10,0.07241457684838896,-0.02363634576646048,-0.10158395481524314,0.2239465449226552,0.0004690774080914914,0.034691635115836617,-0.030439345797220463,0.05407370340411063,-0.14831764772183267,-0.00805092963104981
11,0.0024454637591361213,0.11809993787049333,-0.00012981055156037428,0.001758977705760178,0.13858699465833998,0.0048246282907976465,0.08759954046815244,-0.020224640463142214,-0.042222398942725684,-0.02251996561047182
12,0.001103724712505334,-0.051927632929198456,0.009995209358486586,0.029539114343077235,0.011842202552474592,-0.007199812797730604,0.05434760551519362,0.12531682216992024,-0.008383603671519357,0.08283092776145477
13,0.011265109472753923,-0.023549745889744927,-0.0009818795350838084,0.15435745512592627,0.025759209465255995,-0.025676281314990303,-0.04528261835269199,-0.051799682956800264,0.021630729012144967,-0.004563377198972059
14,0.04660844302072542,0.07623651470376183,-0.04027963475436613,-0.023603398950200763,-0.119325073659692,-0.004202829439916579,-0.0828216266687318,-0.055471536029517106,0.0939761475168849,0.06420419474002635
15,-0.024869456089860114,0.03760456583512492,-0.10493795460515987,0.021165084244420054,-0.037320412497754994,0.0061048464223006655,0.0222151467379327,-0.06977109704442336,0.039473807606543954,0.08309761590194749
16,0.07295516005672298,-0.04795660495476741,0.020367011615562033,0.006217200329239247,0.027310200719193333,-0.12471186330965311,0.0073362633572797145,-0.0014189209749567732,0.06399759308532052,0.021363475078416384
17,0.00674452030876998,0.01737391536310959,0.01122794516073312,0.06569273751766884,-0.0691844755059181,-0.08451667171766206,0.07008585035726575,-0.0064701975794897336,-0.16228100359942876,-0.01211050980385771
18,0.0005966778699287267,0.009482913765126003,-0.04432533500026441,0.02134065364553238,0.15561987937659932,0.06033184922934717,0.07002337408018167,-0.028422300300634303,0.038364337042432854,0.04236880138575002
19,-0.12541839071440916,0.02180473562270537,0.007149774485994256,0.03868789633148706,0.04922891925200559,0.10594948132578504,-0.056200473035577514,-0.09939185091023585,-0.02317182523113462,-0.0701437171408173
20,0.033671482789102855,0.0006025302757653113,0.07707500233321567,-0.03849716253934403,0.09997734192150415,-0.00194023483974143,0.011530867091010904,0.007470652970956614,-0.08090097740984524,0.06038802278345231
21,-0.1089658905362631,-0.07248004990099167,0.02883547295370766,-0.008541489451623871,-0.029777745919763215,-0.00806651643545633,0.041877885580106126,0.06357728732420206,-0.0048114859142518,-0.018771710729284994
22,-0.0316961230307304,0.038303954996610365,-0.028371841179323266,0.00036164406227448423,-0.053392260184777676,0.04912377198945283,-0.0023332383468091366,-0.012292152482050815,0.028021431950978858,-0.0690607167055656
23,0.042630007257722854,0.04088049864204536,-0.04017769512350082,-0.04482373662637059,0.03287911092441139,0.042689053453943304,-0.07753166149293494,-0.022143412755225203,-0.038564784689371454,0.061831088675730006
24,-0.014754107838980682,0.034418018881246376,0.08251328711985367,-0.18733346316342683,-0.0037825729099229388,-0.07139484425822713,0.04886944634209015,0.04457218756510688,-0.17088943546132362,-0.05730415789266042
25,-0.04194759654203827,-0.0798173494893062,-0.03643927013769958,0.006071896260747712,-0.0007552020727631632,-0.05573081173771535,-0.007533771493104297,-0.1261294044707419,0.048788711443027336,0.035441056813010324
26,-0.0747137882969143,0.0033072285005916837,0.06008541537035534,-0.06029948595420543,0.18335015322647724,0.14237753219554442,-0.23573616454219626,-0.021988811055234293,-0.11256980984840509,0.02181692056302679
27,-0.1003868443610564,0.08707936996383224,0.007657214559273858,0.16708777515319242,-0.19138700469502576,0.01966309038344127,0.07217169753574812,-0.17202637796522957,-0.059081622819222114,-0.0853367200965377
28,0.027980659133650842,0.005615234100089022,-0.006539631462466392,-0.015021195362169,0.06264235362513054,0.027513191068686233,0.0421110210576505,0.23173607474542302,0.021542785607033824,0.0658687265445111
29,-0.05133507665132469,-0.027417091540106235,-0.015049595431085257,0.024565500224546826,0.018693562967941547,0.01629641143372659,0.010649333869449598,-0.005126053770836812,-0.14909955909257466,-0.2833335037564928
30,-0.015234461623441409,0.20011297813300502,0.027312427278961306,0.015903438788961003,0.016872524089713927,-0.13644488260388937,0.02956826852473114,-0.06574610544485435,-0.042233595989433936,0.0025799462604542633
31,-0.008429415905770125,0.11368994285295254,0.13098352608872374,-0.10330632480462916,0.13620313808410303,0.13491043523177615,0.10330603921535816,0.0791058745034485,-0.05208945505669237,0.04338874687012059
32,-0.05270536461223142,0.07363133495255518,0.05986836901333169,0.022673533852008935,0.011622341713480247,-0.024197895267656942,-0.009441865968520754,0.036420605095994096,0.08121102764446787,-0.04544666705521276
33,-0.002638606936801973,-0.01861017649958508,0.0030291505603537586,-0.02313859053332298,0.025697905171943893,-0.06114849139168476,-2.1841970054270617e-05,-0.045969813900509075,-0.01982495321402274,0.0002092664997585752
34,-0.00906152408962999,0.05285085957982668,-0.1858110404564336,-0.006515649990502683,0.04287812440076717,0.10038814814432781,-0.12881277703268926,-0.10079600597590134,0.02806877046761339,-0.08874822648524688
35,-0.07461042523372585,0.014641443901362518,-0.01772107735092689,0.05612912064173493,0.0036036620033284383,0.012596946862548707,-0.12321640392463137,-0.10449667987900751,-0.06820264197385424,-0.06939659000238549
36,0.11293370899057537,-0.09165449979343948,-0.0239936977463061,-0.02085730887470997,-0.14041370237894626,-0.06597249976795505,0.0964918118373005,0.041218766898704004,0.031246947088408326,0.08411086915633587
37,0.06565116871860203,0.0049813320367648305,-0.025151473450708665,-0.007984922073788198,-0.046728235353283396,0.12401209862433848,-0.030513152811011076,-0.023261919125356054,0.026326516841866817,-0.009575114189891307
38,-0.12927586779011557,-0.04255952399042808,-0.0046983883824985705,0.07646459584130127,-0.010974308027810688,-0.1626539692325575,0.010109675857633378,0.051883493960331935,-0.18463988686612473,-0.2571773603098348
39,0.042490617083779325,-0.059857973410941345,0.04655001812270423,0.005212252592452,0.007863196981588555,-0.13991345593328933,0.11083023128679924,-0.07236092227146891,0.08552257256994154,-0.06611472783007614
40,-0.05778362615524271,-0.003404373559612518,-0.06333245570057848,-0.07985076966695955,-0.08213546480350274,0.03403043511876466,-0.08610623289201133,-0.057894122223235964,0.03923990309525694,-0.07545836925610568
41,-0.018111755375358845,0.07172159490328822,0.15986588304672908,-0.027659214730258102,-0.0024003280223737805,-0.11842332448459673,-0.14957793624218718,-0.019208802797764157,0.001992688532926187,0.10190061202376904
42,-0.1327216704219794,-0.028184872185500177,-0.07830090989696505,0.04546784024836449,0.03231273968539213,-0.10501080057177595,0.029299697340709255,0.02191139551298053,0.0816121686270093,0.07400603019230047
43,-0.006824697422693568,0.09060322977569474,0.029523010647579888,-0.11357760198313173,-0.008243828814505449,-0.008738552149290256,-0.05703349086637483,-0.014872820063493095,0.03676261868972506,0.05790602821041464
44,-0.03296079030967494,0.009006215566128153,0.01864649697443047,-0.018135369319625307,-0.018851976289394005,-0.1250275882263838,0.10665720386530565,0.02794713895312215,-0.10426183428728515,-0.034144312624321785
45,-0.03983177894888716,-0.08678220901550511,0.05369777915440256,-0.015280172263644184,0.01153849222940791,0.004867160627228639,0.06547091576679596,-0.0009342318103653496,0.009490868083707214,0.033954096298630485
46,0.03940751540619907,0.06640579030692054,0.03141942593079954,-0.03636495833182132,0.08973040686573563,0.08290197130582633,0.08832948470962265,0.04995620606892829,0.026877696105121827,-0.03527984041826958
47,-0.10798766024034727,-0.05431500609726222,0.0243500953921478,-0.01730360165670634,0.1253461712016216,-0.09134843454791997,-0.03970779873075383,0.15496511642797867,0.0810022367082792,-0.0067049527667244315
48,-0.010418469901134465,0.01483925856606822,-0.127431900956912,-0.01965854401786765,0.006212988521666395,0.0744934768524591,-0.017412826220937327,0.023977228707564247,-0.011284011455650927,0.05899506440223326
49,-0.055275932373501806,0.20497827136205798,0.02395693670230588,0.055069117344834544,-0.051856079906172275,-0.0606689626081495,-0.008506491450885886,-0.016553958710900884,-0.022479307868632545,-0.0020228182624212423
50,-0.07699525650307584,0.00042008962079515737,0.07921417799124908,-0.007059675947225216,0.1379218117315768,0.1447133409102681,0.055729278143935274,0.04602314394519665,-0.0013304371017674348,-0.013826585067945806
51,-0.04408494537715605,0.06196004169703226,-0.12816323598633603,0.010473169934939103,-0.03577967871336419,9.554662453933518e-06,-0.01678592075113049,-0.025126566595627422,-0.1285520676401595,-0.14472455758207925
52,-1.0923177820036524e-05,0.09945607802875142,-0.03808089533972059,-0.016099399540451396,-0.06100430270616447,-0.0047095700416559805,0.05367210762510838,0.1397831095476092,-0.039065440574511466,0.1528406582570969
53,-0.07423838628858219,0.0331778255029318,0.031124189279017337,0.036000377453847154,-0.005238990493517549,0.09241834139881278,-0.002405120872323381,-0.04177291599729464,-0.22573459067018367,0.06338275734235982
54,-0.002168663185981533,-0.03674898050728556,-0.028066302765301795,0.025022059946159733,0.23361086512055856,0.040170422162162114,-0.005215731282575319,-0.029615176938576817,-0.13305378493698028,0.14609824199622284
55,-0.022842841841687254,0.05032548192360894,0.12765911181613357,0.022511430943715556,-0.11145005786433476,-0.05218046940267377,-0.00915744959301348,-0.018760805743437987,-0.11204949278723349,0.021023318039945955
56,-0.09120502672430765,-0.0036945273893578584,0.007215772300185694,0.05172303500014583,-0.26445134341886695,-0.008425140749751626,-0.029203534394215976,-0.014528860109495454,0.04225564740614774,0.07102723632551732
57,0.017456188152243923,-0.010002346815867093,-0.043723604947575365,-0.023207094351478105,0.23794689349161552,-0.02025700232280804,0.025469952865924936,0.056365451336488404,-0.03250149092677849,0.09106144500082165
58,0.018344668796707934,0.0035903005075743886,-0.05181276780400546,0.07301083308406708,-0.09640404967199084,0.005401956142490489,0.033444359169324984,-0.02610802737824593,-0.03724013427021051,-0.04031108599219438
59,-0.07212829847329541,0.0033359526201248942,-0.06256801712855052,0.1362974772688513,-0.06054099812428933,0.07892530093651737,-0.02571057153554372,-0.023340413331949167,-0.12896670133169777,-0.0027691285002450824
60,0.13335565748674472,-0.11060487281331949,-0.00281593049426734,-0.00810193891575484,-0.001453422720889517,0.035967211541345856,0.022322876851962808,0.018374995368808496,-0.024336470672629052,0.03506468754143976
61,0.023462594868509344,0.05387411318582673,0.16147251760958048,0.1744227786185396,0.18159732549910945,-0.016123613369105606,-0.04660567956364729,0.026613312139659676,0.005784755267323709,0.0793229817058436
62,0.013777813611380777,-0.010968511594432512,-0.03931546476838974,-0.003206976364037506,-0.0023407654436779293,-0.08046097823958233,-0.005988609949927326,0.02133807151484678,-0.006213675588406046,0.0022391797900665447
63,-0.00676693184930254,0.016649345881136136,-0.0001597043937904321,-0.02136230565075326,-0.10903380507168532,-0.061732954162589726,0.019919193483310213,0.023854017199026627,0.09833675344524763,0.003688980497569358
64,0.07436845727306395,0.009180438115519541,-0.01816653264436464,0.028891037933349573,-0.022494603304091917,-0.1207094571557513,0.01875718690791285,0.008606489184364702,-0.1231302325864857,0.01800649501459145
65,-0.00593369259234405,0.06532559347939637,-0.07202140573712575,0.023223727656818217,0.018083320664000428,0.03216265283939237,-0.015935858267860765,-0.04816542914725216,-0.08808304839208614,-0.04798654926068433
66,-0.0599147015677946,-0.07364332865152814,0.029016006610421557,0.16485004118905838,-0.1863501349033912,-0.05287206308364834,0.04978888844176495,0.03446344379609663,-0.024953462276654497,0.0032541272883518206
67,-0.10059555655125746,-0.010229964949720902,-0.12742036123216618,-0.05894458130888883,-0.014282933712613678,-0.07372995177919413,-0.0441877241880746,-0.03121691296773527,0.07418902897509147,-0.08982257960062377
68,0.004963648115231005,-0.02311628637572952,-0.1824745074259837,-0.16299907921049703,-0.02917529694181339,-0.022277850212082662,0.008012582112973229,-0.04516493671822969,0.12166958981627658,0.0052145575885496525
69,-0.09379194037158514,-0.02762500588998713,0.029917516737313164,-0.03809090381588164,-0.01260230597365003,0.01819620404965792,0.062036025221999615,0.14777465360103445,-0.026943327475141287,0.036581289812845946
70,-0.08721073525914018,-0.005434556527690148,-0.0003002010180674461,-0.01585508185960507,0.1214843510733509,0.021913339521228387,0.05412139856669882,-0.03258702283889457,0.252303970765489,-0.0547227171126835
71,0.06630325467521675,-0.017412745311329855,-0.03968887364121009,-0.04286659818334378,-0.0009181436188742435,-0.034413796233693145,-0.1226548498097624,0.042705424077190725,-0.023971417983310164,-0.06107062600614831
72,0.14773003495168888,0.09982631937148266,0.033225634662474704,0.04909770959129811,0.021844424238711017,0.11863888260069647,0.026041995017936234,-0.02402443099431206,-0.11710119013501073,0.04487078141654212
73,0.0018935177987495235,-0.02060254454214618,0.004185673017611088,-0.020918787298149548,-0.012418660866875361,-0.011502884650481946,-0.08370433247434268,0.03172831798072889,-0.07946439505097938,0.01945325094172565
74,-0.007076423674051435,0.0195998935676982,0.21113074964250056,-0.024830367486755666,-0.08964502557829221,-0.10971436903593774,-0.0032422099135644552,0.01934690540536759,-0.11206781418252677,-0.04379429316568158
75,0.04843840964833214,-0.025077235673856023,-0.012365505435598912,0.14682023064451763,0.2570608782509072,0.09961771905904995,0.0030023045378407124,0.03393474501688102,-0.056108440947994775,0.11091811361077214
76,-0.02078936943914273,0.04289897728762692,0.16040535822255514,0.014157286827420816,0.007614803300750254,-0.030791357099240576,-0.024645617334879362,0.012101184222401008,0.16181705220336604,-0.034351985854958675
77,0.1436423868551621,-0.07761684596592215,0.008127869794988196,0.014915701556602427,0.06255459494710587,0.02633234870883195,0.07787075120608423,0.03989732235994855,0.12429065646365134,-0.04484908119594972
78,0.03663561170422765,-0.03770440614227173,0.20505532263759305,0.11162267505145347,0.0876113303043213,0.0672562855788129,0.009744339784792081,-0.012182042700743481,0.006034183229099355,-0.028394276739568753
79,0.0261292327921505,0.0018172970186222878,0.008369410724709307,-0.11183784106930984,0.007208517139565903,0.07080172418798863,0.020123176440826247,0.11110512043318058,-0.11460036537337621,0.025962028976422347
80,-0.02595711732540477,-0.008628745037131649,0.009684320350679195,-0.12950929477956957,0.01770717090419324,-0.08255858447829438,-0.10127882953899947,0.08813268582946074,0.01849023720255949,0.020167525173562403
81,0.008976527342216444,-0.08052574165287071,-0.008650136608688455,-0.07328613504502031,-0.030255688840108482,-0.004268345848941372,0.04117035569697889,-0.05506356773947092,0.04157455524235069,0.016782206861653385
82,-0.01298700309329992,0.02743569122745669,0.058312823651028134,0.008356357600542047,-0.0582592558325398,-0.05212308082391306,-0.0063891573521443305,0.016878334547599648,-0.05919999791475499,0.03188236001024614
83,0.05506548456976418,-0.06673932545631137,0.053173189094469324,0.0075105270107383194,0.07564526549151789,-0.026444526402210025,0.0026654434008434864,0.1099558540602173,-0.2021111655625979,-0.08397474109183305
84,-0.042831027185871166,-0.006932368081015474,-0.00682830526969428,0.08475467501361277,0.05327170310060649,0.04777972248275884,-0.020396531477306017,-0.05703105319307004,-0.06663528551659573,-0.004079697814110388
85,0.09596264739231355,0.02866944138945807,0.003921239386826152,-0.001036748141098988,0.02923949985422617,-0.0008058841211389979,0.2170157821726413,0.11104365976917498,-0.055903762743349225,-0.04313564277858019
86,-0.06677493536914565,-0.06120365642802535,-0.012155620554565798,-0.03955660978491721,0.05447750388542525,0.21754262884745512,-0.12952276701657445,0.005954365558360174,0.001254631360053329,-0.05138469672140352
87,-0.02133114470756791,0.17539996888580706,-0.0167705388310358,0.024400325208248783,0.029413385637679264,0.07107456745211214,0.05736803039632732,0.05686662716138368,-0.011819209199366548,0.009511856354390665
88,-0.19858583102872063,-0.06527967571841971,0.008829260197144405,-0.018045884318891512,0.010415297488362818,0.04407743989658552,0.01891792934660982,-0.02830062956167336,0.02071674605606747,0.032536423170660626
89,-0.046694348953461876,-0.24742110312303855,-0.0036215144610893357,-0.008615237238504927,-0.09759398381585713,0.02199072860892811,0.2833704271781848,0.12490775390620686,0.000645022422075814,-0.031157009902659905
90,-0.029159050356513408,0.030004777238638897,-0.01786855802131905,0.0329823945412864,0.040414456959379334,-0.0231951234563258,-0.09340356596184321,-0.003032636551331063,0.014095971583291156,-0.00475219941118069
91,0.04368769891773598,0.026712276932584142,0.0304351811604552,-0.11515716263129672,-0.031189757822675596,-0.008122488643003063,0.040614885915336636,0.08673407010556089,0.06464828628661035,-0.1185486582567342
92,-0.07515649973889463,0.1464947933747768,0.00617018271814511,0.10335536452795471,0.019447545491215672,-0.01684233292208419,0.34965593327109634,-0.08593671409796143,-0.010032960466853565,0.023227455199776505
93,0.044190431203180856,-0.0036314232254408083,-0.10835569883241132,-0.017120693013763188,-0.015471989844006646,0.01720248283953831,-0.008529688898973885,0.07255170535115893,0.04215471598193729,0.026686460532441274
94,0.09146020469556705,0.09157377896481383,0.09711975305770523,0.14926745507540487,-0.04629472767330452,0.17749480927004432,-0.07230848942349881,-0.009558827516692693,-0.011901846453187793,0.061620729463140435
95,0.05827396091599564,-0.06109548550683441,0.00899035709734881,-0.05370988612558728,0.02395507880056184,-0.0064357330369456825,-0.0010266134993998093,0.011051833736446868,0.02029584563306838,0.11537902676240215
96,-0.004094486261244889,-0.11681001643454596,-0.002898780228882164,0.027613307794800316,-0.025026948226221316,-0.018302106764527572,0.18524513303431325,0.12682514035735246,-0.24108280502841978,0.061998828731552914
97,-0.013476447221174344,-0.051405090937308204,0.009837709536891412,0.0586591727274613,-0.007527836667239072,-0.1522788279221938,-0.025459448126546786,-0.10790608640468356,-0.02354031487681479,0.03767985556400267
98,0.09337509304528219,0.13030515412594068,-0.0509688770571415,-0.09471263206303175,0.017905831610850045,-0.011318564295573527,0.004858872221905373,0.10257624726020134,-0.023824500528956634,0.10282001051547097
99,0.10137384276213383,-0.0026680297105206507,-0.019864310043120666,-0.0027887224185955003,-0.06569076269327867,0.004282481429380839,-0.0370407517845502,-0.11815108385622831,-0.02452586678703181,0.016223028495315237
100,0.18931767480861275,0.07082132671441647,0.1295288583592736,0.05938053848334997,0.17343650370436378,0.009127441798023847,-0.08991222194339821,-0.03819533644229311,0.027912369543036015,-0.09646943303248535
101,-0.0411224663335609,0.012366205553432846,-0.03050397271824249,-0.025067518931161353,0.009658055953678796,0.014027850050760928,-0.08039415196503459,-0.017120211302754443,-0.07079415617351967,0.06882549492148227
102,-0.017286913365262016,-0.032489592529353496,-0.010489039589585523,0.037372572270861555,-0.0678443344960909,-0.03260572634260897,0.019603838464260708,-0.02728088313674779,-0.009194973553387,0.07344744050289984
103,-0.03509309686067616,-0.06841187518710001,0.04826796085787573,0.025502631136298016,-0.05644468636534741,-0.1311154042296695,0.03869993533601025,-0.017292445263126455,0.030535346185210203,0.14758317201249624
104,-0.04416709076525557,0.04210029436282482,0.0015106451076742423,-0.1107314140494091,0.1658815570351609,-0.037877727678686454,-0.07005823248093516,0.05446043706972332,0.058895387740842645,-0.0635289133329656
105,-0.0400248871185497,-0.08127405118868442,0.12418317639000694,-0.038638136955840605,0.0122523240638574,0.18279980744816962,-0.04537150412920087,-0.008029223452831268,0.005750756931152214,0.020232293744271334
106,0.11535224729955978,0.042029419422331994,0.06899420084808774,-0.010429901894882798,-0.013078849868717126,0.09308586751088403,-0.004572209295586852,-0.001169763334010572,-0.029624855607780675,0.28056901765459386
107,0.10800626894051554,-0.09462710827963756,-0.01568673058414514,-0.04278711432154296,-0.019553834442888926,-0.14320247276045134,0.01777427130073949,0.0828716819179945,-0.03951645131581689,0.008927022567607681
108,0.029149307075485024,0.004050436674103057,-0.04161579731074702,-0.04203771434715605,0.07405417320720865,-0.07027689709921857,-0.009179779278203223,-0.00826426110501717,0.06199954097966867,-0.19242734095767924
109,0.053617163004673944,0.06666919114586693,0.012188729840055602,0.06709193883420701,0.014977149705537226,0.15069888406408638,-0.048388313215194025,0.08744160171673135,-0.02369603272235789,-0.06026453960252089
110,-0.001895783886125235,-0.258152411899992,-0.002980776171875687,-0.2117099375331804,0.16807604649912322,0.032928755266518776,0.032106443504475286,0.012674219878725993,-0.10558289299748388,-0.1756143384547719
111,-0.004095173671063861,0.013565714273522614,-0.019017300723105156,-0.0724709864871125,-0.03251283059360783,-0.004798961307989263,0.006228363897177102,-0.02279732746510984,0.025548628924404647,0.009707945101107753
112,-0.00587478861000678,0.13050981621008884,-0.0027570045583764176,-0.004619947467408647,-0.03521078620932124,0.02410064228286807,0.0015310886760472456,0.006611231418823996,0.022775647525839413,-0.2792967457579154
113,-0.0162520357245881,0.008870728079904822,0.0892252722114874,-0.05295621440635338,0.06924594372986813,0.003088351798332975,0.05774367976529299,0.024859359939368147,-0.06214106666261855,-0.07288081350903435
114,-0.011572419365471287,0.07246997316812405,0.0836493270191316,0.05280558424827045,0.023576103240377167,0.06609416299305838,0.13062984250804868,0.0789648948427268,0.2266960662124744,-0.12976378505675393
115,-0.003484793672278665,0.09329834748272244,0.0818798177524406,0.027107700729251442,0.03621939577753777,0.035547871967648484,0.06732617964564282,0.026048575061988846,0.00014384929397229365,-0.00019750992680730978
116,0.0011785170139434532,-0.09562785261209988,0.14975330494412772,-0.049240042884573766,-0.060043108651277835,0.034665025553917275,-0.08202291545904496,0.01783298742201197,-0.4055761282119669,-0.09690240271522436
117,-0.026437722863188337,0.003493647403763265,0.03675938506378138,-0.030958622854031004,-0.13480495461343062,0.08110224231765671,0.058306790069831464,0.02082172523026791,0.021879842376442235,0.032105589919086304
118,0.036769829767682054,0.08286912761027715,-0.00016543374964378386,0.04637032938093248,0.11252658009537432,-0.03531372350524655,-0.043032888742449,-0.0665858699105632,-0.016536806379564367,0.16907229962919829
119,0.0038974522132251476,-0.029969720161231863,-0.025030457826955947,0.011716297616049634,0.015231757988237083,0.01468193401380552,-0.002461338758809216,0.0670377321458607,-0.011245937009654889,-0.0037722291532916656
120,0.0215077078456469,0.00298704780971479,0.05335730638116503,0.0011728147444514331,-0.01732966591295051,0.000527941161006639,-0.01466724028950364,-0.07553379548738798,0.10267169200306082,-0.1336748590329472
121,0.02501048039245084,-0.22776411328165547,0.025390745243590997,-0.03952202292780496,0.009973301911961717,-0.049773017618899074,-0.06614397155746668,0.17392676848879995,0.2519157270881596,0.09624466666648
122,0.037386912487025456,-0.050672862386359575,-0.14466810737890853,0.06380643435386082,0.16560124359116127,-0.03627731971525489,-0.14155051059989773,0.008756077352190672,-0.02601921070712102,-0.002620526822232529
123,0.10598854425354097,-0.023572065573678892,0.08362868613678269,-0.1740538406394015,0.0012016810774549747,0.050587761775033,0.07952526897726972,0.015709592901601902,-0.14042506827442433,-0.09712278377537961
124,0.005892833858225649,0.07744149165356744,-0.01859622709020765,0.04522042379495183,0.00808371781774593,-0.10327332916657385,0.1455018913066988,0.04932714330891472,-0.0804914633207232,0.039592356090588164
125,0.10684006057715327,-0.08789358476299791,-0.17081004846616185,0.1577236905255654,-0.1394653794809286,0.08418751223397508,-0.01782347182350971,0.1409194055193729,0.1469350142194486,-0.08119865416728304
126,-0.05559583157815899,0.06682739950074501,-0.16453032947471527,-0.17723870979238068,-0.01764527873379758,-0.04034807118468692,0.014520061310498239,0.010921052224419091,-0.06409502764991026,-0.08508521488139902
127,-0.1205515410067064,0.016046967040085847,-0.04675532051210481,-0.015327842821349054,0.08668821498391326,0.14157340452011413,-0.051151693952829265,0.05021119520603726,0.004775038110409477,0.007040795651297737
128,0.04210248903744043,-0.15694812846635897,-0.033318891409544145,0.03019706703013361,-0.05870152206468289,-0.05506572474543918,-0.0725314881752393,-0.008233375111142426,-0.016131126081009643,0.09723322954070275
129,0.03243775396704198,0.017755783949066156,-0.009171826525630316,-0.11354945243464379,-0.03265028482658099,-0.2510158973075533,0.12897613305600594,-0.05491279318275593,-0.022055655134424354,-0.017437126272413624
130,0.019032991990359488,0.017315604136073692,-0.2820610223637672,0.03564897537708287,0.08419229406661254,-0.026340201118901233,0.12847181625110562,0.15183911532342426,-0.013988208805033651,-0.062407959845392186
131,0.0964049198556926,-0.08708720071232905,0.09908325792788875,-0.016890645246948336,0.029864516592014667,0.028469521584215726,0.07884269784494868,0.10339111515150651,0.039053628883938395,-0.0031600126327060067
132,0.07221979885646078,0.04255191656906553,0.01679258137064441,0.014547452069443682,0.01743199140982781,-0.05039910180863587,-0.01723614155596451,-0.012269167938506138,-0.03242198338938277,-0.029211368023378707
133,-0.029493712260542804,-0.3109896227793716,-0.005049698085935184,0.14160149071187644,-0.009204028733664207,-0.09893611765617062,0.0484624669603251,-0.1225149143288801,0.2432476627172879,0.003558398836296504
134,-0.16621482488035516,0.01127959218623218,0.10077377135856622,0.03217335247009507,0.01624291161543138,-0.033026149718317965,0.04062484113764778,0.012413687863019931,0.023627228649499392,-0.03669056768408279
135,0.03993297641921871,-0.17858187762510636,0.051945927872214456,0.010333483389244301,-0.09542855965198169,0.18098584274756221,0.03618154589562389,-0.016161883348125395,0.05000565340634734,-0.07005912672258693
136,-0.04202576839053756,0.026446938432367336,0.14218936012331795,-0.044223973004034633,-0.13153321084501327,-0.1637824322586132,-0.02713585010697289,-0.07490586955876531,-0.14655794414479834,0.06596026818679894
137,-0.05997815417371227,-0.0671917720632787,0.018831616624213503,-0.0007568264002999616,0.1997887539499291,-0.0549476061626007,-0.02712144305244556,-0.023553940358290545,-0.34126929131808353,-0.012027508113339065
138,0.09901454761139157,-0.20731649256958648,0.013411760108341832,-0.052333531100827974,0.20608927810751523,0.0483389542111158,-0.021219792903180424,0.0054222848114499275,-0.05086959340464205,0.03529474517253989
139,0.03625425852681447,-0.105637981004634,0.04278733579361771,-0.011691809296426376,0.08171804059025205,0.007831890424022195,-0.1384345803379576,-0.2546634658772028,0.21842290987864948,-0.0405340664367513
140,0.003772898215585519,0.03285356094636705,-0.04247005020632484,-0.19080137864835206,-0.0074691894902605745,-0.031838138342668965,0.017239169754915597,0.016144523073505654,-0.033832536843652096,0.0454471923469187
141,-0.08558026874016296,-0.059309688964721566,0.01890161726837073,-0.11020377164038771,-0.00977856176211059,0.05176902589221582,0.006953717918920548,-0.02485029995894465,0.023540147146324,0.013408402476929464
142,-0.08389014823971132,-0.0047832646572953655,0.0756224786491755,0.024141666450123427,-0.10616794894328693,-0.02848170443394854,-0.04066900610364966,0.02348291913351973,-0.08234334668085916,-0.03925427970417926
143,0.13729377668125142,0.0006594543146256915,-0.00864062118081484,0.1481579987241452,0.12038633260112341,-0.07582032560711575,0.13251982342821722,0.03460972087376074,-0.012021201815465085,-0.010071656489812078
144,-0.005746966034022982,-0.07743894168590681,0.005168937878199572,-0.03587727899351042,-0.003956742836362006,0.07775574444525019,0.006375092182302325,-0.0668029879084173,0.03278652837089052,0.09959438941369257
145,-0.008618965666624229,0.004905269968204417,0.013939115042898926,-0.029394730982748155,-0.10151378860551999,-0.06687584754598523,0.11134104255489703,-0.004511762994375318,-0.10975768260572459,0.01862927757489085
146,-0.0036508121871086214,-0.005641449134904761,-0.01771731558487006,0.27597410857616095,0.007231068811850389,0.1190808612908747,0.014720992033835745,-0.0005741324798957928,0.022719775790252836,-0.09843310974213097
147,-0.03475680856612151,-0.3633618561170689,-0.15237523622844004,0.11507946717330213,-0.0864105957520719,-0.02636301432603994,-0.0624213071877744,0.004192872452851006,-0.12880776291244986,0.0630176332378561
148,0.12142160759172556,0.010478588984168397,0.03843464415036334,0.01934286498121646,0.040890880249244164,0.011147480021045366,-0.026240202506207264,-0.004234367348005814,0.019466972959281584,0.020826290958706493
149,-0.014451403292618823,-0.014590174495897973,-0.05635001862463872,-0.043829942878765994,-0.0032126625309075872,-0.03885328151852475,-0.007905125018454697,-0.03681798576298509,-0.08146465417128723,-0.10558108355440442
150,-0.0023588078506418895,0.047881693716077235,-0.02605933896601839,0.07198789765337767,-0.019224033627836302,-0.03722624959302093,-0.005722412258421464,-0.11829500019692697,-0.030159165193027308,-0.006541117437824928
151,-0.05223754937121399,0.06583426766631378,-0.06140801253873084,-0.020133460008388043,-0.0014894948100263373,-0.06785067508113339,0.08735304029320402,0.11323501293937753,-0.036892532771324336,0.15110508046790475
152,-0.07802702867362799,-0.08661755584041675,0.06259944803914363,0.02139100222567176,0.010057735801335468,0.07716834839514418,-0.12193248975369765,-0.11062538892224177,-0.05386495733284881,-0.03582961034611773
153,0.06159107863883763,-0.00663295691056848,-0.04879040023298301,-0.01506891159911025,0.006084082523167466,-0.06751480760571879,0.11647829662291279,0.2177507125418291,0.1776203455737502,-0.14980133740650975
154,0.03451067764661175,0.003895971317204161,0.032944918811002956,-0.04106670319821218,-0.0541476737273988,-0.013402981970732768,-0.026074126377424126,0.02343915114348525,0.05460089320866258,0.13587510970443267
155,-0.005258606266827667,-0.014758678286612552,0.03029281113200174,0.007503232024191762,-0.006431083944584916,0.12781738500610348,-0.07689700080838702,-0.02263883875091268,0.012183271107416538,0.07287880987334333
156,0.0010182469532598578,-0.011750479175441943,-0.026201677942675135,0.0341568081319809,0.07123408556128269,0.020366238966870745,0.008389756618225344,0.10211738154885429,-0.02403560948303808,0.13127707198951125
157,-0.010656456879333406,-0.022247310729514296,0.0033496146686146475,-0.05737684735734322,-0.022872084565635425,-0.005730339802063138,0.10828285621073418,-0.005630276916079639,-0.0012827881739252889,0.08543387537254336
158,0.04407182928315322,-0.036373498753173646,0.02232990876042703,-0.03886959573059643,-0.06509869980452875,0.04335309697008139,-0.010321851618442592,-0.031600886792611846,0.10776109904555702,-0.03146072260013809
159,0.008643535889798864,-0.08449311061991545,0.051192147372449016,0.050790103879555494,-0.00841773852451357,-0.009546787773117524,0.07728987251828398,-0.03369852649095052,0.11325608924935028,0.0420368583724184
160,-0.1195662382835524,-0.006180851695410903,0.026588341515852678,-0.021079732942152967,0.0211112763879273,-0.10130803361716915,0.06543126094220016,-0.04110913085252398,-0.020032799398817466,-0.06134943063690425
161,0.09104621299985231,0.11508992298823412,-0.061977379571795804,-0.0538342217291822,-0.1695167578270954,-0.10217744755569692,-0.03559773938679821,0.0037561054616324576,0.03959687041001929,0.09554165394785857
162,0.014060197013661598,-0.2826503054309397,-0.11205963725747678,0.036515948155133274,0.025681141351791375,-0.07988489234128363,0.043915386622309996,-0.022988205486415374,-0.005014265813747037,-0.10663829506206494
163,-0.05889718530760078,0.0061997500261307325,0.14004307756319567,-0.08777060771260797,-0.01605079638731983,0.06311060225283356,0.20079908668932192,-0.09138239097260184,-0.035331487249624115,-0.21956701959417013
164,0.027853857529581375,-0.0009036220214069863,0.21221886269730791,-0.014589517407838721,0.019532080930316525,0.009918139536857593,-0.13024043619365747,-0.04703619041462797,-0.08446677751400193,-0.036246942266375135
165,-0.0014871117098333398,-0.08396399512069538,0.07351878227288489,-0.040170786729327904,-0.048355251438359274,-0.2759496735959693,-0.019082133837142506,0.1507835487343237,0.19480131682557733,0.0726341342964691
166,0.13592169025570708,-0.10218141575210284,0.028837063052517917,-0.04605955931282504,0.03931969019983061,0.06651686912754111,-0.02690894438911219,0.03815346167295969,-0.02678873243513186,0.008805620693355802
167,0.04832280314804457,-0.09361467153668188,-0.031579064215606995,0.030576741094141244,0.028944281630510202,0.008933193247956337,-0.08717815547738303,0.01722610924513316,-0.06634457387689552,-0.13548311988104184
168,-0.03168638197561434,-0.13083272983605113,0.01700268940282963,-0.03877801614895339,-0.02265399245754393,0.04869238970386334,-0.02396360657115293,0.10526613338393812,-0.010923398084788075,0.018607201005207363
169,-0.013930777241896786,0.03289097732968195,0.008382686550962562,0.0173706693088348,0.0016448074200964505,0.06803377057370395,0.01076748105888148,0.007118129606126143,0.02374773193381781,-0.020590546591060455
170,0.2910029025920742,-0.11193186445080452,0.038338540191219135,0.011132906436437426,0.017722933056726512,0.0022417242125336513,-0.126468052230213,-0.04167499527538846,-0.033427769507285356,0.020534795643014
171,-0.16562131668832578,0.01888374711106293,0.016646783830669427,0.04483813121015656,-0.157221556699868,0.0964463633391786,-0.03200312596144516,0.05033760382386591,0.05806497826956971,-0.01366576102865109
172,-0.0156048785863834,0.042068268580670726,0.012566571748510679,0.1244895678088166,-0.01568253903135077,-0.034860984734022826,0.006471637405638469,-0.07694403069570842,-0.06249374152360992,0.028028108906221497
173,0.037678506607735626,-0.16131727008114047,0.01467090756921722,0.013769242230157611,0.004603354194248379,0.07768473870515505,0.04066497214283173,0.04275532251142801,-0.028307251041634857,0.174591213652767
174,-0.00914740522575418,0.08456707466543227,0.05342277403153939,-0.09925095800628893,0.055393385757805794,0.09937427704726282,0.03763451023878683,0.06812174053833138,0.006827645308170341,0.05163532721037098
175,-0.03866647736348586,-0.0068002879897835185,-0.11195751729628725,0.07641110900741743,0.03354403499877282,0.02629589221094508,0.0058533582018098634,0.021932994779747972,-0.004077323664447583,0.011699850752550957
176,0.12722644297035388,0.020646734113210722,-0.15504079275871277,0.012437109989089892,0.027991364600184674,0.046776121675913836,0.13221253970025557,-0.03081750619853761,-0.0418404620004781,-0.022333552242828226
177,0.04323720867176922,0.024053822601227008,-0.0930170457376428,-0.015179809969188591,0.06121131483452044,-0.3277544732956059,0.08106195259700122,0.013202214488717556,-0.031764774016283234,-0.09687144383598287
178,-0.04108109771723364,0.042041148505216924,-0.09452500497540844,-0.024918209623131272,0.0039531105125238065,-0.030801467559711054,-0.014080794384510006,-0.017085753290944673,0.02619278023746501,0.02892179268314542
179,-0.01745118749792845,0.039434352127406896,-0.11236957023068916,-0.006176828121784036,0.06519288993253117,0.1791234647720019,-0.037112247738839886,0.0544150263554298,-0.03786460492454545,0.049919990399532356
180,0.1222754491433472,-0.01892249465197091,0.06951462871945181,0.049434889079128075,-0.014855073037898028,0.02671206297706245,0.17598400979685677,0.04899528664972773,0.08996892782280182,0.18375351268863088
181,-0.14846672661088173,0.035369582458900505,0.04110413115449412,-0.040900098128400245,0.021282795894462775,0.042214065353335266,0.16908672144050146,0.17325988871127743,0.04062601446032449,-0.13848801126656599
182,-0.08189710301849056,0.0407911757481046,-0.04900855245705306,-0.03373538230544206,-0.00124350958765786,0.1508885018744505,0.011969592822302436,0.14109284610077025,0.0181632643679487,0.10911506957356773
183,0.13061396010405243,0.049063339753984636,0.01922283139020623,-0.01641632594252725,-0.02349025182332155,0.05377306696984111,-0.1562887890175315,-0.10525949496704037,0.042969031813129874,0.009848449393486062
184,-0.03676060242319472,0.0844958351415406,0.07990795840757633,-0.07768389572242258,-0.11916809044296311,0.001086511736173373,-0.01166575235365288,-0.0921569005178137,0.04289954275709655,0.10584766543476556
185,0.06688467285067312,0.006131599808257117,-0.08408754360161699,-0.055795535616030935,-0.07100500164251568,-0.0022819636799981907,0.0893977811118406,-0.005927487996862884,-0.006112533546836348,-0.04737874996597157
186,-0.05407497798046017,0.055350639071170424,-0.012462682613440678,0.043116918723823595,0.025328147450124683,-0.03838124422490275,-0.032364718723909405,-0.010826098147677347,-0.2716564241553876,-0.025196312966229296
187,-0.06798197352904843,-0.1017316287718707,0.005841542800361323,0.006942992139764989,-0.0016266815423442438,0.0255656696175612,0.09998807182549171,-0.018163602936708354,-0.05713373227702544,0.03233424978210498
188,-0.014773811931725382,-0.019488085464038886,0.01141476820155524,-0.07891556810323347,0.00942290193458235,-0.05436448148289497,0.0030943057827381494,-0.05655876182768679,-0.04536946902053606,0.09077600986071659
189,0.04417761204874663,0.02454779941160823,0.0334345112927424,0.012150998269058163,-0.05425086067542107,0.18260645853173935,-0.15143480478905935,0.0012395144878157608,0.07085975438366372,-0.09457459442206906
190,-0.031064772005844253,0.02118531754200091,-0.028603709825506772,0.016076142944835302,-0.04036771680514437,0.021030585162389002,-0.039069669891740474,-0.12780371766456491,0.05854960438328307,-0.04879295620637256
191,-0.08758189449669064,0.0708276100253053,-0.0059947929166354495,-0.0508680163266875,-0.006248354484099141,0.06641600750676177,0.006252476524985701,-0.02908989680477396,0.027563114521674252,0.09481972735332779
192,0.015364630174840313,0.021072898209385887,-0.085144564366634,-0.05071493913338013,-0.055983496798163876,0.10633787610440679,-0.14010249691742052,-0.020629659044056767,-0.0017124327589258938,-0.04664249469434436
193,-0.06902802477337287,0.1676593545019501,-0.0142836211993665,-0.007427281024461457,0.04866621076262677,0.0321491337624264,0.04629037528097703,-0.062194370971653035,0.05893679951042172,0.038346452048317124
194,0.07832409846993002,0.05764156375869502,0.014894419526067702,-0.11281506921224696,-0.035902284910743834,-0.14677613219407978,0.02311687616700788,0.013080262570726659,0.023695792995331106,-0.01575826350027046
195,-0.018782836450118898,-0.0050522340018266595,-0.028653266375660225,0.029061482440453753,-0.09012769761138256,0.002781565394372955,-0.0003597840436004798,0.050309516702805306,-0.021332584510735747,-0.027574286181218412
196,-0.07273019716777546,-0.01167770017846309,-0.02803051503234,0.05900668004207727,0.07233730867906077,0.0905280012464791,-0.003634392308586149,0.004457379001973078,-0.0034038492449583245,-0.061502386237835674
197,0.019116624037640348,0.059842908632200924,0.019586438810629995,-0.0059824326990924725,-0.03912225593342051,0.27317245107999033,0.059585801372876064,0.02664899263845301,0.3950840925757274,-0.12152209865984276
198,0.00484557191485652,0.011834022056650096,0.13204378283842128,-0.04960446026852749,0.06441587356648472,0.247632139336232,-0.29340968094832937,0.04410952094557753,0.0025183670594929445,-0.059056668408237985
199,-0.08977343320184338,0.027778798542086803,0.041002733713144224,0.0008330895478199243,-0.014974862277264758,0.1505884250431033,0.04494896598056016,-0.04055927036111749,0.10207035735750683,-0.014808097363867132
