arm,seed,steps_completed,yield_condition_met_count,yield_condition_blocked_count,extinct,collapsed,final_population,final_validator_dependency_mean,final_validator_dependency_max
ZERO_STRENGTH,700000000,300,1,0,False,False,434,0.0,0.0
ZERO_DEPENDENCY,700000000,300,1,0,False,False,434,0.0,0.0
AS_PUBLISHED,700000000,300,2,1,False,False,428,0.0,0.0
ZERO_STRENGTH,700000001,300,1,0,False,False,411,0.0,0.0
ZERO_DEPENDENCY,700000001,300,1,0,False,False,411,0.0,0.0
AS_PUBLISHED,700000001,300,1,0,False,False,411,0.0,0.0
ZERO_STRENGTH,700000002,300,1,0,False,False,454,0.0,0.0
ZERO_DEPENDENCY,700000002,300,1,0,False,False,454,0.0,0.0
AS_PUBLISHED,700000002,300,1,0,False,False,454,0.0,0.0
ZERO_STRENGTH,700000003,300,1,0,False,False,389,0.0,0.0
ZERO_DEPENDENCY,700000003,300,1,0,False,False,389,0.0,0.0
AS_PUBLISHED,700000003,300,1,0,False,False,389,0.0,0.0
ZERO_STRENGTH,700000004,300,1,0,False,False,445,0.0,0.0
ZERO_DEPENDENCY,700000004,300,1,0,False,False,445,0.0,0.0
AS_PUBLISHED,700000004,300,1,0,False,False,445,0.0,0.0
ZERO_STRENGTH,700000005,300,1,0,False,False,438,0.0,0.0
ZERO_DEPENDENCY,700000005,300,1,0,False,False,438,0.0,0.0
AS_PUBLISHED,700000005,300,1,0,False,False,438,0.0,0.0
ZERO_STRENGTH,700000006,300,1,0,False,False,401,0.0,0.0
ZERO_DEPENDENCY,700000006,300,1,0,False,False,401,0.0,0.0
AS_PUBLISHED,700000006,300,1,0,False,False,401,0.0,0.0
ZERO_STRENGTH,700000007,300,2,1,False,False,465,0.0,0.0
ZERO_DEPENDENCY,700000007,300,2,1,False,False,465,0.0,0.0
AS_PUBLISHED,700000007,300,2,1,False,False,465,0.0,0.0
ZERO_STRENGTH,700000008,300,1,0,False,False,483,0.0,0.0
ZERO_DEPENDENCY,700000008,300,1,0,False,False,483,0.0,0.0
AS_PUBLISHED,700000008,300,1,0,False,False,483,0.0,0.0
ZERO_STRENGTH,700000009,300,1,0,False,False,469,0.0,0.0
ZERO_DEPENDENCY,700000009,300,1,0,False,False,469,0.0,0.0
AS_PUBLISHED,700000009,300,1,0,False,False,469,0.0,0.0
ZERO_STRENGTH,700000010,300,1,0,False,False,442,0.0,0.0
ZERO_DEPENDENCY,700000010,300,1,0,False,False,442,0.0,0.0
AS_PUBLISHED,700000010,300,1,0,False,False,442,0.0,0.0
ZERO_STRENGTH,700000011,300,2,1,False,False,398,0.0,0.0
ZERO_DEPENDENCY,700000011,300,2,1,False,False,398,0.0,0.0
AS_PUBLISHED,700000011,300,2,1,False,False,398,0.0,0.0
ZERO_STRENGTH,700000012,300,1,0,False,False,482,0.0,0.0
ZERO_DEPENDENCY,700000012,300,1,0,False,False,482,0.0,0.0
AS_PUBLISHED,700000012,300,1,0,False,False,482,0.0,0.0
ZERO_STRENGTH,700000013,300,1,0,False,False,424,0.0,0.0
ZERO_DEPENDENCY,700000013,300,1,0,False,False,424,0.0,0.0
AS_PUBLISHED,700000013,300,1,0,False,False,424,0.0,0.0
ZERO_STRENGTH,700000014,300,1,0,False,False,454,0.0,0.0
ZERO_DEPENDENCY,700000014,300,1,0,False,False,454,0.0,0.0
AS_PUBLISHED,700000014,300,1,0,False,False,454,0.0,0.0
ZERO_STRENGTH,700000015,300,1,0,False,False,497,0.0,0.0
ZERO_DEPENDENCY,700000015,300,1,0,False,False,497,0.0,0.0
AS_PUBLISHED,700000015,300,1,0,False,False,497,0.0,0.0
ZERO_STRENGTH,700000016,300,1,0,False,False,410,0.0,0.0
ZERO_DEPENDENCY,700000016,300,1,0,False,False,410,0.0,0.0
AS_PUBLISHED,700000016,300,1,0,False,False,410,0.0,0.0
ZERO_STRENGTH,700000017,300,1,0,False,False,514,0.0,0.0
ZERO_DEPENDENCY,700000017,300,1,0,False,False,514,0.0,0.0
AS_PUBLISHED,700000017,300,1,0,False,False,514,0.0,0.0
ZERO_STRENGTH,700000018,300,1,0,False,False,425,0.0,0.0
ZERO_DEPENDENCY,700000018,300,1,0,False,False,425,0.0,0.0
AS_PUBLISHED,700000018,300,1,0,False,False,425,0.0,0.0
ZERO_STRENGTH,700000019,300,1,0,False,False,421,0.0,0.0
ZERO_DEPENDENCY,700000019,300,1,0,False,False,421,0.0,0.0
AS_PUBLISHED,700000019,300,1,0,False,False,421,0.0,0.0
ZERO_STRENGTH,700000020,300,1,0,False,False,454,0.0,0.0
ZERO_DEPENDENCY,700000020,300,1,0,False,False,454,0.0,0.0
AS_PUBLISHED,700000020,300,1,0,False,False,454,0.0,0.0
ZERO_STRENGTH,700000021,300,1,0,False,False,458,0.0,0.0
ZERO_DEPENDENCY,700000021,300,1,0,False,False,458,0.0,0.0
AS_PUBLISHED,700000021,300,1,0,False,False,458,0.0,0.0
ZERO_STRENGTH,700000022,300,1,0,False,False,444,0.0,0.0
ZERO_DEPENDENCY,700000022,300,1,0,False,False,444,0.0,0.0
AS_PUBLISHED,700000022,300,1,0,False,False,444,0.0,0.0
ZERO_STRENGTH,700000023,300,1,0,False,False,523,0.0,0.0
ZERO_DEPENDENCY,700000023,300,1,0,False,False,523,0.0,0.0
AS_PUBLISHED,700000023,300,1,0,False,False,523,0.0,0.0
ZERO_STRENGTH,700000024,300,1,0,False,False,387,0.0,0.0
ZERO_DEPENDENCY,700000024,300,1,0,False,False,387,0.0,0.0
AS_PUBLISHED,700000024,300,1,0,False,False,387,0.0,0.0
ZERO_STRENGTH,700000025,300,1,0,False,False,483,0.0,0.0
ZERO_DEPENDENCY,700000025,300,1,0,False,False,483,0.0,0.0
AS_PUBLISHED,700000025,300,1,0,False,False,483,0.0,0.0
ZERO_STRENGTH,700000026,300,1,0,False,False,465,0.0,0.0
ZERO_DEPENDENCY,700000026,300,1,0,False,False,465,0.0,0.0
AS_PUBLISHED,700000026,300,1,0,False,False,465,0.0,0.0
ZERO_STRENGTH,700000027,300,1,0,False,False,474,0.0,0.0
ZERO_DEPENDENCY,700000027,300,1,0,False,False,474,0.0,0.0
AS_PUBLISHED,700000027,300,1,0,False,False,474,0.0,0.0
ZERO_STRENGTH,700000028,300,2,1,False,False,466,0.0,0.0
ZERO_DEPENDENCY,700000028,300,2,1,False,False,466,0.0,0.0
AS_PUBLISHED,700000028,300,2,1,False,False,466,0.0,0.0
ZERO_STRENGTH,700000029,300,1,0,False,False,513,0.0,0.0
ZERO_DEPENDENCY,700000029,300,1,0,False,False,513,0.0,0.0
AS_PUBLISHED,700000029,300,1,0,False,False,513,0.0,0.0
ZERO_STRENGTH,700000030,300,1,0,False,False,554,0.0,0.0
ZERO_DEPENDENCY,700000030,300,1,0,False,False,554,0.0,0.0
AS_PUBLISHED,700000030,300,1,0,False,False,554,0.0,0.0
ZERO_STRENGTH,700000031,300,2,1,False,False,483,0.0,0.0
ZERO_DEPENDENCY,700000031,300,2,1,False,False,483,0.0,0.0
AS_PUBLISHED,700000031,300,3,2,False,False,431,0.0,0.0
ZERO_STRENGTH,700000032,300,1,0,False,False,455,0.0,0.0
ZERO_DEPENDENCY,700000032,300,1,0,False,False,455,0.0,0.0
AS_PUBLISHED,700000032,300,1,0,False,False,455,0.0,0.0
ZERO_STRENGTH,700000033,300,1,0,False,False,494,0.0,0.0
ZERO_DEPENDENCY,700000033,300,1,0,False,False,494,0.0,0.0
AS_PUBLISHED,700000033,300,1,0,False,False,494,0.0,0.0
ZERO_STRENGTH,700000034,300,1,0,False,False,538,0.0,0.0
ZERO_DEPENDENCY,700000034,300,1,0,False,False,538,0.0,0.0
AS_PUBLISHED,700000034,300,1,0,False,False,538,0.0,0.0
ZERO_STRENGTH,700000035,300,2,1,False,False,438,0.0,0.0
ZERO_DEPENDENCY,700000035,300,2,1,False,False,438,0.0,0.0
AS_PUBLISHED,700000035,300,2,1,False,False,438,0.0,0.0
ZERO_STRENGTH,700000036,300,1,0,False,False,429,0.0,0.0
ZERO_DEPENDENCY,700000036,300,1,0,False,False,429,0.0,0.0
AS_PUBLISHED,700000036,300,1,0,False,False,429,0.0,0.0
ZERO_STRENGTH,700000037,300,1,0,False,False,459,0.0,0.0
ZERO_DEPENDENCY,700000037,300,1,0,False,False,459,0.0,0.0
AS_PUBLISHED,700000037,300,2,1,False,False,479,0.0,0.0
ZERO_STRENGTH,700000038,300,2,1,False,False,461,0.0,0.0
ZERO_DEPENDENCY,700000038,300,2,1,False,False,461,0.0,0.0
AS_PUBLISHED,700000038,300,2,1,False,False,461,0.0,0.0
ZERO_STRENGTH,700000039,300,1,0,False,False,501,0.0,0.0
ZERO_DEPENDENCY,700000039,300,1,0,False,False,501,0.0,0.0
AS_PUBLISHED,700000039,300,1,0,False,False,501,0.0,0.0
ZERO_STRENGTH,700000040,300,2,1,False,False,380,0.0,0.0
ZERO_DEPENDENCY,700000040,300,2,1,False,False,380,0.0,0.0
AS_PUBLISHED,700000040,300,2,1,False,False,380,0.0,0.0
ZERO_STRENGTH,700000041,300,2,1,False,False,424,0.0,0.0
ZERO_DEPENDENCY,700000041,300,2,1,False,False,424,0.0,0.0
AS_PUBLISHED,700000041,300,2,1,False,False,424,0.0,0.0
ZERO_STRENGTH,700000042,300,1,0,False,False,415,0.0,0.0
ZERO_DEPENDENCY,700000042,300,1,0,False,False,415,0.0,0.0
AS_PUBLISHED,700000042,300,1,0,False,False,415,0.0,0.0
ZERO_STRENGTH,700000043,300,1,0,False,False,432,0.0,0.0
ZERO_DEPENDENCY,700000043,300,1,0,False,False,432,0.0,0.0
AS_PUBLISHED,700000043,300,1,0,False,False,432,0.0,0.0
ZERO_STRENGTH,700000044,300,1,0,False,False,454,0.0,0.0
ZERO_DEPENDENCY,700000044,300,1,0,False,False,454,0.0,0.0
AS_PUBLISHED,700000044,300,1,0,False,False,454,0.0,0.0
ZERO_STRENGTH,700000045,300,1,0,False,False,482,0.0,0.0
ZERO_DEPENDENCY,700000045,300,1,0,False,False,482,0.0,0.0
AS_PUBLISHED,700000045,300,1,0,False,False,482,0.0,0.0
ZERO_STRENGTH,700000046,300,1,0,False,False,459,0.0,0.0
ZERO_DEPENDENCY,700000046,300,1,0,False,False,459,0.0,0.0
AS_PUBLISHED,700000046,300,1,0,False,False,459,0.0,0.0
ZERO_STRENGTH,700000047,300,1,0,False,False,453,0.0,0.0
ZERO_DEPENDENCY,700000047,300,1,0,False,False,453,0.0,0.0
AS_PUBLISHED,700000047,300,1,0,False,False,453,0.0,0.0
ZERO_STRENGTH,700000048,300,1,0,False,False,517,0.0,0.0
ZERO_DEPENDENCY,700000048,300,1,0,False,False,517,0.0,0.0
AS_PUBLISHED,700000048,300,1,0,False,False,517,0.0,0.0
ZERO_STRENGTH,700000049,300,1,0,False,False,451,0.0,0.0
ZERO_DEPENDENCY,700000049,300,1,0,False,False,451,0.0,0.0
AS_PUBLISHED,700000049,300,1,0,False,False,451,0.0,0.0
ZERO_STRENGTH,700000050,300,1,0,False,False,499,0.0,0.0
ZERO_DEPENDENCY,700000050,300,1,0,False,False,499,0.0,0.0
AS_PUBLISHED,700000050,300,1,0,False,False,499,0.0,0.0
ZERO_STRENGTH,700000051,300,1,0,False,False,440,0.0,0.0
ZERO_DEPENDENCY,700000051,300,1,0,False,False,440,0.0,0.0
AS_PUBLISHED,700000051,300,1,0,False,False,440,0.0,0.0
ZERO_STRENGTH,700000052,300,1,0,False,False,464,0.0,0.0
ZERO_DEPENDENCY,700000052,300,1,0,False,False,464,0.0,0.0
AS_PUBLISHED,700000052,300,1,0,False,False,464,0.0,0.0
ZERO_STRENGTH,700000053,300,1,0,False,False,492,0.0,0.0
ZERO_DEPENDENCY,700000053,300,1,0,False,False,492,0.0,0.0
AS_PUBLISHED,700000053,300,1,0,False,False,492,0.0,0.0
ZERO_STRENGTH,700000054,300,1,0,False,False,451,0.0,0.0
ZERO_DEPENDENCY,700000054,300,1,0,False,False,451,0.0,0.0
AS_PUBLISHED,700000054,300,1,0,False,False,451,0.0,0.0
ZERO_STRENGTH,700000055,300,1,0,False,False,461,0.0,0.0
ZERO_DEPENDENCY,700000055,300,1,0,False,False,461,0.0,0.0
AS_PUBLISHED,700000055,300,1,0,False,False,461,0.0,0.0
ZERO_STRENGTH,700000056,300,1,0,False,False,430,0.0,0.0
ZERO_DEPENDENCY,700000056,300,1,0,False,False,430,0.0,0.0
AS_PUBLISHED,700000056,300,1,0,False,False,430,0.0,0.0
ZERO_STRENGTH,700000057,300,1,0,False,False,494,0.0,0.0
ZERO_DEPENDENCY,700000057,300,1,0,False,False,494,0.0,0.0
AS_PUBLISHED,700000057,300,1,0,False,False,494,0.0,0.0
ZERO_STRENGTH,700000058,300,1,0,False,False,514,0.0,0.0
ZERO_DEPENDENCY,700000058,300,1,0,False,False,514,0.0,0.0
AS_PUBLISHED,700000058,300,1,0,False,False,514,0.0,0.0
ZERO_STRENGTH,700000059,300,1,0,False,False,516,0.0,0.0
ZERO_DEPENDENCY,700000059,300,1,0,False,False,516,0.0,0.0
AS_PUBLISHED,700000059,300,1,0,False,False,516,0.0,0.0
ZERO_STRENGTH,700000060,300,1,0,False,False,448,0.0,0.0
ZERO_DEPENDENCY,700000060,300,1,0,False,False,448,0.0,0.0
AS_PUBLISHED,700000060,300,1,0,False,False,448,0.0,0.0
ZERO_STRENGTH,700000061,300,1,0,False,False,431,0.0,0.0
ZERO_DEPENDENCY,700000061,300,1,0,False,False,431,0.0,0.0
AS_PUBLISHED,700000061,300,1,0,False,False,431,0.0,0.0
ZERO_STRENGTH,700000062,300,1,0,False,False,457,0.0,0.0
ZERO_DEPENDENCY,700000062,300,1,0,False,False,457,0.0,0.0
AS_PUBLISHED,700000062,300,1,0,False,False,457,0.0,0.0
ZERO_STRENGTH,700000063,300,1,0,False,False,534,0.0,0.0
ZERO_DEPENDENCY,700000063,300,1,0,False,False,534,0.0,0.0
AS_PUBLISHED,700000063,300,1,0,False,False,534,0.0,0.0
ZERO_STRENGTH,700000064,300,1,0,False,False,482,0.0,0.0
ZERO_DEPENDENCY,700000064,300,1,0,False,False,482,0.0,0.0
AS_PUBLISHED,700000064,300,1,0,False,False,482,0.0,0.0
ZERO_STRENGTH,700000065,300,1,0,False,False,428,0.0,0.0
ZERO_DEPENDENCY,700000065,300,1,0,False,False,428,0.0,0.0
AS_PUBLISHED,700000065,300,1,0,False,False,428,0.0,0.0
ZERO_STRENGTH,700000066,300,1,0,False,False,443,0.0,0.0
ZERO_DEPENDENCY,700000066,300,1,0,False,False,443,0.0,0.0
AS_PUBLISHED,700000066,300,1,0,False,False,443,0.0,0.0
ZERO_STRENGTH,700000067,300,1,0,False,False,434,0.0,0.0
ZERO_DEPENDENCY,700000067,300,1,0,False,False,434,0.0,0.0
AS_PUBLISHED,700000067,300,1,0,False,False,434,0.0,0.0
ZERO_STRENGTH,700000068,300,1,0,False,False,428,0.0,0.0
ZERO_DEPENDENCY,700000068,300,1,0,False,False,428,0.0,0.0
AS_PUBLISHED,700000068,300,1,0,False,False,428,0.0,0.0
ZERO_STRENGTH,700000069,300,1,0,False,False,487,0.0,0.0
ZERO_DEPENDENCY,700000069,300,1,0,False,False,487,0.0,0.0
AS_PUBLISHED,700000069,300,1,0,False,False,487,0.0,0.0
ZERO_STRENGTH,700000070,300,1,0,False,False,448,0.0,0.0
ZERO_DEPENDENCY,700000070,300,1,0,False,False,448,0.0,0.0
AS_PUBLISHED,700000070,300,1,0,False,False,448,0.0,0.0
ZERO_STRENGTH,700000071,300,1,0,False,False,472,0.0,0.0
ZERO_DEPENDENCY,700000071,300,1,0,False,False,472,0.0,0.0
AS_PUBLISHED,700000071,300,1,0,False,False,472,0.0,0.0
ZERO_STRENGTH,700000072,300,1,0,False,False,452,0.0,0.0
ZERO_DEPENDENCY,700000072,300,1,0,False,False,452,0.0,0.0
AS_PUBLISHED,700000072,300,1,0,False,False,452,0.0,0.0
ZERO_STRENGTH,700000073,300,1,0,False,False,475,0.0,0.0
ZERO_DEPENDENCY,700000073,300,1,0,False,False,475,0.0,0.0
AS_PUBLISHED,700000073,300,1,0,False,False,475,0.0,0.0
ZERO_STRENGTH,700000074,300,1,0,False,False,504,0.0,0.0
ZERO_DEPENDENCY,700000074,300,1,0,False,False,504,0.0,0.0
AS_PUBLISHED,700000074,300,1,0,False,False,504,0.0,0.0
ZERO_STRENGTH,700000075,300,1,0,False,False,467,0.0,0.0
ZERO_DEPENDENCY,700000075,300,1,0,False,False,467,0.0,0.0
AS_PUBLISHED,700000075,300,1,0,False,False,467,0.0,0.0
ZERO_STRENGTH,700000076,300,1,0,False,False,411,0.0,0.0
ZERO_DEPENDENCY,700000076,300,1,0,False,False,411,0.0,0.0
AS_PUBLISHED,700000076,300,1,0,False,False,411,0.0,0.0
ZERO_STRENGTH,700000077,300,1,0,False,False,464,0.0,0.0
ZERO_DEPENDENCY,700000077,300,1,0,False,False,464,0.0,0.0
AS_PUBLISHED,700000077,300,2,1,False,False,425,0.0,0.0
ZERO_STRENGTH,700000078,300,1,0,False,False,452,0.0,0.0
ZERO_DEPENDENCY,700000078,300,1,0,False,False,452,0.0,0.0
AS_PUBLISHED,700000078,300,2,1,False,False,491,0.0,0.0
ZERO_STRENGTH,700000079,300,1,0,False,False,521,0.0,0.0
ZERO_DEPENDENCY,700000079,300,1,0,False,False,521,0.0,0.0
AS_PUBLISHED,700000079,300,1,0,False,False,521,0.0,0.0
ZERO_STRENGTH,700000080,300,2,1,False,False,443,0.0,0.0
ZERO_DEPENDENCY,700000080,300,2,1,False,False,443,0.0,0.0
AS_PUBLISHED,700000080,300,2,1,False,False,443,0.0,0.0
ZERO_STRENGTH,700000081,300,1,0,False,False,468,0.0,0.0
ZERO_DEPENDENCY,700000081,300,1,0,False,False,468,0.0,0.0
AS_PUBLISHED,700000081,300,1,0,False,False,468,0.0,0.0
ZERO_STRENGTH,700000082,300,2,1,False,False,487,0.0,0.0
ZERO_DEPENDENCY,700000082,300,2,1,False,False,487,0.0,0.0
AS_PUBLISHED,700000082,300,2,1,False,False,487,0.0,0.0
ZERO_STRENGTH,700000083,300,1,0,False,False,470,0.0,0.0
ZERO_DEPENDENCY,700000083,300,1,0,False,False,470,0.0,0.0
AS_PUBLISHED,700000083,300,1,0,False,False,470,0.0,0.0
ZERO_STRENGTH,700000084,300,1,0,False,False,452,0.0,0.0
ZERO_DEPENDENCY,700000084,300,1,0,False,False,452,0.0,0.0
AS_PUBLISHED,700000084,300,1,0,False,False,452,0.0,0.0
ZERO_STRENGTH,700000085,300,1,0,False,False,528,0.0,0.0
ZERO_DEPENDENCY,700000085,300,1,0,False,False,528,0.0,0.0
AS_PUBLISHED,700000085,300,1,0,False,False,528,0.0,0.0
ZERO_STRENGTH,700000086,300,1,0,False,False,431,0.0,0.0
ZERO_DEPENDENCY,700000086,300,1,0,False,False,431,0.0,0.0
AS_PUBLISHED,700000086,300,1,0,False,False,431,0.0,0.0
ZERO_STRENGTH,700000087,300,1,0,False,False,471,0.0,0.0
ZERO_DEPENDENCY,700000087,300,1,0,False,False,471,0.0,0.0
AS_PUBLISHED,700000087,300,1,0,False,False,471,0.0,0.0
ZERO_STRENGTH,700000088,300,1,0,False,False,448,0.0,0.0
ZERO_DEPENDENCY,700000088,300,1,0,False,False,448,0.0,0.0
AS_PUBLISHED,700000088,300,1,0,False,False,448,0.0,0.0
ZERO_STRENGTH,700000089,300,1,0,False,False,492,0.0,0.0
ZERO_DEPENDENCY,700000089,300,1,0,False,False,492,0.0,0.0
AS_PUBLISHED,700000089,300,1,0,False,False,492,0.0,0.0
ZERO_STRENGTH,700000090,300,1,0,False,False,464,0.0,0.0
ZERO_DEPENDENCY,700000090,300,1,0,False,False,464,0.0,0.0
AS_PUBLISHED,700000090,300,1,0,False,False,464,0.0,0.0
ZERO_STRENGTH,700000091,300,1,0,False,False,508,0.0,0.0
ZERO_DEPENDENCY,700000091,300,1,0,False,False,508,0.0,0.0
AS_PUBLISHED,700000091,300,2,1,False,False,421,0.0,0.0
ZERO_STRENGTH,700000092,300,1,0,False,False,483,0.0,0.0
ZERO_DEPENDENCY,700000092,300,1,0,False,False,483,0.0,0.0
AS_PUBLISHED,700000092,300,1,0,False,False,483,0.0,0.0
ZERO_STRENGTH,700000093,300,1,0,False,False,442,0.0,0.0
ZERO_DEPENDENCY,700000093,300,1,0,False,False,442,0.0,0.0
AS_PUBLISHED,700000093,300,1,0,False,False,442,0.0,0.0
ZERO_STRENGTH,700000094,300,1,0,False,False,494,0.0,0.0
ZERO_DEPENDENCY,700000094,300,1,0,False,False,494,0.0,0.0
AS_PUBLISHED,700000094,300,1,0,False,False,494,0.0,0.0
ZERO_STRENGTH,700000095,300,2,1,False,False,526,0.0,0.0
ZERO_DEPENDENCY,700000095,300,2,1,False,False,526,0.0,0.0
AS_PUBLISHED,700000095,300,3,2,False,False,491,0.0,0.0
ZERO_STRENGTH,700000096,300,1,0,False,False,416,0.0,0.0
ZERO_DEPENDENCY,700000096,300,1,0,False,False,416,0.0,0.0
AS_PUBLISHED,700000096,300,1,0,False,False,416,0.0,0.0
ZERO_STRENGTH,700000097,300,1,0,False,False,458,0.0,0.0
ZERO_DEPENDENCY,700000097,300,1,0,False,False,458,0.0,0.0
AS_PUBLISHED,700000097,300,1,0,False,False,458,0.0,0.0
ZERO_STRENGTH,700000098,300,1,0,False,False,477,0.0,0.0
ZERO_DEPENDENCY,700000098,300,1,0,False,False,477,0.0,0.0
AS_PUBLISHED,700000098,300,1,0,False,False,477,0.0,0.0
ZERO_STRENGTH,700000099,300,1,0,False,False,415,0.0,0.0
ZERO_DEPENDENCY,700000099,300,1,0,False,False,415,0.0,0.0
AS_PUBLISHED,700000099,300,1,0,False,False,415,0.0,0.0
ZERO_STRENGTH,700000100,300,1,0,False,False,467,0.0,0.0
ZERO_DEPENDENCY,700000100,300,1,0,False,False,467,0.0,0.0
AS_PUBLISHED,700000100,300,1,0,False,False,467,0.0,0.0
ZERO_STRENGTH,700000101,300,1,0,False,False,497,0.0,0.0
ZERO_DEPENDENCY,700000101,300,1,0,False,False,497,0.0,0.0
AS_PUBLISHED,700000101,300,1,0,False,False,497,0.0,0.0
ZERO_STRENGTH,700000102,300,1,0,False,False,489,0.0,0.0
ZERO_DEPENDENCY,700000102,300,1,0,False,False,489,0.0,0.0
AS_PUBLISHED,700000102,300,1,0,False,False,489,0.0,0.0
ZERO_STRENGTH,700000103,300,2,1,False,False,423,0.0,0.0
ZERO_DEPENDENCY,700000103,300,2,1,False,False,423,0.0,0.0
AS_PUBLISHED,700000103,300,3,2,False,False,464,0.0,0.0
ZERO_STRENGTH,700000104,300,1,0,False,False,387,0.0,0.0
ZERO_DEPENDENCY,700000104,300,1,0,False,False,387,0.0,0.0
AS_PUBLISHED,700000104,300,1,0,False,False,387,0.0,0.0
ZERO_STRENGTH,700000105,300,1,0,False,False,439,0.0,0.0
ZERO_DEPENDENCY,700000105,300,1,0,False,False,439,0.0,0.0
AS_PUBLISHED,700000105,300,1,0,False,False,439,0.0,0.0
ZERO_STRENGTH,700000106,300,1,0,False,False,448,0.0,0.0
ZERO_DEPENDENCY,700000106,300,1,0,False,False,448,0.0,0.0
AS_PUBLISHED,700000106,300,1,0,False,False,448,0.0,0.0
ZERO_STRENGTH,700000107,300,1,0,False,False,408,0.0,0.0
ZERO_DEPENDENCY,700000107,300,1,0,False,False,408,0.0,0.0
AS_PUBLISHED,700000107,300,1,0,False,False,408,0.0,0.0
ZERO_STRENGTH,700000108,300,1,0,False,False,435,0.0,0.0
ZERO_DEPENDENCY,700000108,300,1,0,False,False,435,0.0,0.0
AS_PUBLISHED,700000108,300,1,0,False,False,435,0.0,0.0
ZERO_STRENGTH,700000109,300,1,0,False,False,481,0.0,0.0
ZERO_DEPENDENCY,700000109,300,1,0,False,False,481,0.0,0.0
AS_PUBLISHED,700000109,300,1,0,False,False,481,0.0,0.0
ZERO_STRENGTH,700000110,300,1,0,False,False,477,0.0,0.0
ZERO_DEPENDENCY,700000110,300,1,0,False,False,477,0.0,0.0
AS_PUBLISHED,700000110,300,1,0,False,False,477,0.0,0.0
ZERO_STRENGTH,700000111,300,1,0,False,False,449,0.0,0.0
ZERO_DEPENDENCY,700000111,300,1,0,False,False,449,0.0,0.0
AS_PUBLISHED,700000111,300,1,0,False,False,449,0.0,0.0
ZERO_STRENGTH,700000112,300,1,0,False,False,488,0.0,0.0
ZERO_DEPENDENCY,700000112,300,1,0,False,False,488,0.0,0.0
AS_PUBLISHED,700000112,300,1,0,False,False,488,0.0,0.0
ZERO_STRENGTH,700000113,300,1,0,False,False,472,0.0,0.0
ZERO_DEPENDENCY,700000113,300,1,0,False,False,472,0.0,0.0
AS_PUBLISHED,700000113,300,1,0,False,False,472,0.0,0.0
ZERO_STRENGTH,700000114,300,1,0,False,False,494,0.0,0.0
ZERO_DEPENDENCY,700000114,300,1,0,False,False,494,0.0,0.0
AS_PUBLISHED,700000114,300,1,0,False,False,494,0.0,0.0
ZERO_STRENGTH,700000115,300,1,0,False,False,452,0.0,0.0
ZERO_DEPENDENCY,700000115,300,1,0,False,False,452,0.0,0.0
AS_PUBLISHED,700000115,300,1,0,False,False,452,0.0,0.0
ZERO_STRENGTH,700000116,300,1,0,False,False,438,0.0,0.0
ZERO_DEPENDENCY,700000116,300,1,0,False,False,438,0.0,0.0
AS_PUBLISHED,700000116,300,1,0,False,False,438,0.0,0.0
ZERO_STRENGTH,700000117,300,1,0,False,False,415,0.0,0.0
ZERO_DEPENDENCY,700000117,300,1,0,False,False,415,0.0,0.0
AS_PUBLISHED,700000117,300,1,0,False,False,415,0.0,0.0
ZERO_STRENGTH,700000118,300,1,0,False,False,464,0.0,0.0
ZERO_DEPENDENCY,700000118,300,1,0,False,False,464,0.0,0.0
AS_PUBLISHED,700000118,300,1,0,False,False,464,0.0,0.0
ZERO_STRENGTH,700000119,300,1,0,False,False,449,0.0,0.0
ZERO_DEPENDENCY,700000119,300,1,0,False,False,449,0.0,0.0
AS_PUBLISHED,700000119,300,1,0,False,False,449,0.0,0.0
ZERO_STRENGTH,700000120,300,1,0,False,False,435,0.0,0.0
ZERO_DEPENDENCY,700000120,300,1,0,False,False,435,0.0,0.0
AS_PUBLISHED,700000120,300,1,0,False,False,435,0.0,0.0
ZERO_STRENGTH,700000121,300,1,0,False,False,473,0.0,0.0
ZERO_DEPENDENCY,700000121,300,1,0,False,False,473,0.0,0.0
AS_PUBLISHED,700000121,300,1,0,False,False,473,0.0,0.0
ZERO_STRENGTH,700000122,300,1,0,False,False,481,0.0,0.0
ZERO_DEPENDENCY,700000122,300,1,0,False,False,481,0.0,0.0
AS_PUBLISHED,700000122,300,1,0,False,False,481,0.0,0.0
ZERO_STRENGTH,700000123,300,1,0,False,False,430,0.0,0.0
ZERO_DEPENDENCY,700000123,300,1,0,False,False,430,0.0,0.0
AS_PUBLISHED,700000123,300,1,0,False,False,430,0.0,0.0
ZERO_STRENGTH,700000124,300,1,0,False,False,474,0.0,0.0
ZERO_DEPENDENCY,700000124,300,1,0,False,False,474,0.0,0.0
AS_PUBLISHED,700000124,300,1,0,False,False,474,0.0,0.0
ZERO_STRENGTH,700000125,300,1,0,False,False,415,0.0,0.0
ZERO_DEPENDENCY,700000125,300,1,0,False,False,415,0.0,0.0
AS_PUBLISHED,700000125,300,1,0,False,False,415,0.0,0.0
ZERO_STRENGTH,700000126,300,1,0,False,False,449,0.0,0.0
ZERO_DEPENDENCY,700000126,300,1,0,False,False,449,0.0,0.0
AS_PUBLISHED,700000126,300,1,0,False,False,449,0.0,0.0
ZERO_STRENGTH,700000127,300,1,0,False,False,429,0.0,0.0
ZERO_DEPENDENCY,700000127,300,1,0,False,False,429,0.0,0.0
AS_PUBLISHED,700000127,300,1,0,False,False,429,0.0,0.0
ZERO_STRENGTH,700000128,300,1,0,False,False,427,0.0,0.0
ZERO_DEPENDENCY,700000128,300,1,0,False,False,427,0.0,0.0
AS_PUBLISHED,700000128,300,1,0,False,False,427,0.0,0.0
ZERO_STRENGTH,700000129,300,1,0,False,False,473,0.0,0.0
ZERO_DEPENDENCY,700000129,300,1,0,False,False,473,0.0,0.0
AS_PUBLISHED,700000129,300,1,0,False,False,473,0.0,0.0
ZERO_STRENGTH,700000130,300,1,0,False,False,461,0.0,0.0
ZERO_DEPENDENCY,700000130,300,1,0,False,False,461,0.0,0.0
AS_PUBLISHED,700000130,300,1,0,False,False,461,0.0,0.0
ZERO_STRENGTH,700000131,300,1,0,False,False,516,0.0,0.0
ZERO_DEPENDENCY,700000131,300,1,0,False,False,516,0.0,0.0
AS_PUBLISHED,700000131,300,1,0,False,False,516,0.0,0.0
ZERO_STRENGTH,700000132,300,1,0,False,False,472,0.0,0.0
ZERO_DEPENDENCY,700000132,300,1,0,False,False,472,0.0,0.0
AS_PUBLISHED,700000132,300,1,0,False,False,472,0.0,0.0
ZERO_STRENGTH,700000133,300,1,0,False,False,510,0.0,0.0
ZERO_DEPENDENCY,700000133,300,1,0,False,False,510,0.0,0.0
AS_PUBLISHED,700000133,300,1,0,False,False,510,0.0,0.0
ZERO_STRENGTH,700000134,300,1,0,False,False,452,0.0,0.0
ZERO_DEPENDENCY,700000134,300,1,0,False,False,452,0.0,0.0
AS_PUBLISHED,700000134,300,1,0,False,False,452,0.0,0.0
ZERO_STRENGTH,700000135,300,1,0,False,False,436,0.0,0.0
ZERO_DEPENDENCY,700000135,300,1,0,False,False,436,0.0,0.0
AS_PUBLISHED,700000135,300,1,0,False,False,436,0.0,0.0
ZERO_STRENGTH,700000136,300,1,0,False,False,557,0.0,0.0
ZERO_DEPENDENCY,700000136,300,1,0,False,False,557,0.0,0.0
AS_PUBLISHED,700000136,300,1,0,False,False,557,0.0,0.0
ZERO_STRENGTH,700000137,300,1,0,False,False,481,0.0,0.0
ZERO_DEPENDENCY,700000137,300,1,0,False,False,481,0.0,0.0
AS_PUBLISHED,700000137,300,1,0,False,False,481,0.0,0.0
ZERO_STRENGTH,700000138,300,1,0,False,False,418,0.0,0.0
ZERO_DEPENDENCY,700000138,300,1,0,False,False,418,0.0,0.0
AS_PUBLISHED,700000138,300,1,0,False,False,418,0.0,0.0
ZERO_STRENGTH,700000139,300,1,0,False,False,471,0.0,0.0
ZERO_DEPENDENCY,700000139,300,1,0,False,False,471,0.0,0.0
AS_PUBLISHED,700000139,300,1,0,False,False,471,0.0,0.0
ZERO_STRENGTH,700000140,300,1,0,False,False,482,0.0,0.0
ZERO_DEPENDENCY,700000140,300,1,0,False,False,482,0.0,0.0
AS_PUBLISHED,700000140,300,1,0,False,False,482,0.0,0.0
ZERO_STRENGTH,700000141,300,1,0,False,False,440,0.0,0.0
ZERO_DEPENDENCY,700000141,300,1,0,False,False,440,0.0,0.0
AS_PUBLISHED,700000141,300,1,0,False,False,440,0.0,0.0
ZERO_STRENGTH,700000142,300,1,0,False,False,450,0.0,0.0
ZERO_DEPENDENCY,700000142,300,1,0,False,False,450,0.0,0.0
AS_PUBLISHED,700000142,300,1,0,False,False,450,0.0,0.0
ZERO_STRENGTH,700000143,300,1,0,False,False,403,0.0,0.0
ZERO_DEPENDENCY,700000143,300,1,0,False,False,403,0.0,0.0
AS_PUBLISHED,700000143,300,1,0,False,False,403,0.0,0.0
ZERO_STRENGTH,700000144,300,1,0,False,False,517,0.0,0.0
ZERO_DEPENDENCY,700000144,300,1,0,False,False,517,0.0,0.0
AS_PUBLISHED,700000144,300,1,0,False,False,517,0.0,0.0
ZERO_STRENGTH,700000145,300,1,0,False,False,439,0.0,0.0
ZERO_DEPENDENCY,700000145,300,1,0,False,False,439,0.0,0.0
AS_PUBLISHED,700000145,300,1,0,False,False,439,0.0,0.0
ZERO_STRENGTH,700000146,300,1,0,False,False,460,0.0,0.0
ZERO_DEPENDENCY,700000146,300,1,0,False,False,460,0.0,0.0
AS_PUBLISHED,700000146,300,1,0,False,False,460,0.0,0.0
ZERO_STRENGTH,700000147,300,1,0,False,False,473,0.0,0.0
ZERO_DEPENDENCY,700000147,300,1,0,False,False,473,0.0,0.0
AS_PUBLISHED,700000147,300,1,0,False,False,473,0.0,0.0
ZERO_STRENGTH,700000148,300,1,0,False,False,462,0.0,0.0
ZERO_DEPENDENCY,700000148,300,1,0,False,False,462,0.0,0.0
AS_PUBLISHED,700000148,300,1,0,False,False,462,0.0,0.0
ZERO_STRENGTH,700000149,300,1,0,False,False,399,0.0,0.0
ZERO_DEPENDENCY,700000149,300,1,0,False,False,399,0.0,0.0
AS_PUBLISHED,700000149,300,1,0,False,False,399,0.0,0.0
ZERO_STRENGTH,700000150,300,1,0,False,False,512,0.0,0.0
ZERO_DEPENDENCY,700000150,300,1,0,False,False,512,0.0,0.0
AS_PUBLISHED,700000150,300,1,0,False,False,512,0.0,0.0
ZERO_STRENGTH,700000151,300,1,0,False,False,476,0.0,0.0
ZERO_DEPENDENCY,700000151,300,1,0,False,False,476,0.0,0.0
AS_PUBLISHED,700000151,300,1,0,False,False,476,0.0,0.0
ZERO_STRENGTH,700000152,300,1,0,False,False,440,0.0,0.0
ZERO_DEPENDENCY,700000152,300,1,0,False,False,440,0.0,0.0
AS_PUBLISHED,700000152,300,1,0,False,False,440,0.0,0.0
ZERO_STRENGTH,700000153,300,1,0,False,False,508,0.0,0.0
ZERO_DEPENDENCY,700000153,300,1,0,False,False,508,0.0,0.0
AS_PUBLISHED,700000153,300,2,1,False,False,445,0.0,0.0
ZERO_STRENGTH,700000154,300,1,0,False,False,414,0.0,0.0
ZERO_DEPENDENCY,700000154,300,1,0,False,False,414,0.0,0.0
AS_PUBLISHED,700000154,300,1,0,False,False,414,0.0,0.0
ZERO_STRENGTH,700000155,300,1,0,False,False,480,0.0,0.0
ZERO_DEPENDENCY,700000155,300,1,0,False,False,480,0.0,0.0
AS_PUBLISHED,700000155,300,1,0,False,False,480,0.0,0.0
ZERO_STRENGTH,700000156,300,1,0,False,False,537,0.0,0.0
ZERO_DEPENDENCY,700000156,300,1,0,False,False,537,0.0,0.0
AS_PUBLISHED,700000156,300,1,0,False,False,537,0.0,0.0
ZERO_STRENGTH,700000157,300,1,0,False,False,462,0.0,0.0
ZERO_DEPENDENCY,700000157,300,1,0,False,False,462,0.0,0.0
AS_PUBLISHED,700000157,300,1,0,False,False,462,0.0,0.0
ZERO_STRENGTH,700000158,300,2,1,False,False,481,0.0,0.0
ZERO_DEPENDENCY,700000158,300,2,1,False,False,481,0.0,0.0
AS_PUBLISHED,700000158,300,2,1,False,False,481,0.0,0.0
ZERO_STRENGTH,700000159,300,1,0,False,False,480,0.0,0.0
ZERO_DEPENDENCY,700000159,300,1,0,False,False,480,0.0,0.0
AS_PUBLISHED,700000159,300,1,0,False,False,480,0.0,0.0
ZERO_STRENGTH,700000160,300,1,0,False,False,501,0.0,0.0
ZERO_DEPENDENCY,700000160,300,1,0,False,False,501,0.0,0.0
AS_PUBLISHED,700000160,300,1,0,False,False,501,0.0,0.0
ZERO_STRENGTH,700000161,300,1,0,False,False,444,0.0,0.0
ZERO_DEPENDENCY,700000161,300,1,0,False,False,444,0.0,0.0
AS_PUBLISHED,700000161,300,1,0,False,False,444,0.0,0.0
ZERO_STRENGTH,700000162,300,1,0,False,False,473,0.0,0.0
ZERO_DEPENDENCY,700000162,300,1,0,False,False,473,0.0,0.0
AS_PUBLISHED,700000162,300,1,0,False,False,473,0.0,0.0
ZERO_STRENGTH,700000163,300,1,0,False,False,396,0.0,0.0
ZERO_DEPENDENCY,700000163,300,1,0,False,False,396,0.0,0.0
AS_PUBLISHED,700000163,300,1,0,False,False,396,0.0,0.0
ZERO_STRENGTH,700000164,300,2,1,False,False,396,0.0,0.0
ZERO_DEPENDENCY,700000164,300,2,1,False,False,396,0.0,0.0
AS_PUBLISHED,700000164,300,2,1,False,False,396,0.0,0.0
ZERO_STRENGTH,700000165,300,1,0,False,False,508,0.0,0.0
ZERO_DEPENDENCY,700000165,300,1,0,False,False,508,0.0,0.0
AS_PUBLISHED,700000165,300,1,0,False,False,508,0.0,0.0
ZERO_STRENGTH,700000166,300,2,1,False,False,475,0.0,0.0
ZERO_DEPENDENCY,700000166,300,2,1,False,False,475,0.0,0.0
AS_PUBLISHED,700000166,300,2,1,False,False,475,0.0,0.0
ZERO_STRENGTH,700000167,300,1,0,False,False,484,0.0,0.0
ZERO_DEPENDENCY,700000167,300,1,0,False,False,484,0.0,0.0
AS_PUBLISHED,700000167,300,1,0,False,False,484,0.0,0.0
ZERO_STRENGTH,700000168,300,1,0,False,False,468,0.0,0.0
ZERO_DEPENDENCY,700000168,300,1,0,False,False,468,0.0,0.0
AS_PUBLISHED,700000168,300,1,0,False,False,468,0.0,0.0
ZERO_STRENGTH,700000169,300,1,0,False,False,418,0.0,0.0
ZERO_DEPENDENCY,700000169,300,1,0,False,False,418,0.0,0.0
AS_PUBLISHED,700000169,300,1,0,False,False,418,0.0,0.0
ZERO_STRENGTH,700000170,300,1,0,False,False,508,0.0,0.0
ZERO_DEPENDENCY,700000170,300,1,0,False,False,508,0.0,0.0
AS_PUBLISHED,700000170,300,1,0,False,False,508,0.0,0.0
ZERO_STRENGTH,700000171,300,1,0,False,False,455,0.0,0.0
ZERO_DEPENDENCY,700000171,300,1,0,False,False,455,0.0,0.0
AS_PUBLISHED,700000171,300,1,0,False,False,455,0.0,0.0
ZERO_STRENGTH,700000172,300,1,0,False,False,516,0.0,0.0
ZERO_DEPENDENCY,700000172,300,1,0,False,False,516,0.0,0.0
AS_PUBLISHED,700000172,300,1,0,False,False,516,0.0,0.0
ZERO_STRENGTH,700000173,300,1,0,False,False,438,0.0,0.0
ZERO_DEPENDENCY,700000173,300,1,0,False,False,438,0.0,0.0
AS_PUBLISHED,700000173,300,1,0,False,False,438,0.0,0.0
ZERO_STRENGTH,700000174,300,1,0,False,False,487,0.0,0.0
ZERO_DEPENDENCY,700000174,300,1,0,False,False,487,0.0,0.0
AS_PUBLISHED,700000174,300,1,0,False,False,487,0.0,0.0
ZERO_STRENGTH,700000175,300,1,0,False,False,484,0.0,0.0
ZERO_DEPENDENCY,700000175,300,1,0,False,False,484,0.0,0.0
AS_PUBLISHED,700000175,300,1,0,False,False,484,0.0,0.0
ZERO_STRENGTH,700000176,300,1,0,False,False,464,0.0,0.0
ZERO_DEPENDENCY,700000176,300,1,0,False,False,464,0.0,0.0
AS_PUBLISHED,700000176,300,1,0,False,False,464,0.0,0.0
ZERO_STRENGTH,700000177,300,1,0,False,False,532,0.0,0.0
ZERO_DEPENDENCY,700000177,300,1,0,False,False,532,0.0,0.0
AS_PUBLISHED,700000177,300,1,0,False,False,532,0.0,0.0
ZERO_STRENGTH,700000178,300,1,0,False,False,464,0.0,0.0
ZERO_DEPENDENCY,700000178,300,1,0,False,False,464,0.0,0.0
AS_PUBLISHED,700000178,300,1,0,False,False,464,0.0,0.0
ZERO_STRENGTH,700000179,300,1,0,False,False,534,0.0,0.0
ZERO_DEPENDENCY,700000179,300,1,0,False,False,534,0.0,0.0
AS_PUBLISHED,700000179,300,1,0,False,False,534,0.0,0.0
ZERO_STRENGTH,700000180,300,1,0,False,False,451,0.0,0.0
ZERO_DEPENDENCY,700000180,300,1,0,False,False,451,0.0,0.0
AS_PUBLISHED,700000180,300,1,0,False,False,451,0.0,0.0
ZERO_STRENGTH,700000181,300,1,0,False,False,413,0.0,0.0
ZERO_DEPENDENCY,700000181,300,1,0,False,False,413,0.0,0.0
AS_PUBLISHED,700000181,300,1,0,False,False,413,0.0,0.0
ZERO_STRENGTH,700000182,300,1,0,False,False,463,0.0,0.0
ZERO_DEPENDENCY,700000182,300,1,0,False,False,463,0.0,0.0
AS_PUBLISHED,700000182,300,1,0,False,False,463,0.0,0.0
ZERO_STRENGTH,700000183,300,1,0,False,False,506,0.0,0.0
ZERO_DEPENDENCY,700000183,300,1,0,False,False,506,0.0,0.0
AS_PUBLISHED,700000183,300,1,0,False,False,506,0.0,0.0
ZERO_STRENGTH,700000184,300,1,0,False,False,441,0.0,0.0
ZERO_DEPENDENCY,700000184,300,1,0,False,False,441,0.0,0.0
AS_PUBLISHED,700000184,300,2,1,False,False,458,0.0,0.0
ZERO_STRENGTH,700000185,300,1,0,False,False,477,0.0,0.0
ZERO_DEPENDENCY,700000185,300,1,0,False,False,477,0.0,0.0
AS_PUBLISHED,700000185,300,1,0,False,False,477,0.0,0.0
ZERO_STRENGTH,700000186,300,1,0,False,False,441,0.0,0.0
ZERO_DEPENDENCY,700000186,300,1,0,False,False,441,0.0,0.0
AS_PUBLISHED,700000186,300,1,0,False,False,441,0.0,0.0
ZERO_STRENGTH,700000187,300,2,1,False,False,445,0.0,0.0
ZERO_DEPENDENCY,700000187,300,2,1,False,False,445,0.0,0.0
AS_PUBLISHED,700000187,300,2,1,False,False,445,0.0,0.0
ZERO_STRENGTH,700000188,300,1,0,False,False,449,0.0,0.0
ZERO_DEPENDENCY,700000188,300,1,0,False,False,449,0.0,0.0
AS_PUBLISHED,700000188,300,1,0,False,False,449,0.0,0.0
ZERO_STRENGTH,700000189,300,1,0,False,False,467,0.0,0.0
ZERO_DEPENDENCY,700000189,300,1,0,False,False,467,0.0,0.0
AS_PUBLISHED,700000189,300,1,0,False,False,467,0.0,0.0
ZERO_STRENGTH,700000190,300,1,0,False,False,458,0.0,0.0
ZERO_DEPENDENCY,700000190,300,1,0,False,False,458,0.0,0.0
AS_PUBLISHED,700000190,300,1,0,False,False,458,0.0,0.0
ZERO_STRENGTH,700000191,300,1,0,False,False,467,0.0,0.0
ZERO_DEPENDENCY,700000191,300,1,0,False,False,467,0.0,0.0
AS_PUBLISHED,700000191,300,1,0,False,False,467,0.0,0.0
ZERO_STRENGTH,700000192,300,1,0,False,False,449,0.0,0.0
ZERO_DEPENDENCY,700000192,300,1,0,False,False,449,0.0,0.0
AS_PUBLISHED,700000192,300,1,0,False,False,449,0.0,0.0
ZERO_STRENGTH,700000193,300,1,0,False,False,546,0.0,0.0
ZERO_DEPENDENCY,700000193,300,1,0,False,False,546,0.0,0.0
AS_PUBLISHED,700000193,300,1,0,False,False,546,0.0,0.0
ZERO_STRENGTH,700000194,300,1,0,False,False,460,0.0,0.0
ZERO_DEPENDENCY,700000194,300,1,0,False,False,460,0.0,0.0
AS_PUBLISHED,700000194,300,2,1,False,False,427,0.0,0.0
ZERO_STRENGTH,700000195,300,1,0,False,False,481,0.0,0.0
ZERO_DEPENDENCY,700000195,300,1,0,False,False,481,0.0,0.0
AS_PUBLISHED,700000195,300,1,0,False,False,481,0.0,0.0
ZERO_STRENGTH,700000196,300,1,0,False,False,457,0.0,0.0
ZERO_DEPENDENCY,700000196,300,1,0,False,False,457,0.0,0.0
AS_PUBLISHED,700000196,300,1,0,False,False,457,0.0,0.0
ZERO_STRENGTH,700000197,300,1,0,False,False,471,0.0,0.0
ZERO_DEPENDENCY,700000197,300,1,0,False,False,471,0.0,0.0
AS_PUBLISHED,700000197,300,1,0,False,False,471,0.0,0.0
ZERO_STRENGTH,700000198,300,1,0,False,False,425,0.0,0.0
ZERO_DEPENDENCY,700000198,300,1,0,False,False,425,0.0,0.0
AS_PUBLISHED,700000198,300,1,0,False,False,425,0.0,0.0
ZERO_STRENGTH,700000199,300,1,0,False,False,466,0.0,0.0
ZERO_DEPENDENCY,700000199,300,1,0,False,False,466,0.0,0.0
AS_PUBLISHED,700000199,300,1,0,False,False,466,0.0,0.0
ZERO_STRENGTH,700000200,300,1,0,False,False,535,0.0,0.0
ZERO_DEPENDENCY,700000200,300,1,0,False,False,535,0.0,0.0
AS_PUBLISHED,700000200,300,1,0,False,False,535,0.0,0.0
ZERO_STRENGTH,700000201,300,1,0,False,False,513,0.0,0.0
ZERO_DEPENDENCY,700000201,300,1,0,False,False,513,0.0,0.0
AS_PUBLISHED,700000201,300,1,0,False,False,513,0.0,0.0
ZERO_STRENGTH,700000202,300,1,0,False,False,456,0.0,0.0
ZERO_DEPENDENCY,700000202,300,1,0,False,False,456,0.0,0.0
AS_PUBLISHED,700000202,300,1,0,False,False,456,0.0,0.0
ZERO_STRENGTH,700000203,300,1,0,False,False,475,0.0,0.0
ZERO_DEPENDENCY,700000203,300,1,0,False,False,475,0.0,0.0
AS_PUBLISHED,700000203,300,1,0,False,False,475,0.0,0.0
ZERO_STRENGTH,700000204,300,1,0,False,False,507,0.0,0.0
ZERO_DEPENDENCY,700000204,300,1,0,False,False,507,0.0,0.0
AS_PUBLISHED,700000204,300,1,0,False,False,507,0.0,0.0
ZERO_STRENGTH,700000205,300,1,0,False,False,480,0.0,0.0
ZERO_DEPENDENCY,700000205,300,1,0,False,False,480,0.0,0.0
AS_PUBLISHED,700000205,300,3,2,False,False,475,0.0,0.0
ZERO_STRENGTH,700000206,300,1,0,False,False,496,0.0,0.0
ZERO_DEPENDENCY,700000206,300,1,0,False,False,496,0.0,0.0
AS_PUBLISHED,700000206,300,1,0,False,False,496,0.0,0.0
ZERO_STRENGTH,700000207,300,1,0,False,False,464,0.0,0.0
ZERO_DEPENDENCY,700000207,300,1,0,False,False,464,0.0,0.0
AS_PUBLISHED,700000207,300,1,0,False,False,464,0.0,0.0
ZERO_STRENGTH,700000208,300,1,0,False,False,463,0.0,0.0
ZERO_DEPENDENCY,700000208,300,1,0,False,False,463,0.0,0.0
AS_PUBLISHED,700000208,300,1,0,False,False,463,0.0,0.0
ZERO_STRENGTH,700000209,300,1,0,False,False,447,0.0,0.0
ZERO_DEPENDENCY,700000209,300,1,0,False,False,447,0.0,0.0
AS_PUBLISHED,700000209,300,1,0,False,False,447,0.0,0.0
ZERO_STRENGTH,700000210,300,1,0,False,False,486,0.0,0.0
ZERO_DEPENDENCY,700000210,300,1,0,False,False,486,0.0,0.0
AS_PUBLISHED,700000210,300,1,0,False,False,486,0.0,0.0
ZERO_STRENGTH,700000211,300,1,0,False,False,512,0.0,0.0
ZERO_DEPENDENCY,700000211,300,1,0,False,False,512,0.0,0.0
AS_PUBLISHED,700000211,300,1,0,False,False,512,0.0,0.0
ZERO_STRENGTH,700000212,300,2,1,False,False,460,0.0,0.0
ZERO_DEPENDENCY,700000212,300,2,1,False,False,460,0.0,0.0
AS_PUBLISHED,700000212,300,2,1,False,False,460,0.0,0.0
ZERO_STRENGTH,700000213,300,1,0,False,False,422,0.0,0.0
ZERO_DEPENDENCY,700000213,300,1,0,False,False,422,0.0,0.0
AS_PUBLISHED,700000213,300,1,0,False,False,422,0.0,0.0
ZERO_STRENGTH,700000214,300,2,1,False,False,481,0.0,0.0
ZERO_DEPENDENCY,700000214,300,2,1,False,False,481,0.0,0.0
AS_PUBLISHED,700000214,300,2,1,False,False,481,0.0,0.0
ZERO_STRENGTH,700000215,300,1,0,False,False,536,0.0,0.0
ZERO_DEPENDENCY,700000215,300,1,0,False,False,536,0.0,0.0
AS_PUBLISHED,700000215,300,1,0,False,False,536,0.0,0.0
ZERO_STRENGTH,700000216,300,1,0,False,False,439,0.0,0.0
ZERO_DEPENDENCY,700000216,300,1,0,False,False,439,0.0,0.0
AS_PUBLISHED,700000216,300,1,0,False,False,439,0.0,0.0
ZERO_STRENGTH,700000217,300,1,0,False,False,502,0.0,0.0
ZERO_DEPENDENCY,700000217,300,1,0,False,False,502,0.0,0.0
AS_PUBLISHED,700000217,300,1,0,False,False,502,0.0,0.0
ZERO_STRENGTH,700000218,300,1,0,False,False,489,0.0,0.0
ZERO_DEPENDENCY,700000218,300,1,0,False,False,489,0.0,0.0
AS_PUBLISHED,700000218,300,1,0,False,False,489,0.0,0.0
ZERO_STRENGTH,700000219,300,1,0,False,False,432,0.0,0.0
ZERO_DEPENDENCY,700000219,300,1,0,False,False,432,0.0,0.0
AS_PUBLISHED,700000219,300,1,0,False,False,432,0.0,0.0
ZERO_STRENGTH,700000220,300,1,0,False,False,451,0.0,0.0
ZERO_DEPENDENCY,700000220,300,1,0,False,False,451,0.0,0.0
AS_PUBLISHED,700000220,300,1,0,False,False,451,0.0,0.0
ZERO_STRENGTH,700000221,300,1,0,False,False,476,0.0,0.0
ZERO_DEPENDENCY,700000221,300,1,0,False,False,476,0.0,0.0
AS_PUBLISHED,700000221,300,1,0,False,False,476,0.0,0.0
ZERO_STRENGTH,700000222,300,1,0,False,False,489,0.0,0.0
ZERO_DEPENDENCY,700000222,300,1,0,False,False,489,0.0,0.0
AS_PUBLISHED,700000222,300,1,0,False,False,489,0.0,0.0
ZERO_STRENGTH,700000223,300,1,0,False,False,510,0.0,0.0
ZERO_DEPENDENCY,700000223,300,1,0,False,False,510,0.0,0.0
AS_PUBLISHED,700000223,300,1,0,False,False,510,0.0,0.0
ZERO_STRENGTH,700000224,300,1,0,False,False,421,0.0,0.0
ZERO_DEPENDENCY,700000224,300,1,0,False,False,421,0.0,0.0
AS_PUBLISHED,700000224,300,1,0,False,False,421,0.0,0.0
ZERO_STRENGTH,700000225,300,1,0,False,False,398,0.0,0.0
ZERO_DEPENDENCY,700000225,300,1,0,False,False,398,0.0,0.0
AS_PUBLISHED,700000225,300,1,0,False,False,398,0.0,0.0
ZERO_STRENGTH,700000226,300,1,0,False,False,529,0.0,0.0
ZERO_DEPENDENCY,700000226,300,1,0,False,False,529,0.0,0.0
AS_PUBLISHED,700000226,300,1,0,False,False,529,0.0,0.0
ZERO_STRENGTH,700000227,300,1,0,False,False,465,0.0,0.0
ZERO_DEPENDENCY,700000227,300,1,0,False,False,465,0.0,0.0
AS_PUBLISHED,700000227,300,1,0,False,False,465,0.0,0.0
ZERO_STRENGTH,700000228,300,1,0,False,False,461,0.0,0.0
ZERO_DEPENDENCY,700000228,300,1,0,False,False,461,0.0,0.0
AS_PUBLISHED,700000228,300,1,0,False,False,461,0.0,0.0
ZERO_STRENGTH,700000229,300,1,0,False,False,418,0.0,0.0
ZERO_DEPENDENCY,700000229,300,1,0,False,False,418,0.0,0.0
AS_PUBLISHED,700000229,300,1,0,False,False,418,0.0,0.0
ZERO_STRENGTH,700000230,300,1,0,False,False,458,0.0,0.0
ZERO_DEPENDENCY,700000230,300,1,0,False,False,458,0.0,0.0
AS_PUBLISHED,700000230,300,2,1,False,False,426,0.0,0.0
ZERO_STRENGTH,700000231,300,1,0,False,False,493,0.0,0.0
ZERO_DEPENDENCY,700000231,300,1,0,False,False,493,0.0,0.0
AS_PUBLISHED,700000231,300,1,0,False,False,493,0.0,0.0
ZERO_STRENGTH,700000232,300,1,0,False,False,495,0.0,0.0
ZERO_DEPENDENCY,700000232,300,1,0,False,False,495,0.0,0.0
AS_PUBLISHED,700000232,300,1,0,False,False,495,0.0,0.0
ZERO_STRENGTH,700000233,300,1,0,False,False,416,0.0,0.0
ZERO_DEPENDENCY,700000233,300,1,0,False,False,416,0.0,0.0
AS_PUBLISHED,700000233,300,1,0,False,False,416,0.0,0.0
ZERO_STRENGTH,700000234,300,1,0,False,False,436,0.0,0.0
ZERO_DEPENDENCY,700000234,300,1,0,False,False,436,0.0,0.0
AS_PUBLISHED,700000234,300,1,0,False,False,436,0.0,0.0
ZERO_STRENGTH,700000235,300,1,0,False,False,444,0.0,0.0
ZERO_DEPENDENCY,700000235,300,1,0,False,False,444,0.0,0.0
AS_PUBLISHED,700000235,300,1,0,False,False,444,0.0,0.0
ZERO_STRENGTH,700000236,300,1,0,False,False,421,0.0,0.0
ZERO_DEPENDENCY,700000236,300,1,0,False,False,421,0.0,0.0
AS_PUBLISHED,700000236,300,1,0,False,False,421,0.0,0.0
ZERO_STRENGTH,700000237,300,1,0,False,False,487,0.0,0.0
ZERO_DEPENDENCY,700000237,300,1,0,False,False,487,0.0,0.0
AS_PUBLISHED,700000237,300,1,0,False,False,487,0.0,0.0
ZERO_STRENGTH,700000238,300,1,0,False,False,462,0.0,0.0
ZERO_DEPENDENCY,700000238,300,1,0,False,False,462,0.0,0.0
AS_PUBLISHED,700000238,300,1,0,False,False,462,0.0,0.0
ZERO_STRENGTH,700000239,300,1,0,False,False,449,0.0,0.0
ZERO_DEPENDENCY,700000239,300,1,0,False,False,449,0.0,0.0
AS_PUBLISHED,700000239,300,1,0,False,False,449,0.0,0.0
ZERO_STRENGTH,700000240,300,1,0,False,False,453,0.0,0.0
ZERO_DEPENDENCY,700000240,300,1,0,False,False,453,0.0,0.0
AS_PUBLISHED,700000240,300,1,0,False,False,453,0.0,0.0
ZERO_STRENGTH,700000241,300,1,0,False,False,413,0.0,0.0
ZERO_DEPENDENCY,700000241,300,1,0,False,False,413,0.0,0.0
AS_PUBLISHED,700000241,300,1,0,False,False,413,0.0,0.0
ZERO_STRENGTH,700000242,300,1,0,False,False,460,0.0,0.0
ZERO_DEPENDENCY,700000242,300,1,0,False,False,460,0.0,0.0
AS_PUBLISHED,700000242,300,1,0,False,False,460,0.0,0.0
ZERO_STRENGTH,700000243,300,1,0,False,False,462,0.0,0.0
ZERO_DEPENDENCY,700000243,300,1,0,False,False,462,0.0,0.0
AS_PUBLISHED,700000243,300,1,0,False,False,462,0.0,0.0
ZERO_STRENGTH,700000244,300,1,0,False,False,444,0.0,0.0
ZERO_DEPENDENCY,700000244,300,1,0,False,False,444,0.0,0.0
AS_PUBLISHED,700000244,300,1,0,False,False,444,0.0,0.0
ZERO_STRENGTH,700000245,300,1,0,False,False,491,0.0,0.0
ZERO_DEPENDENCY,700000245,300,1,0,False,False,491,0.0,0.0
AS_PUBLISHED,700000245,300,1,0,False,False,491,0.0,0.0
ZERO_STRENGTH,700000246,300,2,1,False,False,464,0.0,0.0
ZERO_DEPENDENCY,700000246,300,2,1,False,False,464,0.0,0.0
AS_PUBLISHED,700000246,300,2,1,False,False,464,0.0,0.0
ZERO_STRENGTH,700000247,300,1,0,False,False,480,0.0,0.0
ZERO_DEPENDENCY,700000247,300,1,0,False,False,480,0.0,0.0
AS_PUBLISHED,700000247,300,1,0,False,False,480,0.0,0.0
ZERO_STRENGTH,700000248,300,1,0,False,False,434,0.0,0.0
ZERO_DEPENDENCY,700000248,300,1,0,False,False,434,0.0,0.0
AS_PUBLISHED,700000248,300,1,0,False,False,434,0.0,0.0
ZERO_STRENGTH,700000249,300,1,0,False,False,495,0.0,0.0
ZERO_DEPENDENCY,700000249,300,1,0,False,False,495,0.0,0.0
AS_PUBLISHED,700000249,300,1,0,False,False,495,0.0,0.0
ZERO_STRENGTH,700000250,300,1,0,False,False,513,0.0,0.0
ZERO_DEPENDENCY,700000250,300,1,0,False,False,513,0.0,0.0
AS_PUBLISHED,700000250,300,1,0,False,False,513,0.0,0.0
ZERO_STRENGTH,700000251,300,1,0,False,False,448,0.0,0.0
ZERO_DEPENDENCY,700000251,300,1,0,False,False,448,0.0,0.0
AS_PUBLISHED,700000251,300,1,0,False,False,448,0.0,0.0
ZERO_STRENGTH,700000252,300,2,1,False,False,482,0.0,0.0
ZERO_DEPENDENCY,700000252,300,2,1,False,False,482,0.0,0.0
AS_PUBLISHED,700000252,300,2,1,False,False,482,0.0,0.0
ZERO_STRENGTH,700000253,300,2,1,False,False,429,0.0,0.0
ZERO_DEPENDENCY,700000253,300,2,1,False,False,429,0.0,0.0
AS_PUBLISHED,700000253,300,2,1,False,False,429,0.0,0.0
ZERO_STRENGTH,700000254,300,1,0,False,False,482,0.0,0.0
ZERO_DEPENDENCY,700000254,300,1,0,False,False,482,0.0,0.0
AS_PUBLISHED,700000254,300,1,0,False,False,482,0.0,0.0
ZERO_STRENGTH,700000255,300,1,0,False,False,474,0.0,0.0
ZERO_DEPENDENCY,700000255,300,1,0,False,False,474,0.0,0.0
AS_PUBLISHED,700000255,300,1,0,False,False,474,0.0,0.0
ZERO_STRENGTH,700000256,300,1,0,False,False,503,0.0,0.0
ZERO_DEPENDENCY,700000256,300,1,0,False,False,503,0.0,0.0
AS_PUBLISHED,700000256,300,1,0,False,False,503,0.0,0.0
ZERO_STRENGTH,700000257,300,1,0,False,False,485,0.0,0.0
ZERO_DEPENDENCY,700000257,300,1,0,False,False,485,0.0,0.0
AS_PUBLISHED,700000257,300,1,0,False,False,485,0.0,0.0
ZERO_STRENGTH,700000258,300,1,0,False,False,443,0.0,0.0
ZERO_DEPENDENCY,700000258,300,1,0,False,False,443,0.0,0.0
AS_PUBLISHED,700000258,300,1,0,False,False,443,0.0,0.0
ZERO_STRENGTH,700000259,300,1,0,False,False,475,0.0,0.0
ZERO_DEPENDENCY,700000259,300,1,0,False,False,475,0.0,0.0
AS_PUBLISHED,700000259,300,1,0,False,False,475,0.0,0.0
ZERO_STRENGTH,700000260,300,1,0,False,False,520,0.0,0.0
ZERO_DEPENDENCY,700000260,300,1,0,False,False,520,0.0,0.0
AS_PUBLISHED,700000260,300,1,0,False,False,520,0.0,0.0
ZERO_STRENGTH,700000261,300,1,0,False,False,492,0.0,0.0
ZERO_DEPENDENCY,700000261,300,1,0,False,False,492,0.0,0.0
AS_PUBLISHED,700000261,300,1,0,False,False,492,0.0,0.0
ZERO_STRENGTH,700000262,300,1,0,False,False,467,0.0,0.0
ZERO_DEPENDENCY,700000262,300,1,0,False,False,467,0.0,0.0
AS_PUBLISHED,700000262,300,1,0,False,False,467,0.0,0.0
ZERO_STRENGTH,700000263,300,1,0,False,False,457,0.0,0.0
ZERO_DEPENDENCY,700000263,300,1,0,False,False,457,0.0,0.0
AS_PUBLISHED,700000263,300,1,0,False,False,457,0.0,0.0
ZERO_STRENGTH,700000264,300,1,0,False,False,452,0.0,0.0
ZERO_DEPENDENCY,700000264,300,1,0,False,False,452,0.0,0.0
AS_PUBLISHED,700000264,300,1,0,False,False,452,0.0,0.0
ZERO_STRENGTH,700000265,300,1,0,False,False,460,0.0,0.0
ZERO_DEPENDENCY,700000265,300,1,0,False,False,460,0.0,0.0
AS_PUBLISHED,700000265,300,1,0,False,False,460,0.0,0.0
ZERO_STRENGTH,700000266,300,1,0,False,False,434,0.0,0.0
ZERO_DEPENDENCY,700000266,300,1,0,False,False,434,0.0,0.0
AS_PUBLISHED,700000266,300,1,0,False,False,434,0.0,0.0
ZERO_STRENGTH,700000267,300,2,1,False,False,436,0.0,0.0
ZERO_DEPENDENCY,700000267,300,2,1,False,False,436,0.0,0.0
AS_PUBLISHED,700000267,300,2,1,False,False,436,0.0,0.0
ZERO_STRENGTH,700000268,300,1,0,False,False,478,0.0,0.0
ZERO_DEPENDENCY,700000268,300,1,0,False,False,478,0.0,0.0
AS_PUBLISHED,700000268,300,1,0,False,False,478,0.0,0.0
ZERO_STRENGTH,700000269,300,1,0,False,False,436,0.0,0.0
ZERO_DEPENDENCY,700000269,300,1,0,False,False,436,0.0,0.0
AS_PUBLISHED,700000269,300,1,0,False,False,436,0.0,0.0
ZERO_STRENGTH,700000270,300,2,1,False,False,503,0.0,0.0
ZERO_DEPENDENCY,700000270,300,2,1,False,False,503,0.0,0.0
AS_PUBLISHED,700000270,300,2,1,False,False,503,0.0,0.0
ZERO_STRENGTH,700000271,300,2,1,False,False,403,0.0,0.0
ZERO_DEPENDENCY,700000271,300,2,1,False,False,403,0.0,0.0
AS_PUBLISHED,700000271,300,2,1,False,False,403,0.0,0.0
ZERO_STRENGTH,700000272,300,1,0,False,False,474,0.0,0.0
ZERO_DEPENDENCY,700000272,300,1,0,False,False,474,0.0,0.0
AS_PUBLISHED,700000272,300,1,0,False,False,474,0.0,0.0
ZERO_STRENGTH,700000273,300,1,0,False,False,457,0.0,0.0
ZERO_DEPENDENCY,700000273,300,1,0,False,False,457,0.0,0.0
AS_PUBLISHED,700000273,300,1,0,False,False,457,0.0,0.0
ZERO_STRENGTH,700000274,300,1,0,False,False,497,0.0,0.0
ZERO_DEPENDENCY,700000274,300,1,0,False,False,497,0.0,0.0
AS_PUBLISHED,700000274,300,1,0,False,False,497,0.0,0.0
ZERO_STRENGTH,700000275,300,1,0,False,False,447,0.0,0.0
ZERO_DEPENDENCY,700000275,300,1,0,False,False,447,0.0,0.0
AS_PUBLISHED,700000275,300,1,0,False,False,447,0.0,0.0
ZERO_STRENGTH,700000276,300,1,0,False,False,444,0.0,0.0
ZERO_DEPENDENCY,700000276,300,1,0,False,False,444,0.0,0.0
AS_PUBLISHED,700000276,300,1,0,False,False,444,0.0,0.0
ZERO_STRENGTH,700000277,300,1,0,False,False,471,0.0,0.0
ZERO_DEPENDENCY,700000277,300,1,0,False,False,471,0.0,0.0
AS_PUBLISHED,700000277,300,1,0,False,False,471,0.0,0.0
ZERO_STRENGTH,700000278,300,1,0,False,False,511,0.0,0.0
ZERO_DEPENDENCY,700000278,300,1,0,False,False,511,0.0,0.0
AS_PUBLISHED,700000278,300,1,0,False,False,511,0.0,0.0
ZERO_STRENGTH,700000279,300,1,0,False,False,442,0.0,0.0
ZERO_DEPENDENCY,700000279,300,1,0,False,False,442,0.0,0.0
AS_PUBLISHED,700000279,300,1,0,False,False,442,0.0,0.0
ZERO_STRENGTH,700000280,300,1,0,False,False,411,0.0,0.0
ZERO_DEPENDENCY,700000280,300,1,0,False,False,411,0.0,0.0
AS_PUBLISHED,700000280,300,1,0,False,False,411,0.0,0.0
ZERO_STRENGTH,700000281,300,1,0,False,False,487,0.0,0.0
ZERO_DEPENDENCY,700000281,300,1,0,False,False,487,0.0,0.0
AS_PUBLISHED,700000281,300,1,0,False,False,487,0.0,0.0
ZERO_STRENGTH,700000282,300,1,0,False,False,530,0.0,0.0
ZERO_DEPENDENCY,700000282,300,1,0,False,False,530,0.0,0.0
AS_PUBLISHED,700000282,300,1,0,False,False,530,0.0,0.0
ZERO_STRENGTH,700000283,300,1,0,False,False,423,0.0,0.0
ZERO_DEPENDENCY,700000283,300,1,0,False,False,423,0.0,0.0
AS_PUBLISHED,700000283,300,1,0,False,False,423,0.0,0.0
ZERO_STRENGTH,700000284,300,1,0,False,False,562,0.0,0.0
ZERO_DEPENDENCY,700000284,300,1,0,False,False,562,0.0,0.0
AS_PUBLISHED,700000284,300,1,0,False,False,562,0.0,0.0
ZERO_STRENGTH,700000285,300,1,0,False,False,457,0.0,0.0
ZERO_DEPENDENCY,700000285,300,1,0,False,False,457,0.0,0.0
AS_PUBLISHED,700000285,300,1,0,False,False,457,0.0,0.0
ZERO_STRENGTH,700000286,300,1,0,False,False,471,0.0,0.0
ZERO_DEPENDENCY,700000286,300,1,0,False,False,471,0.0,0.0
AS_PUBLISHED,700000286,300,1,0,False,False,471,0.0,0.0
ZERO_STRENGTH,700000287,300,1,0,False,False,471,0.0,0.0
ZERO_DEPENDENCY,700000287,300,1,0,False,False,471,0.0,0.0
AS_PUBLISHED,700000287,300,1,0,False,False,471,0.0,0.0
ZERO_STRENGTH,700000288,300,1,0,False,False,515,0.0,0.0
ZERO_DEPENDENCY,700000288,300,1,0,False,False,515,0.0,0.0
AS_PUBLISHED,700000288,300,1,0,False,False,515,0.0,0.0
ZERO_STRENGTH,700000289,300,1,0,False,False,453,0.0,0.0
ZERO_DEPENDENCY,700000289,300,1,0,False,False,453,0.0,0.0
AS_PUBLISHED,700000289,300,1,0,False,False,453,0.0,0.0
ZERO_STRENGTH,700000290,300,1,0,False,False,474,0.0,0.0
ZERO_DEPENDENCY,700000290,300,1,0,False,False,474,0.0,0.0
AS_PUBLISHED,700000290,300,1,0,False,False,474,0.0,0.0
ZERO_STRENGTH,700000291,300,2,1,False,False,429,0.0,0.0
ZERO_DEPENDENCY,700000291,300,2,1,False,False,429,0.0,0.0
AS_PUBLISHED,700000291,300,4,3,False,False,468,0.0,0.0
ZERO_STRENGTH,700000292,300,1,0,False,False,481,0.0,0.0
ZERO_DEPENDENCY,700000292,300,1,0,False,False,481,0.0,0.0
AS_PUBLISHED,700000292,300,2,1,False,False,411,0.0,0.0
ZERO_STRENGTH,700000293,300,1,0,False,False,487,0.0,0.0
ZERO_DEPENDENCY,700000293,300,1,0,False,False,487,0.0,0.0
AS_PUBLISHED,700000293,300,2,1,False,False,473,0.0,0.0
ZERO_STRENGTH,700000294,300,1,0,False,False,458,0.0,0.0
ZERO_DEPENDENCY,700000294,300,1,0,False,False,458,0.0,0.0
AS_PUBLISHED,700000294,300,1,0,False,False,458,0.0,0.0
ZERO_STRENGTH,700000295,300,1,0,False,False,466,0.0,0.0
ZERO_DEPENDENCY,700000295,300,1,0,False,False,466,0.0,0.0
AS_PUBLISHED,700000295,300,1,0,False,False,466,0.0,0.0
ZERO_STRENGTH,700000296,300,1,0,False,False,489,0.0,0.0
ZERO_DEPENDENCY,700000296,300,1,0,False,False,489,0.0,0.0
AS_PUBLISHED,700000296,300,1,0,False,False,489,0.0,0.0
ZERO_STRENGTH,700000297,300,1,0,False,False,454,0.0,0.0
ZERO_DEPENDENCY,700000297,300,1,0,False,False,454,0.0,0.0
AS_PUBLISHED,700000297,300,1,0,False,False,454,0.0,0.0
ZERO_STRENGTH,700000298,300,1,0,False,False,406,0.0,0.0
ZERO_DEPENDENCY,700000298,300,1,0,False,False,406,0.0,0.0
AS_PUBLISHED,700000298,300,1,0,False,False,406,0.0,0.0
ZERO_STRENGTH,700000299,300,1,0,False,False,457,0.0,0.0
ZERO_DEPENDENCY,700000299,300,1,0,False,False,457,0.0,0.0
AS_PUBLISHED,700000299,300,1,0,False,False,457,0.0,0.0
