Step,population,H_N,H_E,avg_well_being,L_t,Psi_inst,Theta_tech,U_sys,integral_U_sys,resource_level,constraint_level,max_constraint_level,ai_generation,trust_level,cumulative_drift,system_resilience
0,202,0.9842941053185579,0.09999999999999998,0.6559748012058257,0.1502504873545078,0.8,0.48,20.019951201797543,20.019951201797543,0.8,0.4,0.4,1,0.0,0.07786507548916685,1.0
1,203,0.9879536409813184,0.09999999999999998,0.6624325759542076,0.19130960604913114,1.0,0.48,23.225065367709522,43.245016569507065,0.8,0.4,0.4,1,0.0,0.13109988184102866,1.0
2,200,0.9865959389882119,0.09999999999999998,0.6686909033741764,0.1900015861557085,1.0,0.48,23.041615276625418,66.28663184613248,0.8,0.4,0.4,1,0.0,0.17884545346119954,1.0
3,207,0.9854176835035345,0.09999999999999998,0.6709026182437193,0.19706644211431634,1.0,0.48,23.528776481968126,89.8154083281006,0.8,0.4,0.4,1,0.0,0.24104519581692152,1.0
4,214,0.9881739416089139,0.09999999999999998,0.6740592253492489,0.20526160461194987,1.0,0.48,24.10713823358606,113.92254656168666,0.8,0.4,0.4,1,0.0,0.2963186020398414,1.0
5,213,0.9866909059156035,0.09999999999999998,0.6773445253882047,0.20499008048394024,1.0,0.48,24.008936593673194,137.93148315535984,0.8,0.4,0.4,1,0.0,0.3529373466647513,1.0
6,212,0.9868148894922785,0.09999999999999998,0.6784913213989013,0.20439880089079404,1.0,0.48,23.88591564004219,161.81739879540203,0.8,0.4,0.4,1,0.0,0.40942179207440516,1.0
7,213,0.9780128135652433,0.09999999999999998,0.6806641201431332,0.20418296148412204,1.0,0.48,23.79368304674005,185.61108184214208,0.8,0.4,0.4,1,0.0,0.471987616591245,1.0
8,214,0.9791188163999499,0.09999999999999998,0.6792844604547267,0.20495727668265473,1.0,0.48,23.78140854550844,209.39249038765053,0.8,0.4,0.4,1,0.0,0.5273584583903194,1.0
9,218,0.9855515286846955,0.09999999999999998,0.6779688972823642,0.2097529570361864,1.0,0.48,24.09158042411278,233.4840708117633,0.8,0.4,0.4,1,0.0,0.5993011848424132,1.0
10,213,0.9888029780397427,0.09999999999999998,0.6793235100119006,0.2060290719031881,1.0,0.48,23.72092115007981,257.2049919618431,0.8,0.4,0.4,1,0.0,0.6656011789993728,1.0
11,208,0.9847296018296846,0.09999999999999998,0.683991289751462,0.20174063881778115,1.0,0.48,23.305821999384374,280.5108139612275,0.8,0.4,0.4,1,0.0,0.7116199545705763,1.0
12,206,0.9823378941760982,0.09999999999999998,0.6840298085768186,0.19932677388356038,1.0,0.48,23.04140433979083,303.55221830101834,0.8,0.4,0.4,1,0.0,0.7664836557097376,1.0
13,202,0.9826941393449901,0.09999999999999998,0.6851995427301732,0.19586159731354646,1.0,0.48,22.693591698633416,326.2458099996518,0.8,0.4,0.4,1,0.0,0.8239127554813729,1.0
14,198,0.9781325902457579,0.09999999999999998,0.6860414054135237,0.19132676994932363,1.0,0.48,22.260909777032065,348.50671977668384,0.8,0.4,0.4,1,0.0,0.8694645938938368,1.0
15,194,0.9839213809606031,0.09999999999999998,0.6927869994033999,0.19042516884372748,1.0,0.48,22.119580320238065,370.6263000969219,0.8,0.4,0.4,1,0.0,0.9250150052759956,1.0
16,196,0.9819666048976867,0.09999999999999998,0.6946042179452956,0.19250973582638042,1.0,0.48,22.217831720233335,392.84413181715524,0.8,0.4,0.4,1,0.0,0.9672827352942645,1.0
17,202,0.9797384503088269,0.09999999999999998,0.6904229799496515,0.19676110459328885,1.0,0.48,22.49010821574307,415.3342400328983,0.8,0.4,0.4,1,0.0,1.0138050914651033,1.0
18,207,0.985186187326694,0.09999999999999998,0.6913464747614888,0.2030237776822298,1.0,0.48,22.923963398526443,438.25820343142476,0.8,0.4,0.4,1,0.0,1.0634821350921722,1.0
19,208,0.9881224710377584,0.09999999999999998,0.694960205247242,0.20568211980280848,1.0,0.48,23.070141551020324,461.32834498244506,0.8,0.4,0.4,1,0.0,1.118589300628574,1.0
20,216,0.9810476524677834,0.09999999999999998,0.6972967496294339,0.21277665977505453,1.0,0.48,23.57187539551096,484.90022037795603,0.8,0.4,0.4,1,0.0,1.1721962882768802,1.0
21,216,0.9826358099718013,0.09999999999999998,0.6928260336194045,0.21175468541924153,1.0,0.48,23.424946058890395,508.3251664368464,0.8,0.4,0.4,1,0.0,1.2341901055957978,1.0
22,212,0.9870889686005831,0.09999999999999998,0.7003461077366062,0.2110412598272954,1.0,0.48,23.303349027669054,531.6285154645154,0.8,0.4,0.4,1,0.0,1.3023881938537478,1.0
23,212,0.9856927882171519,0.09999999999999998,0.6970185399514435,0.20974144808701836,1.0,0.48,23.1354832398063,554.7639987043217,0.8,0.4,0.4,1,0.0,1.3549978264517364,1.0
24,215,0.9841734687679067,0.09999999999999998,0.6945802335121453,0.21163867072841253,1.0,0.48,23.224014708763978,577.9880134130857,0.8,0.4,0.4,1,0.0,1.4072753451391826,1.0
25,223,0.9870989803393321,0.09999999999999998,0.6900826417902508,0.21874048051623768,1.0,0.48,23.729540695743673,601.7175541088294,0.8,0.4,0.4,1,0.0,1.4811764295647656,1.0
26,225,0.9853339135396145,0.09999999999999998,0.6909464772656357,0.22058341086294114,1.0,0.48,23.81498114382738,625.5325352526568,0.8,0.4,0.4,1,0.0,1.5434810828466532,1.0
27,228,0.9834515151559078,0.09999999999999998,0.6998209596660692,0.22596295125843677,1.0,0.48,24.18396599663701,649.7165012492937,0.8,0.4,0.4,1,0.0,1.6075914358758796,1.0
28,227,0.982786880629235,0.09999999999999998,0.7066560277427724,0.2270156342581131,1.0,0.48,24.207414500324695,673.9239157496185,0.8,0.4,0.4,1,0.0,1.6733419962982368,1.0
29,228,0.9831830880658106,0.09999999999999998,0.7050776539209331,0.2275981299715176,1.0,0.48,24.193852832060625,698.1177685816791,0.8,0.4,0.4,1,0.0,1.725748673353075,1.0
30,228,0.9860451000608139,0.09999999999999998,0.7094895658182684,0.2296889652407301,1.0,0.48,24.301556450909306,722.4193250325884,0.8,0.4,0.4,1,0.0,1.8043273151308448,1.0
31,229,0.9900280940964344,0.09999999999999998,0.7070201716013881,0.23082205212290974,1.0,0.48,24.33323320900975,746.7525582415982,0.8,0.4,0.4,1,0.0,1.8723678644947517,1.0
32,225,0.9861223195354962,0.09999999999999998,0.7154310903960198,0.22858283149063885,1.0,0.48,24.095713185614894,770.848271427213,0.8,0.4,0.4,1,0.0,1.9397226842999573,1.0
33,233,0.9883350751425378,0.09999999999999998,0.7097334420101382,0.23535199865445267,1.0,0.48,24.57944204390473,795.4277134711177,0.8,0.4,0.4,1,0.0,2.0043061069956534,1.0
34,233,0.9881079305156707,0.09999999999999998,0.7065374945906298,0.23423835639674886,1.0,0.48,24.433124015599972,819.8608374867177,0.8,0.4,0.4,1,0.0,2.0489744462595447,1.0
35,230,0.9795408907762786,0.09999999999999998,0.7070569369139027,0.2293861994168601,1.0,0.48,23.988295409615773,843.8491328963335,0.8,0.4,0.4,1,0.0,2.108190843816078,1.0
36,222,0.9861352921584462,0.09999999999999998,0.7057679944256908,0.22249175828853765,1.0,0.48,23.380648776303143,867.2297816726366,0.8,0.4,0.4,1,0.0,2.177553237815214,1.0
37,220,0.9847060691582395,0.09999999999999998,0.705475681411815,0.2200765834491076,1.0,0.48,23.131899894857803,890.3616815674944,0.8,0.4,0.4,1,0.0,2.2472424939238507,1.0
38,225,0.9895847676183449,0.09999999999999998,0.7036709796331275,0.225614834846647,1.0,0.48,23.519975007270265,913.8816565747647,0.8,0.4,0.4,1,0.0,2.3181159241456664,1.0
39,224,0.989031762344099,0.09999999999999998,0.7029341842859363,0.22425152927264033,1.0,0.48,23.35647499177304,937.2381315665377,0.8,0.4,0.4,1,0.0,2.3758706775707785,1.0
40,219,0.9900052406998889,0.09999999999999998,0.7038060065940609,0.21973390280230404,1.0,0.48,22.941172080522165,960.1793036470599,0.8,0.4,0.4,1,0.0,2.438275726280641,1.0
41,221,0.9828898407394278,0.09999999999999998,0.6986102549379474,0.2185216989256666,1.0,0.48,22.790837957694308,982.9701416047542,0.8,0.4,0.4,1,0.0,2.49660980855622,1.0
42,215,0.9855423071164001,0.09999999999999998,0.7010546725818221,0.2139085346078442,1.0,0.48,22.368959258282135,1005.3391008630364,0.8,0.4,0.4,1,0.0,2.554423152546042,1.0
43,214,0.9818800252904449,0.09999999999999998,0.6948274550049582,0.21023821527242614,1.0,0.48,22.02303337521277,1027.3621342382492,0.8,0.4,0.4,1,0.0,2.6055337084206163,1.0
44,217,0.9839030011159391,0.09999999999999998,0.6925379988363252,0.21292081452128087,1.0,0.48,22.185859240797793,1049.547993479047,0.8,0.4,0.4,1,0.0,2.6731163742258266,1.0
45,213,0.9863799444700847,0.09999999999999998,0.696165298741572,0.21061955965857634,1.0,0.48,21.95049376323107,1071.498487242278,0.8,0.4,0.4,1,0.0,2.7277616035226715,1.0
46,218,0.978394887941327,0.09999999999999998,0.6902183037933793,0.21199207835362294,1.0,0.48,22.009538837266707,1093.5080260795448,0.8,0.4,0.4,1,0.0,2.7811834949797625,1.0
47,219,0.9850692508474526,0.09999999999999998,0.6933760264806855,0.2153982603577533,1.0,0.48,22.231781500653224,1115.739807580198,0.8,0.4,0.4,1,0.0,2.8359332822705827,1.0
48,213,0.9868107201129133,0.09999999999999998,0.6982220177315918,0.21133405880754322,1.0,0.48,21.856896032965082,1137.596703613163,0.8,0.4,0.4,1,0.0,2.8973448914597237,1.0
49,215,0.9809338846330675,0.09999999999999998,0.7012292393772719,0.21296130794947765,1.0,0.48,21.93781954538847,1159.5345231585516,0.8,0.4,0.4,1,0.0,2.949708198580253,1.0
50,214,0.9840984050452211,0.09999999999999998,0.6978846881146185,0.21164034616491256,1.0,0.48,21.783377449037538,1181.317900607589,0.8,0.4,0.4,1,0.001,3.014471523186957,1.0
51,207,0.9861117001085618,0.09999999999999998,0.7080231468374456,0.20811644808786153,1.0,0.48,21.453186431402063,1202.7710870389913,0.8,0.4,0.4,1,0.002,3.083151001078315,1.0
52,203,0.9822238892446065,0.09999999999999998,0.7043170426083081,0.20222610630473414,1.0,0.48,20.93416106479228,1223.7052481037836,0.8,0.4,0.4,1,0.003,3.144416212241445,1.0
53,199,0.9830079396257381,0.09999999999999998,0.7037530127052168,0.1982407176085355,1.0,0.48,20.568006959259407,1244.273255063043,0.8,0.4,0.4,1,0.004,3.197802290784339,1.0
54,199,0.9801491570788617,0.09999999999999998,0.7019264702314857,0.19715117038216928,1.0,0.48,20.43398999259096,1264.707245055634,0.8,0.4,0.4,1,0.005,3.251091036299973,1.0
55,198,0.9859497417556097,0.09999999999999998,0.6944767033945508,0.19522711730980022,1.0,0.48,20.23367916565218,1284.9409242212862,0.8,0.4,0.4,1,0.006,3.326345283806248,1.0
56,189,0.983682226755495,0.09999999999999998,0.6950190779606917,0.1860697811411707,1.0,0.48,19.455169684377726,1304.396093905664,0.8,0.4,0.4,1,0.007,3.3730342030946465,1.0
57,183,0.9831227397932386,0.09999999999999998,0.6976226607289909,0.18073484983449417,1.0,0.48,18.982908242816624,1323.3790021484806,0.8,0.4,0.4,1,0.008,3.434490961154738,1.0
58,187,0.9815818627788112,0.09999999999999998,0.6993421996839386,0.18485038478736815,1.0,0.48,19.267133196217127,1342.6461353446978,0.8,0.4,0.4,1,0.009000000000000001,3.4768464198463547,1.0
59,190,0.9771292097820627,0.09999999999999998,0.69402254024592,0.18554175691354477,1.0,0.48,19.277874208611568,1361.9240095533094,0.8,0.4,0.4,1,0.010000000000000002,3.5288362626484027,1.0
60,190,0.9837453233872947,0.09999999999999998,0.6931736688073639,0.1865695787237476,1.0,0.48,19.315974680151395,1381.2399842334607,0.8,0.4,0.4,1,0.011000000000000003,3.5832216337773604,1.0
61,189,0.9816858403983546,0.09999999999999998,0.6896883248204162,0.18426790463392195,1.0,0.48,19.08815559042411,1400.3281398238848,0.8,0.4,0.4,1,0.012000000000000004,3.6226429912853635,1.0
62,190,0.9866524047660039,0.09999999999999998,0.6902047051386769,0.18631944734417047,1.0,0.48,19.209027086746815,1419.5371669106316,0.8,0.4,0.4,1,0.013000000000000005,3.6625200543741796,1.0
63,199,0.9845399213238277,0.09999999999999998,0.682589199159714,0.19257872683824387,1.0,0.48,19.666946319579708,1439.2041132302113,0.8,0.4,0.4,1,0.014000000000000005,3.7130811968594113,1.0
64,205,0.984055787467057,0.09999999999999998,0.6779984205996641,0.1969539772109008,1.0,0.48,19.974569978576287,1459.1786832087876,0.8,0.4,0.4,1,0.015000000000000006,3.768069922550161,1.0
65,195,0.9861999547362835,0.09999999999999998,0.6838019818333403,0.18936182777596003,1.0,0.48,19.325227719646367,1478.503910928434,0.8,0.4,0.4,1,0.016000000000000007,3.8218540724827506,1.0
66,195,0.9808320683367061,0.09999999999999998,0.6790123775884225,0.18701198981794656,1.0,0.48,19.095686084867484,1497.5995970133015,0.8,0.4,0.4,1,0.017000000000000008,3.871433892137034,1.0
67,195,0.9818930744217851,0.09999999999999998,0.6761884006714779,0.18643567390072574,1.0,0.48,19.008439153706338,1516.6080361670079,0.8,0.4,0.4,1,0.01800000000000001,3.914038436195305,1.0
68,198,0.9826889039105253,0.09999999999999998,0.6817354898600183,0.1910115539350767,1.0,0.48,19.333775455963373,1535.9418116229713,0.8,0.4,0.4,1,0.01900000000000001,3.9637807568198813,1.0
69,193,0.9828056072979694,0.09999999999999998,0.6848958890208852,0.18707337703871332,1.0,0.48,18.978395477984773,1554.920207100956,0.8,0.4,0.4,1,0.02000000000000001,4.015209572867627,1.0
70,189,0.9824027986158017,0.09999999999999998,0.687466421045979,0.18380840961902717,1.0,0.48,18.677273278039163,1573.5974803789952,0.8,0.4,0.4,1,0.02100000000000001,4.06585171303104,1.0
71,183,0.9787999480316854,0.09999999999999998,0.68545432047725,0.1768015375873984,1.0,0.48,18.077197254571793,1591.674677633567,0.8,0.4,0.4,1,0.022000000000000013,4.110515696918,1.0
72,186,0.9837180492358915,0.09999999999999998,0.6821330927456893,0.17972777400277895,1.0,0.48,18.272159838529298,1609.9468374720961,0.8,0.4,0.4,1,0.023000000000000013,4.14475848214447,1.0
73,179,0.9752375216496396,0.09999999999999998,0.6824022678059135,0.17154038744602673,1.0,0.48,17.578425732161875,1627.525263204258,0.8,0.4,0.4,1,0.024000000000000014,4.194725848294702,1.0
74,180,0.9779274138813457,0.09999999999999998,0.6800295482277449,0.17237306410995817,1.0,0.48,17.606679175703288,1645.1319423799612,0.8,0.4,0.4,1,0.025000000000000015,4.229317093675645,1.0
75,179,0.9809277122723641,0.09999999999999998,0.6733156919261807,0.17024378373498755,1.0,0.48,17.398358791812374,1662.5303011717735,0.8,0.4,0.4,1,0.026000000000000016,4.27175890291118,1.0
76,175,0.981797257203466,0.09999999999999998,0.6806989399254977,0.16841370475444042,1.0,0.48,17.214352284494986,1679.7446534562685,0.8,0.4,0.4,1,0.027000000000000017,4.312556541050126,1.0
77,167,0.9762206602088207,0.09999999999999998,0.6869283339774802,0.16126435655401541,1.0,0.48,16.60518017066231,1696.3498336269308,0.8,0.4,0.4,1,0.028000000000000018,4.3581147845181905,1.0
78,162,0.9766521321694586,0.09999999999999998,0.6846922674810327,0.15599577368487927,1.0,0.48,16.14683910186178,1712.4966727287926,0.8,0.4,0.4,1,0.02900000000000002,4.389191819010219,1.0
79,160,0.9738557742563049,0.09999999999999998,0.6824613709320243,0.15312820534019153,1.0,0.48,15.880945044175935,1728.3776177729685,0.8,0.4,0.4,1,0.03000000000000002,4.426582793520308,1.0
80,154,0.9757506190544529,0.09999999999999998,0.6775948294643855,0.1466196342407532,1.0,0.48,15.324135171373575,1743.7017529443422,0.8,0.4,0.4,1,0.03100000000000002,4.463470299217136,1.0
81,153,0.9745936135356389,0.09999999999999998,0.6791718922237897,0.1458334628122979,1.0,0.48,15.225474695535253,1758.9272276398774,0.8,0.4,0.4,1,0.03200000000000002,4.500804830119125,1.0
82,149,0.9788114319809379,0.09999999999999998,0.6849910596361086,0.1438575622797706,1.0,0.48,15.031992250371813,1773.9592198902492,0.8,0.4,0.4,1,0.03300000000000002,4.533151017013468,1.0
83,149,0.9806385611927833,0.09999999999999998,0.686933607307306,0.14453482184843894,1.0,0.48,15.051114004380137,1789.0103338946294,0.8,0.4,0.4,1,0.03400000000000002,4.563415381382528,1.0
84,148,0.9678340447780113,0.09999999999999998,0.6854589461052077,0.14138604668457339,1.0,0.48,14.764503021089695,1803.774836915719,0.8,0.4,0.4,1,0.035000000000000024,4.589529742012926,1.0
85,148,0.9767139142405836,0.09999999999999998,0.686878958682439,0.1429788484496804,1.0,0.48,14.857562108621257,1818.6323990243404,0.8,0.4,0.4,1,0.036000000000000025,4.614708515650954,1.0
86,146,0.969587955793513,0.09999999999999998,0.6856884097768542,0.13977495739848864,1.0,0.48,14.567229233495974,1833.1996282578364,0.8,0.4,0.4,1,0.037000000000000026,4.646333384221236,1.0
87,145,0.9800762859550167,0.09999999999999998,0.681303558671807,0.13942191153844086,1.0,0.48,14.505301672339144,1847.7049299301755,0.8,0.4,0.4,1,0.03800000000000003,4.674370668393356,1.0
88,142,0.9793685068485323,0.09999999999999998,0.6823408082065657,0.136646438380275,1.0,0.48,14.24991583314313,1861.9548457633186,0.8,0.4,0.4,1,0.03900000000000003,4.705681919224325,1.0
89,143,0.9729057420436086,0.09999999999999998,0.6808596845069304,0.1364039401123286,1.0,0.48,14.19749887010079,1876.1523446334195,0.8,0.4,0.4,1,0.04000000000000003,4.732960938907201,1.0
90,145,0.9782144656025137,0.09999999999999998,0.6796067496102199,0.13881048082779493,1.0,0.48,14.357332731246375,1890.5096773646658,0.8,0.4,0.4,1,0.04100000000000003,4.759960289713453,1.0
91,145,0.9731412211530592,0.09999999999999998,0.678588060359121,0.1378835884642685,1.0,0.48,14.250818276522132,1904.7604956411878,0.8,0.4,0.4,1,0.04200000000000003,4.7861129968236575,1.0
92,138,0.9818902207362954,0.09999999999999998,0.6820249194424612,0.1330775375334677,1.0,0.48,13.834294647102972,1918.5947902882908,0.8,0.4,0.4,1,0.04300000000000003,4.810660182245947,1.0
93,137,0.9792756934426056,0.09999999999999998,0.6859892497742772,0.13252729818608971,1.0,0.48,13.758553162468127,1932.353343450759,0.8,0.4,0.4,1,0.04400000000000003,4.838507101757224,1.0
94,136,0.9724126323710726,0.09999999999999998,0.684587143824147,0.13037092038637468,1.0,0.48,13.554636772157131,1945.9079802229162,0.8,0.4,0.4,1,0.04500000000000003,4.865913577289772,1.0
95,134,0.9818266463840459,0.09999999999999998,0.6826012531678592,0.1293210393045932,1.0,0.48,13.439552378739283,1959.3475326016555,0.8,0.4,0.4,1,0.046000000000000034,4.889930015083317,1.0
96,131,0.9797638647709834,0.09999999999999998,0.6799156340929947,0.12566381297530865,1.0,0.48,13.116190573425293,1972.4637231750808,0.8,0.4,0.4,1,0.047000000000000035,4.909580436975708,1.0
97,127,0.9705578286241268,0.09999999999999998,0.6784391392959158,0.12041997274347915,1.0,0.48,12.666206469745253,1985.129929644826,0.8,0.4,0.4,1,0.048000000000000036,4.937301379257176,1.0
98,129,0.9713356271255866,0.09999999999999998,0.6807074791795705,0.12282366236681883,1.0,0.48,12.828325419870373,1997.9582550646965,0.8,0.4,0.4,1,0.04900000000000004,4.960532372889923,1.0
99,129,0.9844219552931314,0.09999999999999998,0.6812001540599721,0.12456849888163483,1.0,0.48,12.938036707079602,2010.896291771776,0.8,0.4,0.4,1,0.05000000000000004,4.982711419492521,1.0
100,128,0.9677872501234274,0.09999999999999998,0.6854026751196404,0.1222638741838131,1.0,0.48,12.724089531724236,2023.6203813035004,0.8,0.4,0.4,1,0.05100000000000004,5.007608981238785,1.0
101,126,0.978083737094019,0.09999999999999998,0.6851157123182083,0.12158304129647858,1.0,0.48,12.64033966202042,2036.2607209655207,0.8,0.4,0.4,1,0.05200000000000004,5.025096321485732,1.0
102,122,0.9761870315625364,0.09999999999999998,0.6935346523677437,0.1189387916594439,1.0,0.48,12.399808416162964,2048.660529381684,0.8,0.4,0.4,1,0.05300000000000004,5.047329393073599,1.0
103,120,0.970865403843201,0.09999999999999998,0.7047850018417138,0.11823863767528663,1.0,0.48,12.31509258930183,2060.9756219709857,0.8,0.4,0.4,1,0.05400000000000004,5.0630094737636195,1.0
104,115,0.9702085839288307,0.09999999999999998,0.7086706815282394,0.1138596674626082,1.0,0.48,11.936358402260836,2072.9119803732465,0.8,0.4,0.4,1,0.05500000000000004,5.082413608759673,1.0
105,116,0.9700725532067916,0.09999999999999998,0.7148205453624935,0.11583017829624667,1.0,0.48,12.06586323601438,2084.977843609261,0.8,0.4,0.4,1,0.05600000000000004,5.101245731289223,1.0
106,113,0.9739765174640811,0.09999999999999998,0.7232061088495421,0.11461765205603655,1.0,0.48,11.941006206040742,2096.9188498153017,0.8,0.4,0.4,1,0.057000000000000044,5.115215469027222,1.0
107,115,0.9751737657231386,0.09999999999999998,0.7202256544558192,0.11630835909648102,1.0,0.48,12.048683962591609,2108.967533777893,0.8,0.4,0.4,1,0.058000000000000045,5.132982261930035,1.0
108,116,0.9659113528412154,0.09999999999999998,0.7147318772384186,0.11531900966054957,1.0,0.48,11.94223246754787,2120.909766245441,0.8,0.4,0.4,1,0.059000000000000045,5.151656882440847,1.0
109,122,0.9793083191066367,0.09999999999999998,0.7134350287574327,0.12274284783472823,1.0,0.48,12.509104884145067,2133.418871129586,0.8,0.4,0.4,1,0.060000000000000046,5.173255920234148,1.0
110,123,0.9793333094514856,0.09999999999999998,0.714836718842744,0.1239952311051117,1.0,0.48,12.582531943699784,2146.001403073286,0.8,0.4,0.4,1,0.06100000000000005,5.1963809308678455,1.0
111,123,0.972689536074448,0.09999999999999998,0.7120901621976867,0.12268086608143196,1.0,0.48,12.450886284231684,2158.4522893575177,0.8,0.4,0.4,1,0.06200000000000005,5.219774082260952,1.0
112,124,0.9808355787413343,0.09999999999999998,0.7114413753240845,0.12460042026030187,1.0,0.48,12.578216794745133,2171.0305061522627,0.8,0.4,0.4,1,0.06300000000000004,5.234775404869248,1.0
113,118,0.9780900128733604,0.09999999999999998,0.7158654078065606,0.11897472254483411,1.0,0.48,12.102190738672249,2183.1326968909348,0.8,0.4,0.4,1,0.06400000000000004,5.2540898468406905,1.0
114,120,0.9765644166011028,0.09999999999999998,0.7115704047937913,0.12007774147300863,1.0,0.48,12.164718089503696,2195.2974149804386,0.8,0.4,0.4,1,0.06500000000000004,5.272029446477732,1.0
115,119,0.9760287170144913,0.09999999999999998,0.7140138495710161,0.1194204449689313,1.0,0.48,12.086676688034002,2207.3840916684726,0.8,0.4,0.4,1,0.06600000000000004,5.289568827849962,1.0
116,122,0.9753660995802508,0.09999999999999998,0.7089011818108322,0.12147185958373541,1.0,0.48,12.225584534076855,2219.6096762025495,0.8,0.4,0.4,1,0.06700000000000005,5.316060672231461,1.0
117,127,0.9773960930665734,0.09999999999999998,0.7050667941007241,0.1260280084290304,1.0,0.48,12.56512105066073,2232.1747972532103,0.8,0.4,0.4,1,0.06800000000000005,5.342970236513154,1.0
118,127,0.9804364032000595,0.09999999999999998,0.7085047077911009,0.12703645948945108,1.0,0.48,12.621091293528734,2244.795888546739,0.8,0.4,0.4,1,0.06900000000000005,5.362642520625028,1.0
119,129,0.980836550766583,0.09999999999999998,0.708424077769663,0.12907500700410376,1.0,0.48,12.759714693540365,2257.5556032402797,0.8,0.4,0.4,1,0.07000000000000005,5.382916947583964,1.0
120,134,0.9751458349680298,0.09999999999999998,0.7061230129277447,0.13286702968449107,1.0,0.48,13.038858817589631,2270.5944620578694,0.8,0.4,0.4,1,0.07100000000000005,5.405839323028709,1.0
121,134,0.9726953626767939,0.09999999999999998,0.7127518030845416,0.13377731048982838,1.0,0.48,13.087705586543835,2283.6821676444133,0.8,0.4,0.4,1,0.07200000000000005,5.430340400430298,1.0
122,139,0.980593341988431,0.09999999999999998,0.7202465615540656,0.14136679960725146,1.0,0.48,13.671125323956364,2297.3532929683697,0.8,0.4,0.4,1,0.07300000000000005,5.458569572482033,1.0
123,143,0.9831674548860806,0.09999999999999998,0.7126029830495771,0.14426921196005565,1.0,0.48,13.87981670579536,2311.233109674165,0.8,0.4,0.4,1,0.07400000000000005,5.49346511305464,1.0
124,141,0.9758320014895647,0.09999999999999998,0.7195300535555702,0.14256259743357594,1.0,0.48,13.720021300990767,2324.953130975156,0.8,0.4,0.4,1,0.07500000000000005,5.5250431742834465,1.0
125,148,0.975504526463888,0.09999999999999998,0.7146956959495732,0.14858489547874648,1.0,0.48,14.178767758816893,2339.131898733973,0.8,0.4,0.4,1,0.07600000000000005,5.5630064047354395,1.0
126,150,0.9758566490887474,0.09999999999999998,0.7104299734130037,0.14974800766567667,1.0,0.48,14.249010265770085,2353.380908999743,0.8,0.4,0.4,1,0.07700000000000005,5.591247338864937,1.0
127,154,0.9833141216565252,0.09999999999999998,0.7131935230670657,0.1555187939376414,1.0,0.48,14.68809207333673,2368.0690010730796,0.8,0.4,0.4,1,0.07800000000000006,5.621042660852062,1.0
128,155,0.9789671571492916,0.09999999999999998,0.7136831728110591,0.15594367673200324,1.0,0.48,14.699728033766114,2382.7687291068455,0.8,0.4,0.4,1,0.07900000000000006,5.648810784534696,1.0
129,156,0.9753191079751226,0.09999999999999998,0.7127418823668836,0.15615867052878663,1.0,0.48,14.694795385157006,2397.4635244920023,0.8,0.4,0.4,1,0.08000000000000006,5.682472562550268,1.0
130,158,0.9859098090315342,0.09999999999999998,0.7082182351464171,0.15886340666583118,1.0,0.48,14.889261604306588,2412.352786096309,0.8,0.4,0.4,1,0.08100000000000006,5.710565324007795,1.0
131,162,0.9785234517602854,0.09999999999999998,0.7139266038691815,0.16296799075904775,1.0,0.48,15.195933021432031,2427.5487191177413,0.8,0.4,0.4,1,0.08200000000000006,5.756331546892558,1.0
132,162,0.9738338733156755,0.09999999999999998,0.7148963245881383,0.16240726310462603,1.0,0.48,15.129597018320437,2442.6783161360618,0.8,0.4,0.4,1,0.08300000000000006,5.79220898851184,1.0
133,164,0.9829108112710242,0.09999999999999998,0.7128262918631628,0.16546424499101967,1.0,0.48,15.352890354243913,2458.0312064903055,0.8,0.4,0.4,1,0.08400000000000006,5.831303720346369,1.0
134,159,0.9824063853536595,0.09999999999999998,0.7153826614829272,0.16091228540639171,1.0,0.48,14.967682530293622,2472.998889020599,0.8,0.4,0.4,1,0.08500000000000006,5.876312817286486,1.0
135,155,0.9815333944265129,0.09999999999999998,0.7210052306770368,0.15795656679914488,1.0,0.48,14.710382898475586,2487.7092719190746,0.8,0.4,0.4,1,0.08600000000000006,5.9058793036572625,1.0
136,154,0.9872971641742079,0.09999999999999998,0.7218863634411563,0.15805197987861416,1.0,0.48,14.697380186969657,2502.406652106044,0.8,0.4,0.4,1,0.08700000000000006,5.934139306201016,1.0
137,156,0.9802851025388758,0.09999999999999998,0.7229611992788195,0.1592041860938879,1.0,0.48,14.769125763645052,2517.175777869689,0.8,0.4,0.4,1,0.08800000000000006,5.97058286526145,1.0
138,156,0.9781600353831601,0.09999999999999998,0.7216645725744081,0.15857414962515123,1.0,0.48,14.698495883734493,2531.8742737534235,0.8,0.4,0.4,1,0.08900000000000007,6.011720555902193,1.0
139,157,0.9850889657082048,0.09999999999999998,0.7241879015625354,0.16128310063074539,1.0,0.48,14.895185180444305,2546.769458933868,0.8,0.4,0.4,1,0.09000000000000007,6.049698887505186,1.0
140,157,0.9818030298242788,0.09999999999999998,0.7238347690495084,0.16066672932550957,1.0,0.48,14.826049022146005,2561.595507956014,0.8,0.4,0.4,1,0.09100000000000007,6.083364360541293,1.0
141,156,0.9794919335962249,0.09999999999999998,0.7258051865663279,0.1597011419436873,1.0,0.48,14.729172988124377,2576.3246809441384,0.8,0.4,0.4,1,0.09200000000000007,6.128036804367384,1.0
142,162,0.9755824848435256,0.09999999999999998,0.7196230544738751,0.16377460836013205,1.0,0.48,15.035614788255275,2591.3602957323938,0.8,0.4,0.4,1,0.09300000000000007,6.162065752716691,1.0
143,157,0.9818863281074957,0.09999999999999998,0.723255619606471,0.1605517982281526,1.0,0.48,14.75855049765833,2606.118846230052,0.8,0.4,0.4,1,0.09400000000000007,6.194465120867022,1.0
144,156,0.9805526145819149,0.09999999999999998,0.7196786648390215,0.1585245833982849,1.0,0.48,14.577324785103508,2620.6961710151554,0.8,0.4,0.4,1,0.09500000000000007,6.2371539652168515,1.0
145,155,0.976771938954849,0.09999999999999998,0.7201730685425274,0.15700888930207524,1.0,0.48,14.437210071818017,2635.1333810869733,0.8,0.4,0.4,1,0.09600000000000007,6.272390508939803,1.0
146,162,0.9803097195111867,0.09999999999999998,0.716230137431261,0.1637922717376893,1.0,0.48,14.961206294041299,2650.0945873810147,0.8,0.4,0.4,1,0.09700000000000007,6.307330769668726,1.0
147,160,0.974515366245168,0.09999999999999998,0.7142952976048742,0.16037953771452257,1.0,0.48,14.669702479216232,2664.7642898602307,0.8,0.4,0.4,1,0.09800000000000007,6.349806486500035,1.0
148,161,0.9818708996355627,0.09999999999999998,0.708826997840029,0.1613552154204693,1.0,0.48,14.729454129648348,2679.493743989879,0.8,0.4,0.4,1,0.09900000000000007,6.379951149272643,1.0
149,160,0.979999028265107,0.09999999999999998,0.7074023281540739,0.15972562809987076,1.0,0.48,14.5809675148569,2694.074711504736,0.8,0.4,0.4,1,0.10000000000000007,6.41765470220511,1.0
150,159,0.9727141241501422,0.09999999999999998,0.7101769818019411,0.15816538044628645,1.0,0.48,14.438208296870064,2708.512919801606,0.8,0.4,0.4,1,0.10100000000000008,6.455594687495014,1.0
151,164,0.9806209286888072,0.09999999999999998,0.7035535620922586,0.16293135309172063,1.0,0.48,14.80172313093358,2723.3146429325398,0.8,0.4,0.4,1,0.10200000000000008,6.4925154265436325,1.0
152,164,0.9785433221766584,0.09999999999999998,0.7112671554373589,0.16436871207192616,1.0,0.48,14.899126673789358,2738.213769606329,0.8,0.4,0.4,1,0.10300000000000008,6.528641846743789,1.0
153,168,0.9780928063823597,0.09999999999999998,0.7013213282975889,0.16594680118554145,1.0,0.48,15.007963563722786,2753.2217331700517,0.8,0.4,0.4,1,0.10400000000000008,6.571519009188049,1.0
154,164,0.9782215428664361,0.09999999999999998,0.7074835623725987,0.16344058832298664,1.0,0.48,14.790230964473919,2768.0119641345254,0.8,0.4,0.4,1,0.10500000000000008,6.607803855977628,1.0
155,165,0.9815561307468145,0.09999999999999998,0.7088316871843228,0.16531212176187512,1.0,0.48,14.922888068956023,2782.9348522034816,0.8,0.4,0.4,1,0.10600000000000008,6.6435516115694195,1.0
156,163,0.9785950913926759,0.09999999999999998,0.7121439435186734,0.16357650120181536,1.0,0.48,14.767143857898938,2797.7019960613807,0.8,0.4,0.4,1,0.10700000000000008,6.680702090727089,1.0
157,167,0.9808973885304209,0.09999999999999998,0.7097593121369766,0.16742242988923892,1.0,0.48,15.058089787855403,2812.760085849236,0.8,0.4,0.4,1,0.10800000000000008,6.720026649017101,1.0
158,167,0.9806432078540631,0.09999999999999998,0.7123177951664492,0.16798240005093293,1.0,0.48,15.086326601203035,2827.846412450439,0.8,0.4,0.4,1,0.10900000000000008,6.75663138019589,1.0
159,171,0.9838698510615088,0.09999999999999998,0.712970540700413,0.17273002689650468,1.0,0.48,15.44973929496925,2843.296151745408,0.8,0.4,0.4,1,0.11000000000000008,6.799146524610401,1.0
160,168,0.979339875557708,0.09999999999999998,0.7071754250169464,0.16754534723410414,1.0,0.48,15.018734017986306,2858.3148857633946,0.8,0.4,0.4,1,0.11100000000000008,6.847033075515763,1.0
161,175,0.979774241023128,0.09999999999999998,0.6972539824065219,0.17215417583600126,1.0,0.48,15.371367531716581,2873.6862532951113,0.8,0.4,0.4,1,0.11200000000000009,6.883495401083835,1.0
162,175,0.9764117837084522,0.09999999999999998,0.699100180537342,0.1720176328758805,1.0,0.48,15.344532859013983,2889.0307861541255,0.8,0.4,0.4,1,0.11300000000000009,6.922988862043407,1.0
163,176,0.9811683127863333,0.09999999999999998,0.6976545499601471,0.17348387131268736,1.0,0.48,15.446078536442066,2904.4768646905677,0.8,0.4,0.4,1,0.11400000000000009,6.967916495305518,1.0
164,178,0.9847573289387128,0.09999999999999998,0.697291407601478,0.17600541505832926,1.0,0.48,15.632205001164373,2920.109069691732,0.8,0.4,0.4,1,0.11500000000000009,7.005340713441726,1.0
165,184,0.9778302772776551,0.09999999999999998,0.6916254667529504,0.1791904136178641,1.0,0.48,15.871562695704522,2935.980632387437,0.8,0.4,0.4,1,0.11600000000000009,7.055843194742091,1.0
166,180,0.9830492574016725,0.09999999999999998,0.6904286890296317,0.17592562628220978,1.0,0.48,15.595093547082993,2951.5757259345196,0.8,0.4,0.4,1,0.11700000000000009,7.1091893031416715,1.0
167,179,0.9751152498052135,0.09999999999999998,0.6926511792386473,0.1740949002045206,1.0,0.48,15.43350077403462,2967.0092267085543,0.8,0.4,0.4,1,0.11800000000000009,7.164008112609253,1.0
168,178,0.9845330879140224,0.09999999999999998,0.6929577363160534,0.17487171064424095,1.0,0.48,15.480660780256777,2982.489887488811,0.8,0.4,0.4,1,0.11900000000000009,7.217659397216842,1.0
169,183,0.9801517331568769,0.09999999999999998,0.6859655476476316,0.17717775643516323,1.0,0.48,15.650308038878928,2998.1401955276897,0.8,0.4,0.4,1,0.12000000000000009,7.2545315237142525,1.0
170,183,0.9748264874203264,0.09999999999999998,0.6850564573775354,0.17598160216149386,1.0,0.48,15.539928127638763,3013.6801236553283,0.8,0.4,0.4,1,0.1210000000000001,7.282620278759876,1.0
171,181,0.9760283089458812,0.09999999999999998,0.6889285480309809,0.1752579238970574,1.0,0.48,15.467492345284274,3029.1476160006127,0.8,0.4,0.4,1,0.1220000000000001,7.331571864909973,1.0
172,177,0.981671331869221,0.09999999999999998,0.6903124228775708,0.17272195928101527,1.0,0.48,15.250219028393849,3044.3978350290067,0.8,0.4,0.4,1,0.1230000000000001,7.375850265550342,1.0
173,182,0.980849592582136,0.09999999999999998,0.6857657581696572,0.17628367354612245,1.0,0.48,15.520901070403248,3059.91873609941,0.8,0.4,0.4,1,0.1240000000000001,7.415175225678486,1.0
174,181,0.9859359488322339,0.09999999999999998,0.6838244642345369,0.1757253442728078,1.0,0.48,15.462122962413943,3075.380859061824,0.8,0.4,0.4,1,0.12500000000000008,7.453332734550696,1.0
175,178,0.9838835034124331,0.09999999999999998,0.6883661936924202,0.1735983955094095,1.0,0.48,15.27799619099878,3090.658855252823,0.8,0.4,0.4,1,0.12600000000000008,7.496080776346985,1.0
176,176,0.9843309678477741,0.09999999999999998,0.6916138939646219,0.1725361161950547,1.0,0.48,15.179181646537987,3105.8380368993608,0.8,0.4,0.4,1,0.12700000000000009,7.540122206762587,1.0
177,179,0.9851996473469706,0.09999999999999998,0.6957053498045526,0.17667093756382188,1.0,0.48,15.496270974319382,3121.3343078736802,0.8,0.4,0.4,1,0.12800000000000009,7.5782374276890145,1.0
178,186,0.9791641879986487,0.09999999999999998,0.69432434752623,0.18209304242970842,1.0,0.48,15.916478726550727,3137.250786600231,0.8,0.4,0.4,1,0.1290000000000001,7.6148275631002065,1.0
179,189,0.9787168784382256,0.09999999999999998,0.688437576006056,0.18337745498165953,1.0,0.48,16.00580751322525,3153.2565941134562,0.8,0.4,0.4,1,0.1300000000000001,7.668955180212756,1.0
180,186,0.9815687283246213,0.09999999999999998,0.6944182276141417,0.18256489097538958,1.0,0.48,15.9275125143148,3169.184106627771,0.8,0.4,0.4,1,0.1310000000000001,7.70970950212357,1.0
181,190,0.9816070201130574,0.09999999999999998,0.6891289092504078,0.18507775286272365,1.0,0.48,16.11538263021773,3185.299489257989,0.8,0.4,0.4,1,0.1320000000000001,7.755881639088189,1.0
182,188,0.9781430443381589,0.09999999999999998,0.6871109643492883,0.18194896564955612,1.0,0.48,15.852053685612733,3201.1515429436017,0.8,0.4,0.4,1,0.1330000000000001,7.79524219246033,1.0
183,190,0.9761855961234724,0.09999999999999998,0.6804567048727052,0.1817393565249379,1.0,0.48,15.822387600303836,3216.9739305439057,0.8,0.4,0.4,1,0.1340000000000001,7.840092606392893,1.0
184,187,0.9795962928012247,0.09999999999999998,0.6742895985016514,0.1778679468154979,1.0,0.48,15.499907140517626,3232.4738376844234,0.8,0.4,0.4,1,0.1350000000000001,7.879857301789201,1.0
185,180,0.9823481415590459,0.09999999999999998,0.6726786899307999,0.17128056811043676,1.0,0.48,14.960277160400576,3247.434114844824,0.8,0.4,0.4,1,0.1360000000000001,7.914718932526915,1.0
186,176,0.9842249961269786,0.09999999999999998,0.6768602349698525,0.1688373592371947,1.0,0.48,14.752305093084066,3262.186419937908,0.8,0.4,0.4,1,0.1370000000000001,7.963155170435968,1.0
187,172,0.9814944218799356,0.09999999999999998,0.6779082482274436,0.16479714850450725,1.0,0.48,14.416697932213529,3276.6031178701214,0.8,0.4,0.4,1,0.1380000000000001,8.005578601541421,1.0
188,170,0.986511291260479,0.09999999999999998,0.6843111659825786,0.1652597533960767,1.0,0.48,14.44143781331171,3291.044555683433,0.8,0.4,0.4,1,0.1390000000000001,8.045823672185572,1.0
189,168,0.9827309864772571,0.09999999999999998,0.6881950825211692,0.1636130681744411,1.0,0.48,14.29755721607666,3305.3421128995096,0.8,0.4,0.4,1,0.1400000000000001,8.099081116459956,1.0
190,166,0.9754217212763533,0.09999999999999998,0.6872271272346012,0.16023718134853396,1.0,0.48,14.015461923560032,3319.3575748230696,0.8,0.4,0.4,1,0.1410000000000001,8.133460150868329,1.0
191,168,0.9839063187493209,0.09999999999999998,0.6852021018080859,0.1630963380024013,1.0,0.48,14.232287721468447,3333.589862544538,0.8,0.4,0.4,1,0.1420000000000001,8.164658490020864,1.0
192,176,0.9868872417808144,0.09999999999999998,0.6813576188526539,0.17041892088946703,1.0,0.48,14.806304467941386,3348.3961670124795,0.8,0.4,0.4,1,0.1430000000000001,8.208207847869868,1.0
193,177,0.9785963470954792,0.09999999999999998,0.6774319339905128,0.16896821419235902,1.0,0.48,14.678578304100707,3363.07474531658,0.8,0.4,0.4,1,0.1440000000000001,8.243735529245114,1.0
194,175,0.9752702788294865,0.09999999999999998,0.6795256651452373,0.1670057385993329,1.0,0.48,14.510026975119356,3377.584772291699,0.8,0.4,0.4,1,0.1450000000000001,8.288015544539059,1.0
195,167,0.9795698387130434,0.09999999999999998,0.6860531234412734,0.16161144512949688,1.0,0.48,14.06704645662321,3391.6518187483225,0.8,0.4,0.4,1,0.1460000000000001,8.319523289883563,1.0
196,166,0.9795692092443893,0.09999999999999998,0.694087322169861,0.16252486633132524,1.0,0.48,14.128794676487743,3405.7806134248103,0.8,0.4,0.4,1,0.1470000000000001,8.3542151448717,1.0
197,168,0.9854560392908996,0.09999999999999998,0.6875181559217586,0.16390537685429793,1.0,0.48,14.228022619493363,3420.008636044304,0.8,0.4,0.4,1,0.1480000000000001,8.388352429166332,1.0
198,164,0.9752757984436637,0.09999999999999998,0.6839976978709646,0.1575391244423849,1.0,0.48,13.707623666094564,3433.7162597103984,0.8,0.4,0.4,1,0.1490000000000001,8.431494083727868,1.0
199,166,0.9776759384928224,0.09999999999999998,0.6861102653124406,0.16034647765408896,1.0,0.48,13.921220512142993,3447.6374802225414,0.8,0.4,0.4,1,0.1500000000000001,8.460801673580793,1.0
200,168,0.9811895911753217,0.09999999999999998,0.676765040705147,0.1606433021088295,1.0,0.48,13.934085306282773,3461.571565528824,0.8,0.4,0.4,1,0.1510000000000001,8.496989871525125,1.0
201,167,0.9778897343146916,0.09999999999999998,0.6734786335136587,0.15837720424254714,1.0,0.48,13.742025421458996,3475.313590950283,0.8,0.4,0.4,1,0.1520000000000001,8.534170509837452,1.0
202,161,0.9814615444757334,0.09999999999999998,0.6814474865491078,0.15505795428918137,1.0,0.48,13.465820992093963,3488.779411942377,0.8,0.4,0.4,1,0.1530000000000001,8.572297056343446,1.0
203,161,0.9787100928380905,0.09999999999999998,0.6809674499342367,0.1545143389910231,1.0,0.48,13.411772429877137,3502.191184372254,0.8,0.4,0.4,1,0.1540000000000001,8.605160770943831,1.0
204,162,0.9774992945665336,0.09999999999999998,0.6877832031741115,0.1568359159756122,1.0,0.48,13.587043326546405,3515.7782276988005,0.8,0.4,0.4,1,0.1550000000000001,8.63840468708242,1.0
205,161,0.9768184682192064,0.09999999999999998,0.6811681954087929,0.15426115976369684,1.0,0.48,13.370713314861591,3529.148941013662,0.8,0.4,0.4,1,0.1560000000000001,8.668087597551486,1.0
206,162,0.9819952733136367,0.09999999999999998,0.6824941414928177,0.15634566058125834,1.0,0.48,13.527225269292241,3542.676166282954,0.8,0.4,0.4,1,0.1570000000000001,8.701917282402897,1.0
207,158,0.983880184106032,0.09999999999999998,0.6852027349948405,0.1533842900682559,1.0,0.48,13.280171222614578,3555.9563375055686,0.8,0.4,0.4,1,0.1580000000000001,8.728892890003127,1.0
208,159,0.9760900552993504,0.09999999999999998,0.6876797644684788,0.1536865103710034,1.0,0.48,13.294304161406481,3569.2506416669753,0.8,0.4,0.4,1,0.1590000000000001,8.76201338220909,1.0
209,158,0.9792928243888323,0.09999999999999998,0.6884611216382894,0.15339512985694287,1.0,0.48,13.261049283001729,3582.511690949977,0.8,0.4,0.4,1,0.16000000000000011,8.794707224217778,1.0
210,158,0.9792457105721315,0.09999999999999998,0.6845234013257285,0.15251043386368157,1.0,0.48,13.180428296401066,3595.6921192463783,0.8,0.4,0.4,1,0.16100000000000012,8.824544105944486,1.0
211,155,0.9792613406434366,0.09999999999999998,0.6846942527156772,0.1496543973638509,1.0,0.48,12.94219872739519,3608.6343179737737,0.8,0.4,0.4,1,0.16200000000000012,8.853297692421574,1.0
212,152,0.9745909999540857,0.09999999999999998,0.6877481552827667,0.1467093897803356,1.0,0.48,12.696948454716253,3621.33126642849,0.8,0.4,0.4,1,0.16300000000000012,8.890136991196037,1.0
213,150,0.9794528732283533,0.09999999999999998,0.683422210945055,0.1445860471978529,1.0,0.48,12.517527198580803,3633.848793627071,0.8,0.4,0.4,1,0.16400000000000012,8.921196190825686,1.0
214,147,0.9620389462702065,0.09999999999999998,0.6865269965901855,0.13980738115107896,1.0,0.48,12.125775887175182,3645.974569514246,0.8,0.4,0.4,1,0.16500000000000012,8.952697854875083,1.0
215,150,0.9794637637239985,0.09999999999999998,0.6821207479826145,0.1443123119087886,1.0,0.48,12.476803465612388,3658.451372979858,0.8,0.4,0.4,1,0.16600000000000012,8.985747548546358,1.0
216,152,0.9715080151648384,0.09999999999999998,0.6777910724093064,0.14412798408503158,1.0,0.48,12.452784986151254,3670.9041579660093,0.8,0.4,0.4,1,0.16700000000000012,9.019219956591694,1.0
217,149,0.9747712345867235,0.09999999999999998,0.6868421235150609,0.1436509119758925,1.0,0.48,12.405439419123397,3683.3095973851327,0.8,0.4,0.4,1,0.16800000000000012,9.042763815502862,1.0
218,148,0.9789896104494206,0.09999999999999998,0.6890859981080696,0.1437724639618379,1.0,0.48,12.406074919320698,3695.7156723044536,0.8,0.4,0.4,1,0.16900000000000012,9.069328830848404,1.0
219,148,0.9835038453936894,0.09999999999999998,0.7021900952998009,0.14718209115003533,1.0,0.48,12.669845717787751,3708.3855180222413,0.8,0.4,0.4,1,0.17000000000000012,9.104200675333356,1.0
220,148,0.9891299127828194,0.09999999999999998,0.7021800128451082,0.14802191095647096,1.0,0.48,12.728122370699353,3721.113640392941,0.8,0.4,0.4,1,0.17100000000000012,9.122991573217574,1.0
221,149,0.9684938632623042,0.09999999999999998,0.6995749875310023,0.14537171270163055,1.0,0.48,12.507287230811519,3733.6209276237523,0.8,0.4,0.4,1,0.17200000000000013,9.1559978244167,1.0
222,151,0.9770660866541032,0.09999999999999998,0.6924104757290284,0.14710485582102095,1.0,0.48,12.637205863354772,3746.258133487107,0.8,0.4,0.4,1,0.17300000000000013,9.187682848191901,1.0
223,146,0.9701209866725392,0.09999999999999998,0.6911516721587884,0.14096607602647482,1.0,0.48,12.137460188404333,3758.3955936755115,0.8,0.4,0.4,1,0.17400000000000013,9.216099672174193,1.0
224,148,0.9802663737527417,0.09999999999999998,0.6873792909730448,0.14360341123198342,1.0,0.48,12.339886791563197,3770.7354804670745,0.8,0.4,0.4,1,0.17500000000000013,9.23890501194105,1.0
225,145,0.9824874161054064,0.09999999999999998,0.6860951386102674,0.14074787057857044,1.0,0.48,12.102970357681395,3782.838450824756,0.8,0.4,0.4,1,0.17600000000000013,9.262209463278369,1.0
226,146,0.964004522902512,0.09999999999999998,0.6873645321278355,0.13930975815362548,1.0,0.48,11.979531840533078,3794.817982665289,0.8,0.4,0.4,1,0.17700000000000013,9.288524664180281,1.0
227,143,0.971179379639315,0.09999999999999998,0.684263031237654,0.13684251874293038,1.0,0.48,11.773847211365046,3806.591829876654,0.8,0.4,0.4,1,0.17800000000000013,9.30991924704777,1.0
228,147,0.9720797394324583,0.09999999999999998,0.6775687545199571,0.13942321369369384,1.0,0.48,11.9720781566885,3818.5639080333426,0.8,0.4,0.4,1,0.17900000000000013,9.333006965845799,1.0
229,142,0.9769795520392924,0.09999999999999998,0.6863004116323624,0.13710414032406343,1.0,0.48,11.778411216971225,3830.3423192503137,0.8,0.4,0.4,1,0.18000000000000013,9.36051735699192,1.0
230,140,0.97224482756613,0.09999999999999998,0.7040411200882305,0.13799526801976875,1.0,0.48,11.841640173130688,3842.1839594234443,0.8,0.4,0.4,1,0.18100000000000013,9.395398522698061,1.0
231,142,0.9746795859721312,0.09999999999999998,0.7046947625768882,0.14044741505045888,1.0,0.48,12.029830390912194,3854.2137898143565,0.8,0.4,0.4,1,0.18200000000000013,9.424070625384811,1.0
232,149,0.971042854901866,0.09999999999999998,0.7000533654722851,0.145853986997071,1.0,0.48,12.454452924478847,3866.6682427388355,0.8,0.4,0.4,1,0.18300000000000013,9.457857314288095,1.0
233,152,0.9791681932933815,0.09999999999999998,0.7051287533633209,0.15112343003822862,1.0,0.48,12.86818391060642,3879.536426649442,0.8,0.4,0.4,1,0.18400000000000014,9.490182158524485,1.0
234,162,0.9775932493503537,0.09999999999999998,0.6990406706405958,0.15941828935240368,1.0,0.48,13.524024892948402,3893.0604515423906,0.8,0.4,0.4,1,0.18500000000000014,9.530175939608561,1.0
235,166,0.9782292013799754,0.09999999999999998,0.6978801383177462,0.16318943602657285,1.0,0.48,13.818047533950171,3906.8784990763406,0.8,0.4,0.4,1,0.18600000000000014,9.563976482200818,1.0
236,169,0.9730946450027723,0.09999999999999998,0.6997285192621433,0.16570432898409765,1.0,0.48,14.01164656147653,3920.890145637817,0.8,0.4,0.4,1,0.18700000000000014,9.603512522856812,1.0
237,165,0.9822755012473511,0.09999999999999998,0.6991375605516108,0.16317077778104808,1.0,0.48,13.801447495987848,3934.691593133805,0.8,0.4,0.4,1,0.18800000000000014,9.6502701921862,1.0
238,162,0.9768474215158316,0.09999999999999998,0.7037884409277569,0.16037858254707948,1.0,0.48,13.570631651565678,3948.2622247853706,0.8,0.4,0.4,1,0.18900000000000014,9.683770856082209,1.0
239,168,0.9827827305285312,0.09999999999999998,0.7001107860354912,0.16645469863013176,1.0,0.48,14.04935174195167,3962.3115765273224,0.8,0.4,0.4,1,0.19000000000000014,9.726094847056116,1.0
240,168,0.978562002901505,0.09999999999999998,0.7061738555845632,0.16717516361703558,1.0,0.48,14.09969483672259,3976.4112713640448,0.8,0.4,0.4,1,0.19100000000000014,9.771150923242311,1.0
241,163,0.9764537047904055,0.09999999999999998,0.7073871319589973,0.16212833002476695,1.0,0.48,13.688728664322865,3990.1000000283675,0.8,0.4,0.4,1,0.19200000000000014,9.81143421125956,1.0
242,166,0.9770043128600747,0.09999999999999998,0.7083524278078837,0.16543082963645622,1.0,0.48,13.945778092925252,4004.0457781212926,0.8,0.4,0.4,1,0.19300000000000014,9.849326728513796,1.0
243,168,0.9777635300259355,0.09999999999999998,0.7057535672916505,0.16693933921865967,1.0,0.48,14.059380088791368,4018.105158210084,0.8,0.4,0.4,1,0.19400000000000014,9.903987330633617,1.0
244,165,0.9852031121960081,0.09999999999999998,0.7151199470359801,0.1673983232253982,1.0,0.48,14.089090897967976,4032.194249108052,0.8,0.4,0.4,1,0.19500000000000015,9.938846477328427,1.0
245,166,0.9843478033340433,0.09999999999999998,0.7173223112569552,0.1687848630726743,1.0,0.48,14.193075502318777,4046.387324610371,0.8,0.4,0.4,1,0.19600000000000015,9.973427686945644,1.0
246,169,0.98171051974689,0.09999999999999998,0.7223248767507718,0.17256996604887456,1.0,0.48,14.489013333780706,4060.8763379441516,0.8,0.4,0.4,1,0.19700000000000015,10.012767640435916,1.0
247,175,0.9852054600050526,0.09999999999999998,0.7167497689332708,0.17794873802422537,1.0,0.48,14.912512532029876,4075.7888504761813,0.8,0.4,0.4,1,0.19800000000000015,10.05692921415194,1.0
248,173,0.9833925645000545,0.09999999999999998,0.7162995327393124,0.17548103341435914,1.0,0.48,14.708363973826229,4090.4972144500075,0.8,0.4,0.4,1,0.19900000000000015,10.0990297458295,1.0
249,173,0.9864738607537474,0.09999999999999998,0.7197986230120473,0.1768907766285664,1.0,0.48,14.814476922874137,4105.311691372882,0.8,0.4,0.4,1,0.20000000000000015,10.138160781023538,1.0
250,175,0.9808866805743928,0.09999999999999998,0.7227045198683867,0.17864059185751263,1.0,0.48,14.947861758935554,4120.2595531318175,0.8,0.4,0.4,1,0.20100000000000015,10.184271946581818,1.0
251,172,0.9820616573252199,0.09999999999999998,0.7264908944113454,0.1767094884131521,1.0,0.48,14.786840126023023,4135.0463932578405,0.8,0.4,0.4,1,0.20200000000000015,10.239005660058984,1.0
252,175,0.9764641291828026,0.09999999999999998,0.7232852301609632,0.17797804476981677,1.0,0.48,14.881855103559202,4149.9282483614,0.8,0.4,0.4,1,0.20300000000000015,10.277779606436962,1.0
253,181,0.9827223628605416,0.09999999999999998,0.717067640265002,0.18366737968042857,1.0,0.48,15.330595297198595,4165.258843658598,0.8,0.4,0.4,1,0.20400000000000015,10.324976883012022,1.0
254,182,0.9824010648573392,0.09999999999999998,0.7127740820961712,0.183516282921926,1.0,0.48,15.312166670199014,4180.5710103287975,0.8,0.4,0.4,1,0.20500000000000015,10.376566338669756,1.0
255,186,0.9838648676696379,0.09999999999999998,0.7053319574239992,0.1858679250184341,1.0,0.48,15.494019384630992,4196.065029713429,0.8,0.4,0.4,1,0.20600000000000016,10.420440319913265,1.0
256,191,0.9825070730098193,0.09999999999999998,0.7032746787393429,0.1900450340796262,1.0,0.48,15.821971253028726,4211.887000966458,0.8,0.4,0.4,1,0.20700000000000016,10.464717608584529,1.0
257,191,0.9806505268114915,0.09999999999999998,0.7015112889521562,0.1892103066422666,1.0,0.48,15.749039798803397,4227.636040765261,0.8,0.4,0.4,1,0.20800000000000016,10.513318555237989,1.0
258,198,0.9834937335369212,0.09999999999999998,0.6983617073874473,0.19583021356649924,1.0,0.48,16.272537754766034,4243.908578520027,0.8,0.4,0.4,1,0.20900000000000016,10.556881863744906,1.0
259,194,0.9887941678735378,0.09999999999999998,0.6952318542329892,0.19204357441015316,1.0,0.48,15.963576320080495,4259.872154840107,0.8,0.4,0.4,1,0.21000000000000016,10.618460475858072,1.0
260,194,0.9871014042938154,0.09999999999999998,0.7044999989008577,0.1942705584267342,1.0,0.48,16.135762574417377,4276.007917414525,0.8,0.4,0.4,1,0.21100000000000016,10.676439511341597,1.0
261,195,0.9813576343176168,0.09999999999999998,0.7063911524566466,0.19465683595799207,1.0,0.48,16.16075233188424,4292.168669746409,0.8,0.4,0.4,1,0.21200000000000016,10.738391652442202,1.0
262,197,0.9861429384871375,0.09999999999999998,0.7039397543629818,0.19692646260973726,1.0,0.48,16.33646829618607,4308.505138042596,0.8,0.4,0.4,1,0.21300000000000016,10.795350507710102,1.0
263,200,0.9862079194528605,0.09999999999999998,0.7047006607686218,0.2001546352781794,1.0,0.48,16.58892579893087,4325.094063841527,0.8,0.4,0.4,1,0.21400000000000016,10.845292491102592,1.0
264,202,0.9858935883821709,0.09999999999999998,0.698902282865156,0.20042890916493422,1.0,0.48,16.605130094021934,4341.6991939355485,0.8,0.4,0.4,1,0.21500000000000016,10.8971187763278,1.0
265,200,0.9850696383295793,0.09999999999999998,0.6969125358126766,0.19771412532489888,1.0,0.48,16.382267903175478,4358.081461838724,0.8,0.4,0.4,1,0.21600000000000016,10.947740738968559,1.0
266,196,0.9811752751419883,0.09999999999999998,0.6985979157194104,0.19346056189235128,1.0,0.48,16.036360374276907,4374.117822213001,0.8,0.4,0.4,1,0.21700000000000016,10.996981847741054,1.0
267,204,0.9757976480295609,0.09999999999999998,0.6981931962323048,0.20013730108669417,1.0,0.48,16.564929161374288,4390.682751374376,0.8,0.4,0.4,1,0.21800000000000017,11.061568601219358,1.0
268,211,0.9839179530738142,0.09999999999999998,0.6961205392338191,0.20810776272152712,1.0,0.48,17.197050838506645,4407.879802212882,0.8,0.4,0.4,1,0.21900000000000017,11.104111281541792,1.0
269,211,0.9826045718002147,0.09999999999999998,0.697151527661183,0.2081377767239534,1.0,0.48,17.19399423924575,4425.073796452128,0.8,0.4,0.4,1,0.22000000000000017,11.158854375294746,1.0
270,209,0.9895330368620022,0.09999999999999998,0.6977368004528693,0.20779290079523058,1.0,0.48,17.16100097302998,4442.234797425158,0.8,0.4,0.4,1,0.22100000000000017,11.210753853232719,1.0
271,201,0.985807401822471,0.09999999999999998,0.6964739118293847,0.19872635994574459,1.0,0.48,16.4303312191501,4458.665128644308,0.8,0.4,0.4,1,0.22200000000000017,11.268159207595348,1.0
272,201,0.9874752513704621,0.09999999999999998,0.6951387087828078,0.19868095657399812,1.0,0.48,16.42140258782898,4475.0865312321375,0.8,0.4,0.4,1,0.22300000000000017,11.322841202401678,1.0
273,206,0.9768315163304797,0.09999999999999998,0.6930251217526545,0.20081601905842472,1.0,0.48,16.586963028488057,4491.673494260625,0.8,0.4,0.4,1,0.22400000000000017,11.372244975167913,1.0
274,205,0.9867400841351738,0.09999999999999998,0.6895106143201856,0.20084456322030386,1.0,0.48,16.58405513855591,4508.257549399182,0.8,0.4,0.4,1,0.22500000000000017,11.426522853255337,1.0
275,196,0.9815238239661419,0.09999999999999998,0.6906067164940677,0.1913155218217035,1.0,0.48,15.816595252002767,4524.074144651185,0.8,0.4,0.4,1,0.22600000000000017,11.482139681793104,1.0
276,195,0.9874660884835263,0.09999999999999998,0.6932176530786752,0.1922157219584149,1.0,0.48,15.883522287434985,4539.95766693862,0.8,0.4,0.4,1,0.22700000000000017,11.539686552632299,1.0
277,195,0.9860870467282585,0.09999999999999998,0.6941043101759116,0.19219279323143568,1.0,0.48,15.876649896404434,4555.834316835024,0.8,0.4,0.4,1,0.22800000000000017,11.602162565917524,1.0
278,199,0.9770072648610135,0.09999999999999998,0.6911822008941217,0.19351111145993297,1.0,0.48,15.97712684118331,4571.811443676207,0.8,0.4,0.4,1,0.22900000000000018,11.66131997465333,1.0
279,201,0.980045871397553,0.09999999999999998,0.6882639602322354,0.19523603632913805,1.0,0.48,16.110181930903433,4587.92162560711,0.8,0.4,0.4,1,0.23000000000000018,11.708942315909264,1.0
280,201,0.9859203712211339,0.09999999999999998,0.6882548946446899,0.19640371502274312,1.0,0.48,16.19870668920547,4604.120332296316,0.8,0.4,0.4,1,0.23100000000000018,11.760887950616956,1.0
281,198,0.9811333784985669,0.09999999999999998,0.6899293267688913,0.1930013465428869,1.0,0.48,15.921677814177626,4620.042010110493,0.8,0.4,0.4,1,0.23200000000000018,11.823736412275727,1.0
282,190,0.9818640569669971,0.09999999999999998,0.6904204942454136,0.18547318486607414,1.0,0.48,15.314635152920967,4635.356645263414,0.8,0.4,0.4,1,0.23300000000000018,11.87956513422436,1.0
283,189,0.9829178682789562,0.09999999999999998,0.6877636183205145,0.1839842831149786,1.0,0.48,15.190778854183296,4650.547424117597,0.8,0.4,0.4,1,0.23400000000000018,11.934312787299225,1.0
284,187,0.9774442933034682,0.09999999999999998,0.6886221677183563,0.18124962351939763,1.0,0.48,14.967309511703435,4665.5147336293,0.8,0.4,0.4,1,0.23500000000000018,11.976306787627347,1.0
285,186,0.9793104522965905,0.09999999999999998,0.6923181760858945,0.18159402710157696,1.0,0.48,14.990210955302107,4680.5049445846025,0.8,0.4,0.4,1,0.23600000000000018,12.02399731351164,1.0
286,188,0.9817123986548894,0.09999999999999998,0.6911995758951472,0.18369954489173504,1.0,0.48,15.154047198359017,4695.6589917829615,0.8,0.4,0.4,1,0.23700000000000018,12.066663519224774,1.0
287,185,0.9840010857058505,0.09999999999999998,0.6926818517899359,0.18157815853755357,1.0,0.48,14.979778407172862,4710.638770190134,0.8,0.4,0.4,1,0.23800000000000018,12.123680588348655,1.0
288,189,0.981577832661701,0.09999999999999998,0.6919421263694366,0.18484972555073562,1.0,0.48,15.236989306462705,4725.875759496596,0.8,0.4,0.4,1,0.23900000000000018,12.160188701531068,1.0
289,193,0.9763303896490739,0.09999999999999998,0.6856244113991511,0.18603852207222277,1.0,0.48,15.32762417635684,4741.203383672953,0.8,0.4,0.4,1,0.24000000000000019,12.211742231950332,1.0
290,181,0.9866216343720762,0.09999999999999998,0.6914724384735743,0.17781425538332793,1.0,0.48,14.665261906588206,4755.868645579541,0.8,0.4,0.4,1,0.2410000000000002,12.266887725381324,1.0
291,178,0.9782925277404871,0.09999999999999998,0.690519036031685,0.17315175045859252,1.0,0.48,14.287883168274545,4770.156528747816,0.8,0.4,0.4,1,0.2420000000000002,12.307072281721146,1.0
292,179,0.9744439770416394,0.09999999999999998,0.6910583774287234,0.17357498436507288,1.0,0.48,14.317405374547873,4784.473934122364,0.8,0.4,0.4,1,0.2430000000000002,12.339133598035042,1.0
293,187,0.9824853362845776,0.09999999999999998,0.6845155749590892,0.181097939920346,1.0,0.48,14.914946080002695,4799.388880202367,0.8,0.4,0.4,1,0.2440000000000002,12.376882573451928,1.0
294,189,0.9831509153782891,0.09999999999999998,0.6905603669644362,0.18477624348727914,1.0,0.48,15.2049586246201,4814.593838826987,0.8,0.4,0.4,1,0.2450000000000002,12.430403114201942,1.0
295,188,0.9786598045888756,0.09999999999999998,0.6961881400044269,0.18445002281585154,1.0,0.48,15.17465287722884,4829.768491704216,0.8,0.4,0.4,1,0.2460000000000002,12.469041826455943,1.0
296,178,0.9792034151430303,0.09999999999999998,0.6968812975182884,0.1749098322335522,1.0,0.48,14.407274693270441,4844.175766397487,0.8,0.4,0.4,1,0.2470000000000002,12.511701271026332,1.0
297,176,0.9793586880794529,0.09999999999999998,0.6980926990492482,0.1732726575103306,1.0,0.48,14.272176454976076,4858.447942852463,0.8,0.4,0.4,1,0.2480000000000002,12.566684924760546,1.0
298,175,0.9853372223524632,0.09999999999999998,0.695217617148044,0.17262599654441027,1.0,0.48,14.216360065944913,4872.664302918408,0.8,0.4,0.4,1,0.2490000000000002,12.612229558008956,1.0
299,174,0.9862303099733956,0.09999999999999998,0.691135236182787,0.1707863359237214,1.0,0.48,14.06514471020907,4886.729447628617,0.8,0.4,0.4,1,0.25000000000000017,12.64524015843618,1.0
