phi,alpha,reproduction_rate,successor_capability,survived,collapsed,extinct,final_population,final_ai_generation,runaway_term_mean,runaway_term_max,final_avg_U_sys,final_avg_L_t
1.0,0.1,0.06,4.0,False,True,False,40,2,0.0,0.0,0.0,0.0
1.0,0.1,0.06,4.0,False,True,False,22,2,0.0,0.0,0.0,0.0
1.0,0.1,0.06,4.0,False,True,False,96,2,0.0,0.0,0.0,0.0
1.0,0.1,0.06,4.0,False,True,False,18,2,0.0,0.0,0.0,0.0
1.0,0.1,0.06,4.0,False,True,False,18,2,0.0,0.0,0.0,0.0
1.0,0.1,0.06,4.0,False,True,False,88,2,0.0,0.0,0.0,0.0
1.0,0.1,0.066,4.0,True,False,False,180,2,0.0,0.0,21.176511467823797,2.594446817889997
1.0,0.1,0.06,4.0,False,True,False,83,2,0.0,0.0,0.0,0.0
1.0,0.1,0.06,4.0,False,True,False,59,2,0.0,0.0,0.0,0.0
1.0,0.1,0.06,4.0,False,True,False,85,2,0.0,0.0,0.0,0.0
1.0,0.1,0.066,4.0,True,False,False,167,2,0.0,0.0,18.913914073107808,2.3116214355233224
1.0,0.1,0.06,4.0,True,False,False,201,2,0.0,0.0,23.816614595153307,2.9244605335815463
1.0,0.1,0.066,4.0,True,False,False,229,2,0.0,0.0,27.920340022038733,3.4374274965336236
1.0,0.1,0.066,4.0,True,False,False,257,2,0.0,0.0,30.09431427778231,3.7091749564537286
1.0,0.1,0.066,4.0,True,False,False,336,2,0.0,0.0,39.286862401897515,4.858246342171599
1.0,0.1,0.066,4.0,True,False,False,361,2,0.0,0.0,41.28008340152512,5.107399595517078
1.0,0.1,0.066,4.0,True,False,False,192,2,0.0,0.0,23.387417723371634,2.8708107917573016
1.0,0.1,0.066,4.0,True,False,False,234,2,0.0,0.0,28.971335966280044,3.568802317314301
1.0,0.1,0.066,4.0,True,False,False,356,2,0.0,0.0,41.7295318685887,5.163580795364312
1.0,0.1,0.066,4.0,True,False,False,433,2,0.0,0.0,49.63408386225854,6.1516522592426375
1.0,0.1,0.08,4.0,True,False,False,1777,2,0.0,0.0,116.22041340154817,14.47496424967162
1.0,0.1,0.08,4.0,True,False,False,1895,2,0.0,0.0,116.37720103666649,14.494562751447015
1.0,0.1,0.08,4.0,True,False,False,1860,2,0.0,0.0,116.28327238364973,14.48282164059215
1.0,0.1,0.08,4.0,True,False,False,1735,2,0.0,0.0,115.23901436724793,14.352289064681884
1.0,0.1,0.08,4.0,True,False,False,1494,2,0.0,0.0,115.66840622847744,14.405963182183442
1.0,0.1,0.08,4.0,True,False,False,1888,2,0.0,0.0,116.00264030880876,14.447742544851488
1.0,0.1,0.08,4.0,True,False,False,1757,2,0.0,0.0,115.79707565972535,14.422046897935198
1.0,0.1,0.08,4.0,True,False,False,1582,2,0.0,0.0,116.37669333232343,14.494499290261013
1.0,0.1,0.08,4.0,True,False,False,1852,2,0.0,0.0,115.19066393141433,14.346245242575696
1.0,0.1,0.08,4.0,True,False,False,1971,2,0.0,0.0,116.75652972468447,14.54197895683077
1.0,0.5,0.06,4.0,False,True,False,36,2,0.0,0.0,0.0,0.0
1.0,0.5,0.06,4.0,False,True,False,139,2,0.0,0.0,0.0,0.0
1.0,0.5,0.06,4.0,False,True,False,49,2,0.0,0.0,0.0,0.0
1.0,0.5,0.06,4.0,False,True,False,64,2,0.0,0.0,0.0,0.0
1.0,0.5,0.06,4.0,False,True,False,75,2,0.0,0.0,0.0,0.0
1.0,0.5,0.06,4.0,False,True,False,49,2,0.0,0.0,0.0,0.0
1.0,0.5,0.06,4.0,False,True,False,90,2,0.0,0.0,0.0,0.0
1.0,0.5,0.06,4.0,False,True,False,110,2,0.0,0.0,0.0,0.0
1.0,0.5,0.06,4.0,False,True,False,69,2,0.0,0.0,0.0,0.0
1.0,0.5,0.06,4.0,False,True,False,96,2,0.0,0.0,0.0,0.0
1.0,0.5,0.066,4.0,False,True,False,157,2,0.0,0.0,0.0,0.0
1.0,0.5,0.066,4.0,True,False,False,331,2,0.0,0.0,38.141031859250255,4.715017171057448
1.0,0.5,0.066,4.0,False,True,False,159,2,0.0,0.0,0.0,0.0
1.0,0.5,0.066,4.0,True,False,False,365,2,0.0,0.0,41.11200107649154,5.086389250311069
1.0,0.5,0.066,4.0,True,False,False,300,2,0.0,0.0,35.22668559516515,4.35072297330308
1.0,0.5,0.066,4.0,True,False,False,212,2,0.0,0.0,23.376298081425595,2.8694208331992073
1.0,0.5,0.066,4.0,True,False,False,278,2,0.0,0.0,31.8428790389045,3.927746099898152
1.0,0.5,0.066,4.0,True,False,False,266,2,0.0,0.0,30.37361289581488,3.744087369509733
1.0,0.5,0.066,4.0,False,True,False,189,2,0.0,0.0,0.0,0.0
1.0,0.5,0.066,4.0,True,False,False,336,2,0.0,0.0,38.131668030302464,4.713846687091669
1.0,0.5,0.08,4.0,True,False,False,1711,2,0.0,0.0,115.86726321635099,14.430820365914139
1.0,0.5,0.08,4.0,True,False,False,1938,2,0.0,0.0,115.83536995028192,14.426833694908495
1.0,0.5,0.08,4.0,True,False,False,1755,2,0.0,0.0,116.04267676673449,14.452747113046698
1.0,0.5,0.08,4.0,True,False,False,1895,2,0.0,0.0,116.74425031580208,14.540444025813915
1.0,0.5,0.08,4.0,True,False,False,1481,2,0.0,0.0,116.45730651198933,14.504575967899559
1.0,0.5,0.08,4.0,True,False,False,1790,2,0.0,0.0,115.70724734082619,14.410818330316584
1.0,0.5,0.08,4.0,True,False,False,1914,2,0.0,0.0,116.24344247788687,14.477842890824594
1.0,0.5,0.08,4.0,True,False,False,1793,2,0.0,0.0,115.75021248666492,14.416188985028082
1.0,0.5,0.08,4.0,True,False,False,1714,2,0.0,0.0,116.20523543763355,14.47306699850518
1.0,0.5,0.08,4.0,True,False,False,1779,2,0.0,0.0,116.29079283827761,14.48376170023523
1.0,1.0,0.06,4.0,False,True,False,49,2,0.0,0.0,0.0,0.0
1.0,1.0,0.06,4.0,False,True,False,25,2,0.0,0.0,0.0,0.0
1.0,1.0,0.06,4.0,False,True,False,79,2,0.0,0.0,0.0,0.0
1.0,1.0,0.06,4.0,False,True,False,86,2,0.0,0.0,0.0,0.0
1.0,1.0,0.06,4.0,False,True,False,85,2,0.0,0.0,0.0,0.0
1.0,1.0,0.06,4.0,False,True,False,92,2,0.0,0.0,0.0,0.0
1.0,1.0,0.06,4.0,False,True,False,50,2,0.0,0.0,0.0,0.0
1.0,1.0,0.06,4.0,False,True,False,48,2,0.0,0.0,0.0,0.0
1.0,1.0,0.06,4.0,False,True,False,125,2,0.0,0.0,0.0,0.0
1.0,1.0,0.06,4.0,False,True,False,13,2,0.0,0.0,0.0,0.0
1.0,1.0,0.066,4.0,False,True,False,179,2,0.0,0.0,0.0,0.0
1.0,1.0,0.066,4.0,True,False,False,292,2,0.0,0.0,32.466536700406024,4.0057035013158195
1.0,1.0,0.066,4.0,True,False,False,278,2,0.0,0.0,33.56508269157389,4.1430220917712015
1.0,1.0,0.066,4.0,True,False,False,322,2,0.0,0.0,37.93239678493301,4.688937717034263
1.0,1.0,0.066,4.0,True,False,False,396,2,0.0,0.0,46.89666667573945,5.809474256818646
1.0,1.0,0.066,4.0,True,False,False,251,2,0.0,0.0,28.74699548540213,3.5407596885253745
1.0,1.0,0.066,4.0,True,False,False,353,2,0.0,0.0,40.86924523328151,5.056044691297223
1.0,1.0,0.066,4.0,True,False,False,318,2,0.0,0.0,39.86290000196177,4.930251223195872
1.0,1.0,0.066,4.0,True,False,False,253,2,0.0,0.0,29.63583224329808,3.6518645630342457
1.0,1.0,0.066,4.0,True,False,False,348,2,0.0,0.0,40.01894628291437,4.949757055128958
1.0,1.0,0.08,4.0,True,False,False,1677,2,0.0,0.0,116.73110762405865,14.53880118754563
1.0,1.0,0.08,4.0,True,False,False,1755,2,0.0,0.0,116.88042651858908,14.557466096172371
1.0,1.0,0.08,4.0,True,False,False,1983,2,0.0,0.0,116.36493988675552,14.493030102546246
1.0,1.0,0.08,4.0,True,False,False,1839,2,0.0,0.0,115.50629515652807,14.385699242317054
1.0,1.0,0.08,4.0,True,False,False,1891,2,0.0,0.0,116.05088596185722,14.453773266267941
1.0,1.0,0.08,4.0,True,False,False,1881,2,0.0,0.0,116.18862558503233,14.470990762857529
1.0,1.0,0.08,4.0,True,False,False,1787,2,0.0,0.0,115.45213031645002,14.378928623219679
1.0,1.0,0.08,4.0,True,False,False,1883,2,0.0,0.0,115.7349541776122,14.414281694693054
1.0,1.0,0.08,4.0,True,False,False,1867,2,0.0,0.0,115.60562332959228,14.398115297291051
1.0,1.0,0.08,4.0,True,False,False,1779,2,0.0,0.0,116.30218038669508,14.485185145549016
1.0,2.0,0.06,4.0,False,True,False,19,2,0.0,0.0,0.0,0.0
1.0,2.0,0.06,4.0,False,True,False,87,2,0.0,0.0,0.0,0.0
1.0,2.0,0.06,4.0,False,True,False,49,2,0.0,0.0,0.0,0.0
1.0,2.0,0.06,4.0,False,True,False,80,2,0.0,0.0,0.0,0.0
1.0,2.0,0.06,4.0,False,True,False,136,2,0.0,0.0,0.0,0.0
1.0,2.0,0.06,4.0,False,True,False,40,2,0.0,0.0,0.0,0.0
1.0,2.0,0.06,4.0,False,True,False,56,2,0.0,0.0,0.0,0.0
1.0,2.0,0.06,4.0,False,True,False,114,2,0.0,0.0,0.0,0.0
1.0,2.0,0.06,4.0,False,True,False,85,2,0.0,0.0,0.0,0.0
1.0,2.0,0.06,4.0,False,True,False,94,2,0.0,0.0,0.0,0.0
1.0,2.0,0.066,4.0,True,False,False,313,2,0.0,0.0,38.183304660839596,4.720301280556778
1.0,2.0,0.066,4.0,False,True,False,239,2,0.0,0.0,0.0,0.0
1.0,2.0,0.066,4.0,True,False,False,304,2,0.0,0.0,35.08419158843499,4.332911180379822
1.0,2.0,0.066,4.0,True,False,False,306,2,0.0,0.0,35.35827912601017,4.36717220361883
1.0,2.0,0.066,4.0,True,False,False,335,2,0.0,0.0,39.74739760012311,4.915813388788477
1.0,2.0,0.066,4.0,True,False,False,273,2,0.0,0.0,32.00195477679931,3.947630611791213
1.0,2.0,0.066,4.0,True,False,False,342,2,0.0,0.0,40.483512156391825,5.007827938845988
1.0,2.0,0.066,4.0,True,False,False,210,2,0.0,0.0,25.875042299576325,3.181764642543898
1.0,2.0,0.066,4.0,True,False,False,247,2,0.0,0.0,27.757723174369584,3.4171003389166303
1.0,2.0,0.066,4.0,True,False,False,337,2,0.0,0.0,39.89944020068327,4.9348187622727036
1.0,2.0,0.08,4.0,True,False,False,2033,2,0.0,0.0,116.19445260341006,14.471719139810713
1.0,2.0,0.08,4.0,True,False,False,1895,2,0.0,0.0,116.39664993136736,14.496993869415068
1.0,2.0,0.08,4.0,True,False,False,1918,2,0.0,0.0,116.39705880831937,14.49704497928405
1.0,2.0,0.08,4.0,True,False,False,1898,2,0.0,0.0,115.01520008742332,14.324312205840481
1.0,2.0,0.08,4.0,True,False,False,1631,2,0.0,0.0,116.43239680682748,14.501462241770804
1.0,2.0,0.08,4.0,True,False,False,1883,2,0.0,0.0,116.22777906809297,14.475884958051049
1.0,2.0,0.08,4.0,True,False,False,1900,2,0.0,0.0,115.8183318059605,14.424703923526687
1.0,2.0,0.08,4.0,True,False,False,1933,2,0.0,0.0,116.49584931832865,14.509393822789036
1.0,2.0,0.08,4.0,True,False,False,1876,2,0.0,0.0,116.1292570609487,14.463569677434426
1.0,2.0,0.08,4.0,True,False,False,1900,2,0.0,0.0,116.05281431234832,14.454014310733655
10.0,0.1,0.06,4.0,False,True,False,75,187,0.031247956647886058,4.822909740829154,0.0,0.0
10.0,0.1,0.06,4.0,False,True,False,76,247,0.04866149605860714,2.653512064193487,0.0,0.0
10.0,0.1,0.06,4.0,False,True,False,135,300,0.030231560290063714,4.665240317300183,0.0,0.0
10.0,0.1,0.06,4.0,False,True,False,155,281,0.18098579896203298,4.152276100530118,0.0,0.0
10.0,0.1,0.06,4.0,False,True,False,33,242,0.0551742029879185,4.47273645005144,0.0,0.0
10.0,0.1,0.06,4.0,True,False,False,169,291,0.10100853693145527,4.1608386110770805,3.338564436158484e+52,6.677135674874044e+50
10.0,0.1,0.06,4.0,True,False,False,212,299,0.02278827065950145,2.6124043026156087,1.0641696845498871e+54,2.1283415276654885e+52
10.0,0.1,0.06,4.0,True,False,False,166,300,0.029966281653563572,4.6324905984766165,1.2603917865789122e+54,2.520786135282996e+52
10.0,0.1,0.06,4.0,False,True,False,120,291,0.0986529615969536,4.139563093504587,0.0,0.0
10.0,0.1,0.06,4.0,False,True,False,155,287,0.13024666372451005,4.127509877587138,0.0,0.0
10.0,0.1,0.066,4.0,True,False,False,466,299,0.03750860809583515,4.501791775098086,2.3534772340756798e+54,4.7069592035010207e+52
10.0,0.1,0.066,4.0,True,False,False,502,294,0.07933245954863657,4.362149808138734,3.241609728453465e+53,6.483225975028787e+51
10.0,0.1,0.066,4.0,True,False,False,464,296,0.04765763222532939,2.6184618368903836,6.806730725693877e+53,1.3613475148461148e+52
10.0,0.1,0.066,4.0,True,False,False,461,291,0.10335766436834123,4.270936904837206,9.411077723532031e+52,1.8822174367421825e+51
10.0,0.1,0.066,4.0,True,False,False,403,298,0.0469480856920715,4.527379797464053,1.3497178783826339e+54,2.6994384755094775e+52
10.0,0.1,0.066,4.0,True,False,False,396,289,0.11494367904920047,4.108615954209699,3.376279151319548e+52,6.752565104606187e+50
10.0,0.1,0.066,4.0,True,False,False,399,293,0.08470123681024253,4.156049152112164,1.8305635557030978e+53,3.661130799446121e+51
10.0,0.1,0.066,4.0,True,False,False,482,297,0.05369339324177602,4.417509381981427,1.1055518457940819e+54,2.2111059143017113e+52
10.0,0.1,0.066,4.0,True,False,False,543,290,0.1075515985630317,4.206519413097516,7.241086517716305e+52,1.4482187592492122e+51
10.0,0.1,0.066,4.0,True,False,False,480,300,0.029477627760305096,4.572782799832112,3.696205601011845e+54,7.392418635346179e+52
10.0,0.1,0.08,4.0,True,False,False,2136,289,0.040453289262601624,4.783653248128061,2.9912328848692446e+53,5.9824717607529626e+51
10.0,0.1,0.08,4.0,True,False,False,2137,284,0.013935400228167071,2.567823194427601,1.4258043249369304e+52,2.851611505283136e+50
10.0,0.1,0.08,4.0,True,False,False,2107,273,0.22988236029579734,2.663540205580384,1.3493398343109706e+50,2.6986823713317485e+48
10.0,0.1,0.08,4.0,True,False,False,1963,274,0.23800798341575405,4.145514534103786,2.0336972550995287e+50,4.06739858304959e+48
10.0,0.1,0.08,4.0,True,False,False,2028,299,0.024161974892846043,2.754466729782476,5.1133188284408236e+54,1.022664789752525e+53
10.0,0.1,0.08,4.0,True,False,False,2024,295,0.069966806805453,4.295677583275875,1.0094832967643277e+54,2.0189686156829129e+52
10.0,0.1,0.08,4.0,True,False,False,2282,235,0.03816725265880889,4.527157382495571,9.324306345038928e+43,1.864863136212756e+42
10.0,0.1,0.08,4.0,True,False,False,1998,298,0.04701385071928804,4.555268991161552,3.438623887887539e+54,6.877254661531931e+52
10.0,0.1,0.08,4.0,True,False,False,2062,232,0.04024140633959767,2.643749472744868,8.159737310457825e+42,1.6319490963189385e+41
10.0,0.1,0.08,4.0,True,False,False,2302,226,0.12146176891442219,4.396527822405478,2.4216512682795832e+42,4.843307385905951e+40
10.0,0.5,0.06,4.0,False,True,False,126,5,0.18052520598782024,0.3419088545252562,0.0,0.0
10.0,0.5,0.06,4.0,False,True,False,55,5,0.170356293679344,0.3313915759415751,0.0,0.0
10.0,0.5,0.06,4.0,False,True,False,51,5,0.16588866272405745,0.32044046819248084,0.0,0.0
10.0,0.5,0.06,4.0,False,True,False,79,5,0.1767578237166725,0.3564612875705344,0.0,0.0
10.0,0.5,0.06,4.0,False,True,False,92,5,0.16193683129592046,0.3452312115629732,0.0,0.0
10.0,0.5,0.06,4.0,False,True,False,32,5,0.1703080001470555,0.34622807329439276,0.0,0.0
10.0,0.5,0.06,4.0,False,True,False,122,5,0.16032049268389353,0.3397946627659798,0.0,0.0
10.0,0.5,0.06,4.0,False,True,False,84,5,0.16451695257815455,0.3252066812410339,0.0,0.0
10.0,0.5,0.06,4.0,False,True,False,106,5,0.16519466189002371,0.3234281552609133,0.0,0.0
10.0,0.5,0.06,4.0,False,True,False,67,5,0.16715679495187477,0.334830925020682,0.0,0.0
10.0,0.5,0.066,4.0,True,False,False,319,5,0.18060267777045563,0.3359351243691828,1072.7352864861218,13.403944622445783
10.0,0.5,0.066,4.0,False,True,False,189,5,0.17274732741213705,0.33129035022483344,0.0,0.0
10.0,0.5,0.066,4.0,True,False,False,291,5,0.17953576668747323,0.3269451964391963,1016.1656437628153,12.696823258093072
10.0,0.5,0.066,4.0,False,True,False,263,5,0.18060848240644375,0.3496541618902762,0.0,0.0
10.0,0.5,0.066,4.0,True,False,False,226,5,0.17225472210516582,0.32271877383460135,743.4865965765159,9.28833113569925
10.0,0.5,0.066,4.0,True,False,False,288,5,0.18368327095198153,0.3517892691158204,1034.919183831832,12.931242782516335
10.0,0.5,0.066,4.0,True,False,False,246,5,0.1739467713464622,0.3364061747830107,863.1515090948067,10.78414431511421
10.0,0.5,0.066,4.0,True,False,False,262,5,0.16851276296517867,0.338513966390364,928.056336043933,11.595455608838337
10.0,0.5,0.066,4.0,False,True,False,156,5,0.17685472977089234,0.3428742033580645,0.0,0.0
10.0,0.5,0.066,4.0,True,False,False,381,5,0.1746106674745351,0.3302670954627529,1312.2652804986828,16.398073076970093
10.0,0.5,0.08,4.0,True,False,False,1895,5,0.1912694383491424,0.34033154372449137,3585.667349541765,44.81563245474615
10.0,0.5,0.08,4.0,True,False,False,1800,5,0.18487130666437968,0.33293366641429145,3615.58967075857,45.189661913483135
10.0,0.5,0.08,4.0,True,False,False,1645,5,0.17933708471016488,0.31813547373529305,3527.318762535022,44.086274257201424
10.0,0.5,0.08,4.0,True,False,False,1872,5,0.19154973292606828,0.351065599577536,3529.194403629722,44.109719794586475
10.0,0.5,0.08,4.0,True,False,False,1797,5,0.18546866216545718,0.3345775221752316,3603.267499211675,45.035634586856176
10.0,0.5,0.08,4.0,True,False,False,1814,5,0.18931023946497863,0.3280622402140341,3579.012291318336,44.73244413182706
10.0,0.5,0.08,4.0,True,False,False,1768,5,0.1810443668296218,0.3310710155267178,3572.225855855253,44.64761358673161
10.0,0.5,0.08,4.0,True,False,False,1729,5,0.1928996013603436,0.3484444484631386,3546.933536839567,44.33145923086245
10.0,0.5,0.08,4.0,True,False,False,1777,5,0.1936679564074108,0.34462258370912147,3564.3772776450737,44.549506245182116
10.0,0.5,0.08,4.0,True,False,False,1800,5,0.1891657582302049,0.3397015652854558,3551.4987347453402,44.38852426747729
10.0,1.0,0.06,4.0,False,True,False,100,260,0.0006388139285869025,0.19164417857607075,0.0,0.0
10.0,1.0,0.06,4.0,False,True,False,140,285,0.0006777029415375346,0.2033108824612604,0.0,0.0
10.0,1.0,0.06,4.0,False,True,False,101,248,0.0006271822497017306,0.18815467491051918,0.0,0.0
10.0,1.0,0.06,4.0,False,True,False,105,290,0.0006877865513290112,0.20633596539870336,0.0,0.0
10.0,1.0,0.06,4.0,True,False,False,193,289,0.0006983262944975473,0.2094978883492642,1.7346673964277457e+52,3.4693383091745455e+50
10.0,1.0,0.06,4.0,False,True,False,116,278,0.0006862269168999953,0.2058680750699986,0.0,0.0
10.0,1.0,0.06,4.0,False,True,False,128,292,0.0006590742708056034,0.197722281241681,0.0,0.0
10.0,1.0,0.06,4.0,False,True,False,150,289,0.0007330801344724444,0.2199240403417333,0.0,0.0
10.0,1.0,0.06,4.0,False,True,False,67,204,0.0007129086203809579,0.2138725861142874,0.0,0.0
10.0,1.0,0.06,4.0,False,True,False,106,283,0.0007007698846357072,0.21023096539071218,0.0,0.0
10.0,1.0,0.066,4.0,True,False,False,449,290,0.0007138448618231808,0.21415345854695422,5.992023723531753e+52,1.1984059505144488e+51
10.0,1.0,0.066,4.0,True,False,False,569,290,0.0006640680257166849,0.1992204077150055,7.446062536530434e+52,1.4892140033188318e+51
10.0,1.0,0.066,4.0,True,False,False,594,291,0.0006576758718465355,0.19730276155396065,1.1764575133850364e+53,2.352917391224969e+51
10.0,1.0,0.066,4.0,True,False,False,379,284,0.0006785247545042905,0.20355742635128715,4.292344267805724e+51,8.584697185092287e+49
10.0,1.0,0.066,4.0,True,False,False,321,282,0.0007389308099892377,0.22167924299677133,1.663253330799308e+51,3.3265100190234194e+49
10.0,1.0,0.066,4.0,True,False,False,523,281,0.0006966192384332737,0.2089857715299821,1.793044332929253e+51,3.58609227369086e+49
10.0,1.0,0.066,4.0,True,False,False,416,285,0.0006564118512994825,0.19692355538984474,7.272483063741035e+51,1.4544980777712634e+50
10.0,1.0,0.066,4.0,True,False,False,458,287,0.0006842765708660085,0.20528297125980255,1.7901921158279662e+52,3.580387831939978e+50
10.0,1.0,0.066,4.0,True,False,False,343,288,0.000657320601126478,0.1971961803379434,1.9717177763563534e+52,3.9434395272662485e+50
10.0,1.0,0.066,4.0,True,False,False,285,285,0.0007261954022617349,0.21785862067852046,4.99605825953304e+51,9.992126611175443e+49
10.0,1.0,0.08,4.0,True,False,False,2029,291,0.0006718046503530828,0.20154139510592484,1.9895420292666157e+53,3.979088043459471e+51
10.0,1.0,0.08,4.0,True,False,False,2244,262,0.0006765095368277067,0.202952861048312,5.266952279508719e+48,1.0533915106755926e+47
10.0,1.0,0.08,4.0,True,False,False,2025,283,0.0007567454673856533,0.227023640215696,7.801654293314487e+51,1.5603324214096748e+50
10.0,1.0,0.08,4.0,True,False,False,2031,284,0.0007167143957971792,0.21501431873915378,1.1650566066083276e+52,2.3301155466700875e+50
10.0,1.0,0.08,4.0,True,False,False,2248,234,0.0006839384038972544,0.20518152116917632,6.199665756220457e+43,1.2399343927464158e+42
10.0,2.0,0.06,4.0,False,True,False,105,4,0.0,0.0,0.0,0.0
10.0,2.0,0.06,4.0,False,True,False,42,4,0.0,0.0,0.0,0.0
10.0,2.0,0.06,4.0,False,True,False,69,189,0.00043190629933064146,0.12957188979919243,0.0,0.0
10.0,1.0,0.08,4.0,True,False,False,2226,225,0.0007277173413425102,0.21831520240275304,1.6205492642598312e+42,3.2411017739664283e+40
10.0,1.0,0.08,4.0,True,False,False,2388,232,0.0007075457692037397,0.21226373076112193,2.7640348765086595e+43,5.528075288782485e+41
10.0,1.0,0.08,4.0,True,False,False,2120,250,0.0007584025543995147,0.2275207663198544,2.4115994899245094e+46,4.823203809229569e+44
10.0,2.0,0.06,4.0,True,False,False,213,217,0.00045224244748734915,0.13567273424620474,3.953570240761679e+39,7.907148482544431e+37
10.0,1.0,0.08,4.0,True,False,False,2273,252,0.0006893893925051886,0.20681681775155658,9.209283492678342e+46,1.841858542985879e+45
10.0,2.0,0.06,4.0,False,True,False,169,4,0.0,0.0,0.0,0.0
10.0,1.0,0.08,4.0,True,False,False,2158,227,0.0006560623910836272,0.19681871732508815,3.628674919502722e+42,7.257357107202993e+40
10.0,2.0,0.06,4.0,False,True,False,121,271,0.00037105228691789225,0.11131568607536768,0.0,0.0
10.0,2.0,0.06,4.0,False,True,False,133,4,0.0,0.0,0.0,0.0
10.0,2.0,0.06,4.0,False,True,False,64,4,0.0,0.0,0.0,0.0
10.0,2.0,0.06,4.0,True,False,False,216,238,0.00038401047766160044,0.11520314329848014,1.9903825744046106e+43,3.980769183630887e+41
10.0,2.0,0.06,4.0,False,True,False,108,4,0.0,0.0,0.0,0.0
10.0,2.0,0.066,4.0,False,True,False,137,4,0.0,0.0,0.0,0.0
10.0,2.0,0.066,4.0,True,False,False,252,4,0.0,0.0,621.9046741689147,7.768557450314638
10.0,2.0,0.066,4.0,True,False,False,563,276,0.0003671479734157727,0.11014439202473181,2.527928154945965e+50,5.0558613957057025e+48
10.0,2.0,0.066,4.0,True,False,False,314,180,0.0004178647748018534,0.12535943244055603,1.7000966347210558e+33,3.4001967058962257e+31
10.0,2.0,0.066,4.0,True,False,False,370,277,0.000368996840308052,0.1106990520924156,2.4696214760792614e+50,4.939247931603283e+48
10.0,2.0,0.066,4.0,False,True,False,178,4,0.0,0.0,0.0,0.0
10.0,2.0,0.066,4.0,True,False,False,290,4,0.0,0.0,755.3276720578209,9.436347364945817
10.0,2.0,0.066,4.0,True,False,False,332,4,0.0,0.0,826.5674231170979,10.326845546142504
10.0,2.0,0.066,4.0,True,False,False,283,4,0.0,0.0,726.8828910946443,9.080787075927583
10.0,2.0,0.066,4.0,True,False,False,515,274,0.0004137153987448087,0.12411461962344261,1.0399545745780765e+50,2.079911240461991e+48
10.0,2.0,0.08,4.0,True,False,False,1776,4,0.0,0.0,2598.769087422767,32.47939862642554
10.0,2.0,0.08,4.0,True,False,False,1764,4,0.0,0.0,2609.966981085693,32.619372502116164
10.0,2.0,0.08,4.0,True,False,False,1726,4,0.0,0.0,2584.428242857387,32.300137805021784
10.0,2.0,0.08,4.0,True,False,False,1824,4,0.0,0.0,2589.6919407336654,32.36593412553437
10.0,2.0,0.08,4.0,True,False,False,1952,4,0.0,0.0,2610.5673614198886,32.6268772635632
25.0,0.1,0.06,4.0,False,True,False,55,300,0.030833225600731592,4.752221291698704,0.0,0.0
25.0,0.1,0.06,4.0,False,True,False,129,300,0.029996765513995906,4.656370251405245,0.0,0.0
25.0,0.1,0.06,4.0,False,True,False,33,298,0.029053094082399096,4.552839865235285,0.0,0.0
25.0,0.1,0.06,4.0,False,True,False,54,300,0.029304506930786265,4.558843621475118,0.0,0.0
10.0,2.0,0.08,4.0,True,False,False,1904,4,0.0,0.0,2604.4928482786886,32.55094574030639
10.0,2.0,0.08,4.0,True,False,False,1867,4,0.0,0.0,2604.6689022097553,32.5531464148096
10.0,2.0,0.08,4.0,True,False,False,1682,4,0.0,0.0,2605.859389944609,32.56802754093657
25.0,0.1,0.06,4.0,True,False,False,175,300,0.01483786993749444,2.687627029442848,3.4592041189909866e+54,2.767366100861981e+52
10.0,2.0,0.08,4.0,True,False,False,1760,4,0.0,0.0,2590.2915597426354,32.37342937124403
10.0,2.0,0.08,4.0,True,False,False,1812,4,0.0,0.0,2604.9499529136638,32.55665955394647
25.0,0.1,0.06,4.0,False,True,False,87,300,0.014321500250213604,2.6258036836264615,0.0,0.0
25.0,0.1,0.06,4.0,False,True,False,133,300,0.029051193631356775,4.546961752369225,0.0,0.0
25.0,0.1,0.06,4.0,False,True,False,130,300,0.030468489618100628,4.7160007216495305,0.0,0.0
25.0,0.1,0.06,4.0,False,True,False,136,300,0.02915810825716081,4.535344632315867,0.0,0.0
25.0,0.1,0.06,4.0,True,False,False,193,300,0.02900930939099617,4.516275223536279,3.7658987728442105e+54,3.012722070860539e+52
25.0,0.1,0.066,4.0,True,False,False,628,300,0.02949344354407952,4.611241585171118,1.1803251138250546e+55,9.442610395421761e+52
25.0,0.1,0.066,4.0,True,False,False,420,300,0.028777516773961967,4.483995899887637,7.901302487362006e+54,6.321048361951571e+52
25.0,0.1,0.066,4.0,True,False,False,367,300,0.014296484558984097,2.613065109891532,6.947214594247146e+54,5.557777279977165e+52
25.0,0.1,0.066,4.0,True,False,False,541,300,0.028887450005042302,4.510191312416897,1.0064379915413406e+55,8.051512028773794e+52
25.0,0.1,0.066,4.0,True,False,False,315,300,0.029627056694538054,4.6099605352473425,5.936673622153431e+54,4.749343686532091e+52
25.0,0.1,0.066,4.0,True,False,False,418,300,0.030061671633909423,4.632502994500251,8.058569914993779e+54,6.44686242653562e+52
25.0,0.1,0.066,4.0,True,False,False,421,300,0.03010183419674666,4.662183799170962,8.021176923514835e+54,6.416947998558006e+52
25.0,0.1,0.066,4.0,True,False,False,601,300,0.013968329752565473,2.5751163262037107,1.1756942542728341e+55,9.40556348818635e+52
25.0,0.1,0.066,4.0,True,False,False,416,300,0.03079828079971108,4.7251455637180335,7.760720982993488e+54,6.208583028077593e+52
25.0,0.1,0.066,4.0,True,False,False,477,300,0.029483703702891592,4.582991232831607,8.90485692771937e+54,7.12389271134356e+52
25.0,0.1,0.08,4.0,True,False,False,2212,300,0.015096322904638946,2.741104753050826,1.915169581158185e+55,1.5321371995457381e+53
25.0,0.5,0.06,4.0,False,True,False,37,5,0.18427265805979962,0.37907905050481583,0.0,0.0
25.0,0.1,0.08,4.0,True,False,False,2203,300,0.013963514572587661,2.556867427834451,1.9167387821637354e+55,1.533392561252269e+53
25.0,0.1,0.08,4.0,True,False,False,2146,300,0.02981469112319277,4.6206513442944654,1.913977827092235e+55,1.5311837951258902e+53
25.0,0.5,0.06,4.0,False,True,False,66,285,0.015698667042414762,1.0000847428584647,0.0,0.0
25.0,0.5,0.06,4.0,False,True,False,135,299,0.006547875812345841,1.227842133226432,0.0,0.0
25.0,0.5,0.06,4.0,False,True,False,62,280,0.01922307578717922,0.9888317478310831,0.0,0.0
25.0,0.1,0.08,4.0,True,False,False,2105,300,0.029911374703037237,4.629060581446406,1.9084371896158354e+55,1.5267512804770597e+53
25.0,0.5,0.06,4.0,False,True,False,47,300,0.0058250592069613106,1.3307037863994706,0.0,0.0
25.0,0.1,0.08,4.0,True,False,False,2251,300,0.030479364548964494,4.701898954431936,1.9265714458836703e+55,1.5412587000924007e+53
25.0,0.1,0.08,4.0,True,False,False,2230,300,0.030295306935649514,4.708086521583659,1.9153644436110605e+55,1.532293089170254e+53
25.0,0.1,0.08,4.0,True,False,False,2367,300,0.030263086479111266,4.7168566924533115,1.91608448365988e+55,1.5328691215355577e+53
25.0,0.1,0.08,4.0,True,False,False,2138,300,0.02964404043542924,4.629281965790988,1.9248920045554998e+55,1.5399151457418e+53
25.0,0.1,0.08,4.0,True,False,False,2154,300,0.029435783329007783,4.5588886788040535,1.919782697035767e+55,1.535827695537922e+53
25.0,0.1,0.08,4.0,True,False,False,2214,300,0.02991809369860766,4.646171674599386,1.9272645933892387e+55,1.5418132183718541e+53
25.0,0.5,0.06,4.0,False,True,False,63,299,0.0026159134339656903,0.40710480498478896,0.0,0.0
25.0,0.5,0.06,4.0,False,True,False,112,299,0.006707645362898035,1.2602096032614374,0.0,0.0
25.0,0.5,0.06,4.0,True,False,False,248,300,0.005735773538387082,1.307328297152298,4.5943228625141605e+54,3.6754620092309533e+52
25.0,0.5,0.06,4.0,False,True,False,147,299,0.0026812681776009826,0.4194182367023964,0.0,0.0
25.0,0.5,0.06,4.0,False,True,False,147,299,0.002665380232218561,0.41343270635476514,0.0,0.0
25.0,0.5,0.066,4.0,True,False,False,274,173,0.08161568979140771,1.0229582696817312,2.2175707709444112e+32,1.774058409514363e+30
25.0,0.5,0.066,4.0,True,False,False,208,150,0.09013281678960273,1.0747000689515507,1.54374044871411e+28,1.2349936079854743e+26
25.0,0.5,0.066,4.0,True,False,False,521,298,0.008018537313188029,1.2570807387965646,4.420055270318293e+54,3.5360477717541185e+52
25.0,0.5,0.066,4.0,True,False,False,441,295,0.009967080861328814,1.104822203395405,1.113357191183686e+54,8.906866490318784e+51
25.0,0.5,0.066,4.0,True,False,False,553,300,0.005455142988501577,1.259022798259346,1.030732799121247e+55,8.245870690576638e+52
25.0,0.5,0.066,4.0,True,False,False,442,279,0.019936265944460914,0.9848518579631254,1.7011171050783925e+51,1.3608950541769543e+49
25.0,0.5,0.066,4.0,True,False,False,426,256,0.028724910943980143,1.0267696735358967,1.4465118720132997e+47,1.1572106628830851e+45
25.0,0.5,0.066,4.0,True,False,False,491,300,0.00592608977937501,1.349994443330362,9.271099539635171e+54,7.416887090214018e+52
25.0,0.5,0.066,4.0,True,False,False,392,117,0.11936096560474799,1.0242918069593867,4.457029181970362e+22,3.565626935861144e+20
25.0,0.5,0.066,4.0,True,False,False,346,245,0.03837952746817605,1.024218583426154,1.3665189390061795e+45,1.0932162540833671e+43
25.0,1.0,0.06,4.0,False,True,False,116,298,0.0009527366049221916,0.28582098147665747,0.0,0.0
25.0,0.5,0.08,4.0,True,False,False,1664,5,0.1897230408213894,0.4026649370123627,8979.406365113042,44.89497992597177
25.0,0.5,0.08,4.0,True,False,False,2088,289,0.016757270397280272,1.1559922299506242,2.219048211998502e+53,1.7752403473375773e+51
25.0,1.0,0.06,4.0,False,True,False,143,296,0.0009586125920946128,0.28758377762838383,0.0,0.0
25.0,0.5,0.08,4.0,True,False,False,2169,266,0.030305343284083856,1.077822077643558,1.9755724682084106e+49,1.5804595574479207e+47
25.0,1.0,0.06,4.0,False,True,False,171,296,0.0009492828498613319,0.28478485495839956,0.0,0.0
25.0,1.0,0.06,4.0,False,True,False,109,296,0.0008558907717251208,0.2567672315175362,0.0,0.0
25.0,0.5,0.08,4.0,True,False,False,2249,273,0.02405386746792476,0.9955539157589048,3.386756964192006e+50,2.709408284370256e+48
25.0,1.0,0.06,4.0,True,False,False,215,295,0.0009140775335298016,0.2742232600589405,5.513048383453853e+53,4.410443178973317e+51
25.0,0.5,0.08,4.0,True,False,False,2197,295,0.011700788456917965,1.2157270677459424,2.539539836013157e+54,2.0316339033300639e+52
25.0,0.5,0.08,4.0,True,False,False,1940,294,0.012602160381792344,1.1854977737788177,1.6818598832260705e+54,1.34548925411119e+52
25.0,0.5,0.08,4.0,True,False,False,2129,252,0.04161046926424673,1.075686594722658,6.775754846169471e+46,5.420609304288911e+44
25.0,0.5,0.08,4.0,True,False,False,1842,5,0.19236009075620394,0.3885778222725491,8951.931698295062,44.757606428332366
25.0,0.5,0.08,4.0,True,False,False,2096,5,0.19482618072727456,0.4136499433536869,8882.35843703392,44.40973971166144
25.0,0.5,0.08,4.0,True,False,False,2083,294,0.011920370161962308,1.184295207640755,1.684834868118789e+54,1.347869244244e+52
25.0,1.0,0.06,4.0,False,True,False,81,296,0.0009852509820966386,0.29557529462899157,0.0,0.0
25.0,1.0,0.06,4.0,True,False,False,210,293,0.0009642044636271963,0.2892613390881589,2.2697804835234724e+53,1.8158262301305633e+51
25.0,1.0,0.06,4.0,False,True,False,56,295,0.0008835591130732142,0.26506773392196425,0.0,0.0
25.0,1.0,0.06,4.0,False,True,False,75,295,0.0009347523518732611,0.2804257055619783,0.0,0.0
25.0,1.0,0.06,4.0,False,True,False,148,296,0.0009431842558666944,0.2829552767600083,0.0,0.0
25.0,1.0,0.066,4.0,True,False,False,560,296,0.0009404902943643319,0.2821470883092996,2.0990614014005835e+54,1.6792508082350778e+52
25.0,1.0,0.066,4.0,True,False,False,518,295,0.0009220398514508739,0.2766119554352622,1.2861042497982606e+54,1.0288844347084065e+52
25.0,1.0,0.066,4.0,True,False,False,541,297,0.0009766043470376426,0.29298130411129275,3.07955261556571e+54,2.4636445682464565e+52
25.0,1.0,0.066,4.0,True,False,False,629,296,0.0009843791936175838,0.29531375808527516,2.37171414463392e+54,1.897373222947709e+52
25.0,1.0,0.066,4.0,True,False,False,480,293,0.0009625693301891277,0.2887707990567383,5.349340967704832e+53,4.2794770765077725e+51
25.0,1.0,0.066,4.0,True,False,False,547,296,0.0009645715247884837,0.28937145743654513,2.0419780100679873e+54,1.633584050856836e+52
25.0,1.0,0.066,4.0,True,False,False,516,295,0.0009958643943661105,0.29875931830983316,1.3093321594719593e+54,1.047466780529559e+52
25.0,1.0,0.066,4.0,True,False,False,263,296,0.0010042016705774789,0.30126050117324366,9.827906053717485e+53,7.862332803869707e+51
25.0,1.0,0.066,4.0,True,False,False,464,294,0.0010108662472109338,0.30325987416328015,7.963675118775012e+53,6.370946508068316e+51
25.0,1.0,0.066,4.0,True,False,False,369,296,0.0008919204801133403,0.2675761440340021,1.3867914104646468e+54,1.1094342469027484e+52
25.0,2.0,0.06,4.0,False,True,False,92,278,0.0005393277509983721,0.16179832529951166,0.0,0.0
25.0,2.0,0.06,4.0,False,True,False,97,279,0.0005780980437989521,0.17342941313968563,0.0,0.0
25.0,2.0,0.06,4.0,False,True,False,115,276,0.0005274125454706728,0.15822376364120183,0.0,0.0
25.0,2.0,0.06,4.0,False,True,False,73,285,0.0005183034025356773,0.1554910207607032,0.0,0.0
25.0,2.0,0.06,4.0,False,True,False,51,284,0.0004668939389604939,0.14006818168814816,0.0,0.0
25.0,1.0,0.08,4.0,True,False,False,2219,296,0.0009395377905012362,0.28186133715037087,3.777885195709574e+54,3.022311182719524e+52
25.0,1.0,0.08,4.0,True,False,False,2199,298,0.0009418011480889085,0.28254034442667253,8.532935601000206e+54,6.826355316057062e+52
25.0,1.0,0.08,4.0,True,False,False,2114,295,0.0009732874030955345,0.29198622092866033,2.526156886425957e+54,2.0209275328864391e+52
25.0,1.0,0.08,4.0,True,False,False,2172,297,0.0009751797885053182,0.29255393655159545,5.656246570705514e+54,4.5250017880703856e+52
25.0,1.0,0.08,4.0,True,False,False,2191,295,0.0010036087320881917,0.30108261962645755,2.551595190708093e+54,2.041278196497767e+52
25.0,1.0,0.08,4.0,True,False,False,2147,296,0.00094187224266392,0.282561672799176,3.778711289813975e+54,3.022972059027675e+52
25.0,1.0,0.08,4.0,True,False,False,2208,292,0.0008903925502263362,0.26711776506790086,7.523054798301793e+53,6.018449866245684e+51
25.0,1.0,0.08,4.0,True,False,False,2122,294,0.001054416744580499,0.3163250233741497,1.6855857998839187e+54,1.3484699901188157e+52
25.0,1.0,0.08,4.0,True,False,False,2161,294,0.00097117172392769,0.291351517178307,1.6918084104668956e+54,1.3534480836564237e+52
25.0,1.0,0.08,4.0,True,False,False,2184,293,0.0009356150405432503,0.2806845121629751,1.1117414370995412e+54,8.893940403555856e+51
25.0,2.0,0.06,4.0,False,True,False,90,281,0.0005328906591813465,0.15986719775440394,0.0,0.0
25.0,2.0,0.06,4.0,False,True,False,45,255,0.0005438867119406665,0.16316601358219995,0.0,0.0
25.0,2.0,0.06,4.0,False,True,False,126,282,0.0004824166393455953,0.1447249918036786,0.0,0.0
25.0,2.0,0.06,4.0,False,True,False,136,271,0.0005354375670262001,0.16063127010786005,0.0,0.0
25.0,2.0,0.06,4.0,False,True,False,81,281,0.0005382924101773323,0.1614877230531997,0.0,0.0
25.0,2.0,0.066,4.0,True,False,False,371,269,0.000542447123489862,0.1627341370469586,2.46883099148387e+49,1.9750667846109444e+47
25.0,2.0,0.066,4.0,True,False,False,446,272,0.000486247999203732,0.1458743997611196,1.0107473949716154e+50,8.085987301787381e+47
25.0,2.0,0.066,4.0,True,False,False,481,280,0.0005327563684090656,0.1598269105227197,2.6295283592647397e+51,2.1036248052716237e+49
25.0,2.0,0.066,4.0,True,False,False,381,279,0.000544224361680589,0.1632673085041767,1.4663035389822455e+51,1.1730440147580017e+49
25.0,2.0,0.066,4.0,True,False,False,380,280,0.0005158395670334552,0.15475187011003655,2.1680056818379425e+51,1.7344062935375505e+49
25.0,2.0,0.066,4.0,True,False,False,478,267,0.00048560871417311355,0.14568261425193407,1.4273897673815406e+49,1.1419129626740224e+47
25.0,2.0,0.066,4.0,True,False,False,322,260,0.00048046545421824555,0.14413963626547366,5.427616722956241e+47,4.3420977585376266e+45
25.0,2.0,0.066,4.0,True,False,False,613,286,0.0005258722452896966,0.15776167358690896,3.995523936262813e+52,3.1964223614327053e+50
25.0,2.0,0.066,4.0,True,False,False,396,285,0.0005216620189389391,0.15649860568168172,1.7281203303448963e+52,1.3824976575804841e+50
25.0,2.0,0.066,4.0,True,False,False,357,285,0.000543873830285142,0.1631621490855426,1.52556727706195e+52,1.2204550535021638e+50
25.0,2.0,0.08,4.0,True,False,False,1750,4,0.0,0.0,6513.736992268267,32.566627543738214
25.0,2.0,0.08,4.0,True,False,False,1836,4,0.0,0.0,6551.1571903077875,32.75372880310202
25.0,2.0,0.08,4.0,True,False,False,1783,4,0.0,0.0,6523.280468513966,32.61434499126811
25.0,2.0,0.08,4.0,True,False,False,2342,278,0.0005336706803504392,0.16010120410513173,2.571494753881206e+51,2.0571978629609984e+49
25.0,2.0,0.08,4.0,True,False,False,2140,258,0.0005681521675108988,0.17044565025326963,7.751005916844793e+47,6.20081094436107e+45
25.0,2.0,0.08,4.0,True,False,False,2146,273,0.0005629565860230675,0.16888697580692025,3.40179657687447e+50,2.7214399863516068e+48
25.0,2.0,0.08,4.0,True,False,False,2246,270,0.0005535598292056542,0.16606794876169628,9.993298284101722e+49,7.994646630734851e+47
25.0,2.0,0.08,4.0,True,False,False,1870,4,0.0,0.0,6520.694618046444,32.60141572086569
25.0,2.0,0.08,4.0,True,False,False,2195,271,0.0005815543147797752,0.17446629443393258,1.4967309245950436e+50,1.19738593853295e+48
25.0,2.0,0.08,4.0,True,False,False,2113,276,0.0005476983754896499,0.16430951264689497,1.1422492781588369e+51,9.13800337497321e+48
