rr,phi,alpha,seed,termination_reason,steps_run,population_final,ai_generation_final,L_t_final,U_sys_final,integral_U_sys,u_sys_tail_estimate,u_sys_total_estimate
0.05,5.0,2.0,1,extinction,161,0,25,0.0009000000000000001,0.6190657408357989,5991.515596731135,60.55684402959069,6052.072440760726
0.05,5.0,1.0,1,extinction,161,0,25,0.0009000000000000001,0.6190657408357989,5991.515596731135,60.55684402959069,6052.072440760726
0.05,5.0,0.5,1,extinction,161,0,25,0.0009000000000000001,0.6190657408357989,5991.515596731135,60.55684402959069,6052.072440760726
0.05,5.0,0.5,4,extinction,230,0,25,0.0009000000000000001,0.31723593837397535,5833.337262657709,30.37386378340834,5863.711126441118
0.05,5.0,2.0,4,extinction,230,0,25,0.0009000000000000001,0.31723593837397535,5833.337262657709,30.37386378340834,5863.711126441118
0.05,5.0,1.0,4,extinction,230,0,25,0.0009000000000000001,0.31723593837397535,5833.337262657709,30.37386378340834,5863.711126441118
0.05,5.0,0.5,3,extinction,268,0,30,0.0009000000000000001,0.2212124334413497,6698.0541905132095,20.77151329014577,6718.825703803355
0.05,5.0,1.0,3,extinction,268,0,30,0.0009000000000000001,0.2212124334413497,6698.0541905132095,20.77151329014577,6718.825703803355
0.05,5.0,2.0,3,extinction,268,0,30,0.0009000000000000001,0.2212124334413497,6698.0541905132095,20.77151329014577,6718.825703803355
0.05,5.0,0.5,0,extinction,277,0,27,0.0009000000000000001,0.20333463815129182,6522.19322585199,18.983733761139984,6541.17695961313
0.05,5.0,2.0,0,extinction,277,0,27,0.0009000000000000001,0.20333463815129182,6522.19322585199,18.983733761139984,6541.17695961313
0.05,5.0,1.0,0,extinction,277,0,27,0.0009000000000000001,0.20333463815129182,6522.19322585199,18.983733761139984,6541.17695961313
0.05,5.0,0.5,2,extinction,320,0,32,0.0009000000000000001,0.13698821517416837,7260.720648773172,12.349091463427635,7273.0697402365995
0.05,5.0,1.0,2,extinction,320,0,32,0.0009000000000000001,0.13698821517416837,7260.720648773172,12.349091463427635,7273.0697402365995
0.05,5.0,2.0,2,extinction,320,0,32,0.0009000000000000001,0.13698821517416837,7260.720648773172,12.349091463427635,7273.0697402365995
0.05,10.0,0.5,1,extinction,161,0,35,0.0001,0.6086854137844785,12374.653642034735,60.56854341899519,12435.22218545373
0.05,10.0,1.0,1,extinction,161,0,35,0.0001,0.6086854137844785,12374.653642034735,60.56854341899519,12435.22218545373
0.05,10.0,0.5,0,extinction,277,0,43,0.001912349263994217,0.2472400235539258,13878.915215686631,18.987088204557626,13897.90230389119
0.05,10.0,2.0,1,extinction,161,0,35,0.0001,0.6086854137844785,12374.653642034735,60.56854341899519,12435.22218545373
0.05,10.0,0.5,4,extinction,230,0,38,0.0012003217306895844,0.3398032187153569,12384.800215866679,30.379418341091696,12415.17963420777
0.05,10.0,0.5,2,extinction,320,0,47,0.002770048708970705,0.20660495757231298,15696.92691708836,12.350836956947095,15709.277754045306
0.05,10.0,0.5,3,extinction,268,0,43,0.001560738477974181,0.2545737457904129,14041.540732145513,20.775252658848693,14062.315984804362
0.05,10.0,1.0,4,extinction,230,0,38,0.00013706491769190806,0.30790606053017283,12384.784267287587,30.379418341091696,12415.163685628679
0.05,10.0,1.0,0,extinction,277,0,43,0.0004732861183338758,0.20406913484795539,13878.893630242279,18.987088204557626,13897.880718446837
0.05,10.0,1.0,3,extinction,268,0,43,0.0002702840584039454,0.2158608863963026,14041.521375715816,20.775252658848693,14062.296628374665
0.05,10.0,2.0,4,extinction,230,0,38,0.0001,0.3067941320400027,12384.783711323342,30.379418341091696,12415.163129664434
0.05,10.0,2.0,0,extinction,277,0,43,0.0001,0.19287081216234406,13878.888031080936,18.987088204557626,13897.875119285494
0.05,10.0,2.0,3,extinction,268,0,43,0.0001,0.21075246667215164,14041.518821505955,20.775252658848693,14062.294074164804
0.05,10.0,1.0,2,extinction,320,0,47,0.002499995673237149,0.19850384159677242,15696.922866530373,12.350836956947095,15709.273703487319
0.05,15.0,0.5,1,extinction,161,0,39,0.002665311441923884,0.7256017495531899,19014.558662200383,60.56671676267287,19075.125378963057
0.05,15.0,0.5,0,extinction,277,0,50,0.0001,0.1943741715365892,21456.296668486095,18.98741977793287,21475.284088264027
0.05,10.0,2.0,2,extinction,320,0,47,0.0020363056179701095,0.18459395569521453,15696.91591158742,12.350836956947095,15709.266748544367
0.05,15.0,1.0,1,extinction,161,0,39,0.0014587229654437436,0.6713072749159312,19014.531514963066,60.56671676267287,19075.09823172574
0.05,15.0,0.5,4,extinction,230,0,43,0.0012003217306895844,0.3578077363675769,18918.483494029588,30.379418341091696,18948.862912370678
0.05,15.0,0.5,3,extinction,268,0,51,0.0001,0.21225523219539108,21946.755262450166,20.775526280360108,21967.530788730524
0.05,15.0,2.0,1,extinction,161,0,39,0.0004369407337380467,0.6253287739227971,19014.50852571257,60.56671676267287,19075.075242475243
0.05,15.0,0.5,2,extinction,320,0,55,0.002226834613612513,0.22371709201690226,24460.295549435676,12.351225697842976,24472.64677513352
0.05,15.0,1.0,0,extinction,277,0,50,0.0001,0.1943741715365892,21456.296668486095,18.98741977793287,21475.284088264027
0.05,15.0,1.0,4,extinction,230,0,43,0.00013706491769190806,0.30996199908980077,18918.459571160947,30.379418341091696,18948.838989502037
0.05,15.0,1.0,3,extinction,268,0,51,0.0001,0.21225523219539108,21946.755262450166,20.775526280360108,21967.530788730524
0.05,15.0,2.0,4,extinction,230,0,43,0.0001,0.30829410635454557,18918.45873721458,30.379418341091696,18948.83815555567
0.05,15.0,1.0,2,extinction,320,0,55,0.0007485045614311891,0.1571940471056636,24460.26228791322,12.351225697842976,24472.613513611064
0.05,15.0,2.0,0,extinction,277,0,50,0.0001,0.1943741715365892,21456.296668486095,18.98741977793287,21475.284088264027
0.05,15.0,2.0,3,extinction,268,0,51,0.0001,0.21225523219539108,21946.755262450166,20.775526280360108,21967.530788730524
0.055,5.0,0.5,0,extinction,270,0,28,0.0009000000000000001,0.21709939823563718,6659.28323235609,20.360209769574517,6679.6434421256645
0.05,15.0,2.0,2,extinction,320,0,55,0.0001,0.1280121347163599,24460.247696957027,12.351225697842976,24472.59892265487
0.055,5.0,1.0,0,extinction,270,0,28,0.0009000000000000001,0.21709939823563718,6659.28323235609,20.360209769574517,6679.6434421256645
0.055,5.0,0.5,3,extinction,321,0,34,0.0009000000000000001,0.13575946004308997,8003.462809528781,12.2262159503198,8015.689025479101
0.055,5.0,0.5,4,extinction,335,0,35,0.0009000000000000001,0.11978691578163957,8596.392404171755,10.628961524174757,8607.02136569593
0.055,5.0,0.5,2,extinction,397,0,30,0.0009000000000000001,0.07067520783326825,7195.162208802719,5.717790729337623,7200.879999532057
0.055,5.0,1.0,3,extinction,321,0,34,0.0009000000000000001,0.13575946004308997,8003.462809528781,12.2262159503198,8015.689025479101
0.055,5.0,2.0,0,extinction,270,0,28,0.0009000000000000001,0.21709939823563718,6659.28323235609,20.360209769574517,6679.6434421256645
0.055,5.0,1.0,4,extinction,335,0,35,0.0009000000000000001,0.11978691578163957,8596.392404171755,10.628961524174757,8607.02136569593
0.055,5.0,1.0,2,extinction,397,0,30,0.0009000000000000001,0.07067520783326825,7195.162208802719,5.717790729337623,7200.879999532057
0.055,10.0,0.5,0,extinction,270,0,43,0.0001,0.20664178490635982,13992.42921514789,20.36417999062848,14012.793395138518
0.055,5.0,2.0,3,extinction,321,0,34,0.0009000000000000001,0.13575946004308997,8003.462809528781,12.2262159503198,8015.689025479101
0.055,5.0,2.0,4,extinction,335,0,35,0.0009000000000000001,0.11978691578163957,8596.392404171755,10.628961524174757,8607.02136569593
0.055,5.0,2.0,2,extinction,397,0,30,0.0009000000000000001,0.07067520783326825,7195.162208802719,5.717790729337623,7200.879999532057
0.055,5.0,0.5,1,extinction,644,0,40,0.0009000000000000001,0.018333685766306788,9529.765525546336,0.4836385226414767,9530.249164068977
0.055,10.0,1.0,0,extinction,270,0,43,0.0001,0.20664178490635982,13992.42921514789,20.36417999062848,14012.793395138518
0.055,10.0,0.5,3,extinction,321,0,50,0.0012191592829691631,0.15883793915783959,17157.157212177946,12.226855987161166,17169.38406816511
0.055,10.0,0.5,4,extinction,335,0,54,0.002631518154463596,0.1852437468337046,18653.23541890242,10.63036018304534,18663.865779085463
0.055,5.0,1.0,1,extinction,644,0,40,0.0009000000000000001,0.018333685766306788,9529.765525546336,0.4836385226414767,9530.249164068977
0.055,10.0,0.5,2,extinction,397,0,51,0.0028036387334072267,0.14129140054099998,16081.624618485523,5.718646745650891,16087.343265231173
0.055,10.0,2.0,0,extinction,270,0,43,0.0001,0.20664178490635982,13992.42921514789,20.36417999062848,14012.793395138518
0.055,5.0,2.0,1,extinction,644,0,40,0.0009000000000000001,0.018333685766306788,9529.765525546336,0.4836385226414767,9530.249164068977
0.055,10.0,1.0,3,extinction,321,0,50,0.0012191592829691631,0.15883793915783959,17157.157212177946,12.226855987161166,17169.38406816511
0.055,10.0,1.0,4,extinction,335,0,54,0.002631518154463596,0.1852437468337046,18653.23541890242,10.63036018304534,18663.865779085463
0.055,10.0,1.0,2,extinction,397,0,51,0.0021957321650039057,0.12305512043544989,16081.61550034547,5.718646745650891,16087.33414709112
0.055,10.0,2.0,3,extinction,321,0,50,0.0012191592829691631,0.15883793915783959,17157.157212177946,12.226855987161166,17169.38406816511
0.055,10.0,2.0,2,extinction,397,0,51,0.0013467717218441538,0.09758758768505263,16081.602766579095,5.718646745650891,16087.321413324746
0.055,10.0,0.5,1,extinction,644,0,73,0.002770048708970705,0.08793365683250773,21929.18630119939,0.48370688296656883,21929.670008082354
0.055,15.0,0.5,0,extinction,270,0,49,0.00034342285456760095,0.21909448202701712,21601.331367824787,20.364062035492218,21621.69542986028
0.055,10.0,2.0,4,extinction,335,0,54,0.002631518154463596,0.1852437468337046,18653.23541890242,10.63036018304534,18663.865779085463
0.055,10.0,1.0,1,extinction,644,0,73,0.002499995673237149,0.07983254085696716,21929.1822506414,0.48370688296656883,21929.665957524365
0.055,15.0,0.5,3,extinction,321,0,58,0.002770048708970705,0.24692432276314855,26643.50228816778,12.22794407588855,26655.73023224367
0.055,15.0,1.0,0,extinction,270,0,49,0.0001,0.20814057178988205,21601.32589086967,20.364062035492218,21621.689952905162
0.055,15.0,0.5,4,extinction,335,0,63,0.0001,0.11081011944869007,28836.40376304577,10.631015005690006,28847.03477805146
0.055,15.0,0.5,2,extinction,397,0,60,0.0001,0.06168903442966277,24919.360145677736,5.718905692955026,24925.079051370692
0.055,15.0,1.0,3,extinction,321,0,58,0.002499995673237149,0.23477264879983772,26643.4962123308,12.22794407588855,26655.72415640669
0.055,10.0,2.0,1,extinction,644,0,73,0.0020363056179701095,0.06592265495540928,21929.17529569845,0.48370688296656883,21929.659002581415
0.055,15.0,2.0,0,extinction,270,0,49,0.0001,0.20814057178988205,21601.32589086967,20.364062035492218,21621.689952905162
0.055,15.0,1.0,2,extinction,397,0,60,0.0001,0.06168903442966277,24919.360145677736,5.718905692955026,24925.079051370692
0.055,15.0,1.0,4,extinction,335,0,63,0.0001,0.11081011944869007,28836.40376304577,10.631015005690006,28847.03477805146
0.055,15.0,2.0,3,extinction,321,0,58,0.0020363056179701095,0.2139078199475009,26643.485779916373,12.22794407588855,26655.713723992263
0.055,15.0,2.0,2,extinction,397,0,60,0.0001,0.06168903442966277,24919.360145677736,5.718905692955026,24925.079051370692
0.055,15.0,0.5,1,extinction,644,0,85,0.001912349263994217,0.0908909520827082,34172.15497682686,0.48372398201839417,34172.63870080888
0.055,15.0,2.0,4,extinction,335,0,63,0.0001,0.11081011944869007,28836.40376304577,10.631015005690006,28847.03477805146
0.055,15.0,1.0,1,extinction,644,0,85,0.0004732861183338758,0.026134619023752647,34172.12259866033,0.48372398201839417,34172.60632264235
0.06,5.0,0.5,2,extinction,415,0,55,0.0009000000000000001,0.06125630325288451,13680.796063545245,4.775900271299249,13685.571963816545
0.055,15.0,2.0,1,extinction,644,0,85,0.0001,0.009337134995335615,34172.11419991832,0.48372398201839417,34172.597923900335
0.06,5.0,0.5,1,extinction,546,0,52,0.0009000000000000001,0.02638363734478806,12233.20439361441,1.288633680489604,12234.493027294899
0.06,5.0,1.0,2,extinction,415,0,55,0.0009000000000000001,0.06125630325288451,13680.796063545245,4.775900271299249,13685.571963816545
0.06,5.0,1.0,1,extinction,546,0,52,0.0009000000000000001,0.02638363734478806,12233.20439361441,1.288633680489604,12234.493027294899
0.06,5.0,0.5,4,extinction,634,0,48,0.0009000000000000001,0.018842332840736324,10868.640797570852,0.5345032300844306,10869.175300800936
0.06,5.0,2.0,2,extinction,415,0,55,0.0009000000000000001,0.06125630325288451,13680.796063545245,4.775900271299249,13685.571963816545
0.06,5.0,2.0,1,extinction,546,0,52,0.0009000000000000001,0.02638363734478806,12233.20439361441,1.288633680489604,12234.493027294899
0.06,5.0,0.5,3,extinction,853,0,51,0.0009000000000000001,0.014095499176257116,11295.958417209511,0.05981986363650955,11296.018237073147
0.06,5.0,1.0,4,extinction,634,0,48,0.0009000000000000001,0.018842332840736324,10868.640797570852,0.5345032300844306,10869.175300800936
0.06,5.0,0.5,0,extinction,942,0,56,0.0009000000000000001,0.013742954251203955,13248.41764766365,0.024565371131193472,13248.442213034781
0.06,10.0,0.5,2,extinction,415,0,77,0.0019344076553786554,0.10579094014373984,29395.478836528866,4.776410997994752,29400.25524752686
0.06,5.0,1.0,3,extinction,853,0,51,0.0009000000000000001,0.014095499176257116,11295.958417209511,0.05981986363650955,11296.018237073147
0.06,5.0,1.0,0,extinction,942,0,56,0.0009000000000000001,0.013742954251203955,13248.41764766365,0.024565371131193472,13248.442213034781
0.06,10.0,0.5,1,extinction,546,0,78,0.0001,0.01588883462808388,26861.97241645597,1.288884962800888,26863.26130141877
0.06,5.0,2.0,4,extinction,634,0,48,0.0009000000000000001,0.018842332840736324,10868.640797570852,0.5345032300844306,10869.175300800936
0.06,5.0,2.0,0,extinction,942,0,56,0.0009000000000000001,0.013742954251203955,13248.41764766365,0.024565371131193472,13248.442213034781
0.06,5.0,2.0,3,extinction,853,0,51,0.0009000000000000001,0.014095499176257116,11295.958417209511,0.05981986363650955,11296.018237073147
0.06,10.0,1.0,2,extinction,415,0,77,0.0019344076553786554,0.10579094014373984,29395.478836528866,4.776410997994752,29400.25524752686
0.06,10.0,0.5,4,extinction,634,0,77,0.000570122775860219,0.022449501996344236,24560.247554577756,0.5346034013229654,24560.78215797908
0.06,10.0,1.0,1,extinction,546,0,78,0.0001,0.01588883462808388,26861.97241645597,1.288884962800888,26863.26130141877
0.06,10.0,0.5,0,extinction,942,0,99,0.0008613481451073029,0.026085764213718696,30598.63665727164,0.02456992347887887,30598.66122719512
0.06,10.0,2.0,2,extinction,415,0,77,0.0019344076553786554,0.10579094014373984,29395.478836528866,4.776410997994752,29400.25524752686
0.06,10.0,0.5,3,extinction,853,0,89,0.0012003217306895844,0.036607343335146696,26302.602266565027,0.05983080307067403,26302.6620973681
0.06,10.0,1.0,4,extinction,634,0,77,0.0001,0.00834599625071584,24560.240502824883,0.5346034013229654,24560.775106226207
0.06,10.0,2.0,1,extinction,546,0,78,0.0001,0.01588883462808388,26861.97241645597,1.288884962800888,26863.26130141877
0.06,10.0,1.0,0,extinction,942,0,99,0.0001,0.0032456551905435745,30598.62523721713,0.02456992347887887,30598.64980714061
0.06,10.0,2.0,4,extinction,634,0,77,0.0001,0.00834599625071584,24560.240502824883,0.5346034013229654,24560.775106226207
0.06,15.0,0.5,2,extinction,415,0,87,0.002631518154463596,0.16617550479728396,45211.96866758767,4.776528729240722,45216.745196316915
0.06,10.0,1.0,3,extinction,853,0,89,0.00013706491769190806,0.004710185149962582,26302.586317985937,0.05983080307067403,26302.64614878901
0.06,15.0,0.5,1,extinction,546,0,90,0.0008613481451073029,0.05164882231315456,41859.19172463281,1.2888724844759705,41860.48059711728
0.06,10.0,2.0,3,extinction,853,0,89,0.0001,0.0035982566597924422,26302.585762021692,0.05983080307067403,26302.645592824763
0.06,10.0,2.0,0,extinction,942,0,99,0.0001,0.0032456551905435745,30598.62523721713,0.02456992347887887,30598.64980714061
0.06,15.0,1.0,2,extinction,415,0,87,0.002631518154463596,0.16617550479728396,45211.96866758767,4.776528729240722,45216.745196316915
0.06,15.0,0.5,4,extinction,634,0,90,0.0022561978776832253,0.1068664799700166,38728.99143841444,0.5345674828103082,38729.526005897256
0.06,15.0,1.0,1,extinction,546,0,90,0.0001,0.01738865877839188,41859.17459455104,1.2888724844759705,41860.463467035515
0.06,15.0,2.0,2,extinction,415,0,87,0.002631518154463596,0.16617550479728396,45211.96866758767,4.776528729240722,45216.745196316915
0.06,15.0,0.5,0,extinction,942,0,115,0.001912349263994217,0.08629940938107554,48232.387963604444,0.02456971185512743,48232.412533316296
0.06,15.0,1.0,4,extinction,634,0,90,0.0022561978776832253,0.1068664799700166,38728.99143841444,0.5345674828103082,38729.526005897256
0.06,15.0,0.5,3,extinction,853,0,105,0.0012003217306895844,0.054611860987366666,42103.94342988611,0.05983080307067403,42104.00326068918
0.06,15.0,2.0,1,extinction,546,0,90,0.0001,0.01738865877839188,41859.17459455104,1.2888724844759705,41860.463467035515
0.06,15.0,1.0,0,extinction,942,0,115,0.0004732861183338758,0.02154307632211998,48232.355585437916,0.02456971185512743,48232.38015514977
0.06,15.0,2.0,4,extinction,634,0,90,0.0022561978776832253,0.1068664799700166,38728.99143841444,0.5345674828103082,38729.526005897256
0.06,15.0,1.0,3,extinction,853,0,105,0.00013706491769190806,0.0067661237095905016,42103.91950701747,0.05983080307067403,42103.979337820536
0.062,5.0,0.5,1,extinction,520,0,52,0.0009000000000000001,0.03020997844907016,12751.25677530064,1.6712677909178142,12752.928043091559
0.06,15.0,2.0,3,extinction,853,0,105,0.0001,0.005098230974335293,42103.9186730711,0.05983080307067403,42103.97850387417
0.06,15.0,2.0,0,extinction,942,0,115,0.0001,0.0047455922937029455,48232.3471866959,0.02456971185512743,48232.37175640775
0.062,5.0,0.5,2,extinction,679,0,61,0.0009000000000000001,0.01690544360623805,15276.769799782614,0.3408143066346028,15277.11061408925
0.062,5.0,1.0,1,extinction,520,0,52,0.0009000000000000001,0.03020997844907016,12751.25677530064,1.6712677909178142,12752.928043091559
0.062,5.0,1.0,2,extinction,679,0,61,0.0009000000000000001,0.01690544360623805,15276.769799782614,0.3408143066346028,15277.11061408925
0.062,5.0,2.0,1,extinction,520,0,52,0.0009000000000000001,0.03020997844907016,12751.25677530064,1.6712677909178142,12752.928043091559
0.062,5.0,0.5,4,extinction,946,0,82,0.0009000000000000001,0.0137333220314091,18663.839651035607,0.023602149151708024,18663.863253184758
0.062,5.0,0.5,3,extinction,976,0,57,0.0009000000000000001,0.013672149561280348,13342.995887671887,0.017484902138832876,13343.013372574025
0.062,5.0,2.0,2,extinction,679,0,61,0.0009000000000000001,0.01690544360623805,15276.769799782614,0.3408143066346028,15277.11061408925
0.062,10.0,0.5,1,extinction,520,0,78,0.0019344076553786554,0.07474129529847282,27768.764142200827,1.6714465134680494,27770.435588714296
0.062,5.0,1.0,3,extinction,976,0,57,0.0009000000000000001,0.013672149561280348,13342.995887671887,0.017484902138832876,13343.013372574025
0.062,5.0,1.0,4,extinction,946,0,82,0.0009000000000000001,0.0137333220314091,18663.839651035607,0.023602149151708024,18663.863253184758
0.062,5.0,0.5,0,extinction,1287,0,106,0.0009000000000000001,0.013505098973286252,26358.806185801954,0.0007798433394231561,26358.806965645294
0.062,10.0,0.5,2,extinction,679,0,100,0.002226834613612513,0.07021195543839366,34348.29669299637,0.340873207941198,34348.637566204314
0.062,5.0,2.0,3,extinction,976,0,57,0.0009000000000000001,0.013672149561280348,13342.995887671887,0.017484902138832876,13343.013372574025
0.062,5.0,1.0,0,extinction,1287,0,106,0.0009000000000000001,0.013505098973286252,26358.806185801954,0.0007798433394231561,26358.806965645294
0.062,10.0,1.0,1,extinction,520,0,78,0.0019344076553786554,0.07474129529847282,27768.764142200827,1.6714465134680494,27770.435588714296
0.062,5.0,2.0,4,extinction,946,0,82,0.0009000000000000001,0.0137333220314091,18663.839651035607,0.023602149151708024,18663.863253184758
0.062,5.0,2.0,0,extinction,1287,0,106,0.0009000000000000001,0.013505098973286252,26358.806185801954,0.0007798433394231561,26358.806965645294
0.062,10.0,2.0,1,extinction,520,0,78,0.0019344076553786554,0.07474129529847282,27768.764142200827,1.6714465134680494,27770.435588714296
0.062,10.0,1.0,2,extinction,679,0,100,0.0007485045614311891,0.02586325883090121,34348.27451864807,0.340873207941198,34348.61539185601
0.062,10.0,0.5,3,extinction,976,0,101,0.0028036387334072267,0.08427980828270569,31319.537714780705,0.017487519821461576,31319.555202300526
0.062,10.0,0.5,4,extinction,946,0,121,0.002665311441923884,0.08019244792166277,42204.33217834853,0.023605997068858835,42204.3557843456
0.062,10.0,0.5,0,extinction,1287,0,170,0.002770048708970705,0.08310438753851292,59951.77189945178,0.0007799535670863966,59951.772679405345
0.062,10.0,2.0,2,extinction,679,0,100,0.0001,0.0064086505713654195,34348.264791343936,0.340873207941198,34348.60566455188
0.062,15.0,0.5,1,extinction,520,0,87,0.0028036387334072267,0.14287257960806218,42652.91298449097,1.6715179981325559,42654.5845024891
0.062,10.0,1.0,4,extinction,946,0,121,0.0014587229654437436,0.0439961314968237,42204.31408019032,0.023605997068858835,42204.33768618739
0.062,10.0,1.0,3,extinction,976,0,101,0.0021957321650039057,0.06604352817715559,31319.52859664065,0.017487519821461576,31319.546084160473
0.062,10.0,1.0,0,extinction,1287,0,170,0.002499995673237149,0.07500327156297235,59951.76784889379,0.0007799535670863966,59951.768628847356
0.062,15.0,0.5,2,extinction,679,0,112,0.002482256914789762,0.11510673814497728,52909.42256483344,0.34087166732316637,52909.76343650076
0.062,10.0,2.0,4,extinction,946,0,121,0.0004369407337380467,0.013343797501400877,42204.29875402332,0.023605997068858835,42204.32236002039
0.062,10.0,2.0,3,extinction,976,0,101,0.0013467717218441538,0.040575995426758334,31319.515862874276,0.017487519821461576,31319.533350394096
0.062,15.0,1.0,1,extinction,520,0,87,0.0021957321650039057,0.115518159449737,42652.899307280895,1.6715179981325559,42654.57082527903
0.062,10.0,2.0,0,extinction,1287,0,170,0.0020363056179701095,0.061093385661414465,59951.760893950835,0.0007799535670863966,59951.7616739044
0.062,15.0,1.0,2,extinction,679,0,112,0.0010847787452182176,0.05222221331555653,52909.391122571025,0.34087166732316637,52909.73199423835
0.062,15.0,2.0,1,extinction,520,0,87,0.0013467717218441538,0.07731686032414113,42652.88020663133,1.6715179981325559,42654.55172462946
0.062,15.0,0.5,3,extinction,976,0,119,0.0008613481451073029,0.038934978892043004,49520.07391397221,0.01748814236481424,49520.09140211458
0.062,15.0,0.5,4,extinction,946,0,143,0.0019344076553786554,0.08727629197694457,67141.80518718618,0.023604673125609963,67141.82879185931
0.062,15.0,0.5,0,extinction,1287,0,195,0.000570122775860219,0.025663001869570337,93811.30853347531,0.0007799894898461588,93811.30931346481
0.062,15.0,2.0,2,extinction,679,0,112,0.00020717151559901994,0.012731139448987466,52909.37137703409,0.34087166732316637,52909.71224870141
0.062,15.0,1.0,4,extinction,946,0,143,0.0019344076553786554,0.08727629197694457,67141.80518718618,0.023604673125609963,67141.82879185931
0.062,15.0,1.0,3,extinction,976,0,119,0.0001,0.0046748153572803205,49520.056783890446,0.01748814236481424,49520.07427203281
0.062,15.0,1.0,0,extinction,1287,0,195,0.0001,0.004507743251127742,93811.297955846,0.0007799894898461588,93811.2987358355
0.064,5.0,0.5,3,extinction,768,0,81,0.0009000000000000001,0.014896874096290038,19457.7606179705,0.13995735563980155,19457.90057532614
0.062,15.0,2.0,4,extinction,946,0,143,0.0019344076553786554,0.08727629197694457,67141.80518718618,0.023604673125609963,67141.82879185931
0.062,15.0,2.0,3,extinction,976,0,119,0.0001,0.0046748153572803205,49520.056783890446,0.01748814236481424,49520.07427203281
0.062,15.0,2.0,0,extinction,1287,0,195,0.0001,0.004507743251127742,93811.297955846,0.0007799894898461588,93811.2987358355
0.064,5.0,0.5,4,extinction,801,0,80,0.0009000000000000001,0.014503487186270281,19957.592466117214,0.10061866463782598,19957.69308478185
0.064,5.0,1.0,3,extinction,768,0,81,0.0009000000000000001,0.014896874096290038,19457.7606179705,0.13995735563980155,19457.90057532614
0.064,5.0,1.0,4,extinction,801,0,80,0.0009000000000000001,0.014503487186270281,19957.592466117214,0.10061866463782598,19957.69308478185
0.064,5.0,0.5,0,extinction,1457,0,104,0.0009000000000000001,0.01349872518518657,22622.133409867605,0.00014246452945487488,22622.133552332136
0.064,5.0,0.5,2,extinction,1582,0,90,0.0009000000000000001,0.013497708707602734,21702.181392978808,4.08167710712515e-05,21702.18143379558
0.064,5.0,2.0,3,extinction,768,0,81,0.0009000000000000001,0.014896874096290038,19457.7606179705,0.13995735563980155,19457.90057532614
0.064,5.0,2.0,4,extinction,801,0,80,0.0009000000000000001,0.014503487186270281,19957.592466117214,0.10061866463782598,19957.69308478185
0.064,5.0,0.5,1,extinction,1730,0,124,0.0009000000000000001,0.01349739345424616,31779.805029262796,9.291435413950986e-06,31779.80503855423
0.064,5.0,1.0,0,extinction,1457,0,104,0.0009000000000000001,0.01349872518518657,22622.133409867605,0.00014246452945487488,22622.133552332136
0.064,5.0,1.0,2,extinction,1582,0,90,0.0009000000000000001,0.013497708707602734,21702.181392978808,4.08167710712515e-05,21702.18143379558
0.064,5.0,1.0,1,extinction,1730,0,124,0.0009000000000000001,0.01349739345424616,31779.805029262796,9.291435413950986e-06,31779.80503855423
0.064,5.0,2.0,0,extinction,1457,0,104,0.0009000000000000001,0.01349872518518657,22622.133409867605,0.00014246452945487488,22622.133552332136
0.064,10.0,0.5,3,extinction,768,0,121,0.001560738477974181,0.04822104471500532,43402.74896611151,0.13998255130793189,43402.88894866282
0.064,10.0,0.5,4,extinction,801,0,123,0.001421967380631769,0.04365988260846455,44255.311139210506,0.10062605060380096,44255.41176526111
0.064,5.0,2.0,1,extinction,1730,0,124,0.0009000000000000001,0.01349739345424616,31779.805029262796,9.291435413950986e-06,31779.80503855423
0.064,5.0,2.0,2,extinction,1582,0,90,0.0009000000000000001,0.013497708707602734,21702.181392978808,4.08167710712515e-05,21702.18143379558
0.064,10.0,0.5,0,extinction,1457,0,157,0.0009000000000000001,0.02699602572507859,52924.33284739673,0.00014246452945487488,52924.33298986126
0.064,10.0,1.0,3,extinction,768,0,121,0.0002702840584039454,0.009508185320895016,43402.72960968182,0.13998255130793189,43402.869592233124
0.064,10.0,1.0,4,extinction,801,0,123,0.001421967380631769,0.04365988260846455,44255.311139210506,0.10062605060380096,44255.41176526111
0.064,10.0,0.5,1,extinction,1730,0,203,0.0009000000000000001,0.026994693994138185,73281.49126921383,9.291435413950986e-06,73281.49127850527
0.064,10.0,0.5,2,extinction,1582,0,159,0.002631518154463596,0.07894055322467242,51476.71781405782,4.082214212643856e-05,51476.71785487996
0.064,10.0,2.0,3,extinction,768,0,121,0.0001,0.004399765596744031,43402.72705547195,0.13998255130793189,43402.86703802326
0.064,10.0,2.0,4,extinction,801,0,123,0.001421967380631769,0.04365988260846455,44255.311139210506,0.10062605060380096,44255.41176526111
0.064,10.0,1.0,0,extinction,1457,0,157,0.0009000000000000001,0.02699602572507859,52924.33284739673,0.00014246452945487488,52924.33298986126
0.064,15.0,0.5,3,extinction,768,0,145,0.0001,0.005899819064816454,68426.5346351088,0.13998453075559636,68426.67461963955
0.064,10.0,1.0,2,extinction,1582,0,159,0.002631518154463596,0.07894055322467242,51476.71781405782,4.082214212643856e-05,51476.71785487996
0.064,15.0,0.5,4,extinction,801,0,141,0.002226834613612513,0.10121119557927657,68607.63891017929,0.10063605408040413,68607.73954623337
0.064,10.0,2.0,0,extinction,1457,0,157,0.0009000000000000001,0.02699602572507859,52924.33284739673,0.00014246452945487488,52924.33298986126
0.064,10.0,1.0,1,extinction,1730,0,203,0.0009000000000000001,0.026994693994138185,73281.49126921383,9.291435413950986e-06,73281.49127850527
0.064,10.0,2.0,2,extinction,1582,0,159,0.002631518154463596,0.07894055322467242,51476.71781405782,4.082214212643856e-05,51476.71785487996
0.064,10.0,2.0,1,extinction,1730,0,203,0.0009000000000000001,0.026994693994138185,73281.49126921383,9.291435413950986e-06,73281.49127850527
0.064,15.0,1.0,3,extinction,768,0,145,0.0001,0.005899819064816454,68426.5346351088,0.13998453075559636,68426.67461963955
0.064,15.0,0.5,0,extinction,1457,0,186,0.0001,0.004501394312321481,84617.52819627593,0.00014249205314824316,84617.52833876798
0.064,15.0,1.0,4,extinction,801,0,141,0.0007485045614311891,0.03468815066803789,68607.60564865684,0.10063605408040413,68607.70628471092
0.064,15.0,0.5,2,extinction,1582,0,187,0.0001,0.004500372546236272,81501.05068178206,4.082461054883915e-05,81501.05072260667
0.064,15.0,2.0,3,extinction,768,0,145,0.0001,0.005899819064816454,68426.5346351088,0.13998453075559636,68426.67461963955
0.064,15.0,0.5,1,extinction,1730,0,243,0.002770048708970705,0.12464497493175027,115526.3674076153,9.29274872030632e-06,115526.36741690805
0.064,15.0,2.0,4,extinction,801,0,141,0.0001,0.0055062382787342,68607.59105770064,0.10063605408040413,68607.69169375472
0.064,15.0,1.0,0,extinction,1457,0,186,0.0001,0.004501394312321481,84617.52819627593,0.00014249205314824316,84617.52833876798
0.064,15.0,1.0,2,extinction,1582,0,187,0.0001,0.004500372546236272,81501.05068178206,4.082461054883915e-05,81501.05072260667
0.064,15.0,1.0,1,extinction,1730,0,243,0.002499995673237149,0.11249330096843942,115526.36133177832,9.29274872030632e-06,115526.36134107107
0.064,15.0,2.0,0,extinction,1457,0,186,0.0001,0.004501394312321481,84617.52819627593,0.00014249205314824316,84617.52833876798
0.064,15.0,2.0,2,extinction,1582,0,187,0.0001,0.004500372546236272,81501.05068178206,4.082461054883915e-05,81501.05072260667
0.064,15.0,2.0,1,extinction,1730,0,243,0.0020363056179701095,0.0916284721161026,115526.3508993639,9.29274872030632e-06,115526.35090865665
0.066,5.0,0.5,0,extinction,1433,0,129,0.0009000000000000001,0.013499111619012226,31793.202581729176,0.00018110791202044846,31793.20276283709
0.066,5.0,1.0,0,extinction,1433,0,129,0.0009000000000000001,0.013499111619012226,31793.202581729176,0.00018110791202044846,31793.20276283709
0.066,5.0,2.0,0,extinction,1433,0,129,0.0009000000000000001,0.013499111619012226,31793.202581729176,0.00018110791202044846,31793.20276283709
0.066,5.0,0.5,4,extinction,2243,0,165,0.0009000000000000001,0.013497301089625416,40691.29784924177,5.4973339513950076e-08,40691.29784929674
0.066,5.0,1.0,4,extinction,2243,0,165,0.0009000000000000001,0.013497301089625416,40691.29784924177,5.4973339513950076e-08,40691.29784929674
0.066,10.0,0.5,0,extinction,1433,0,206,0.0001,0.003001787627052503,72919.99306000328,0.00018114269653132396,72919.99324114597
0.066,5.0,0.5,1,extinction,2773,0,203,0.0009000000000000001,0.013497300542636067,49849.48415028232,2.7440458656034063e-10,49849.484150282595
0.066,5.0,0.5,2,extinction,2829,0,237,0.0009000000000000001,0.026615658627675575,55684.16746197189,3.090841648073539e-10,55684.167461972196
0.066,5.0,1.0,1,extinction,2773,0,203,0.0009000000000000001,0.013497300542636067,49849.48415028232,2.7440458656034063e-10,49849.484150282595
0.066,5.0,1.0,2,extinction,2829,0,237,0.0009000000000000001,0.026615658627675575,55684.16746197189,3.090841648073539e-10,55684.167461972196
0.066,5.0,2.0,4,extinction,2243,0,165,0.0009000000000000001,0.013497301089625416,40691.29784924177,5.4973339513950076e-08,40691.29784929674
0.066,5.0,2.0,1,extinction,2773,0,203,0.0009000000000000001,0.013497300542636067,49849.48415028232,2.7440458656034063e-10,49849.484150282595
0.066,5.0,2.0,2,extinction,2829,0,237,0.0009000000000000001,0.026615658627675575,55684.16746197189,3.090841648073539e-10,55684.167461972196
0.066,10.0,1.0,0,extinction,1433,0,206,0.0001,0.003001787627052503,72919.99306000328,0.00018114269653132396,72919.99324114597
0.066,10.0,0.5,1,extinction,2773,0,320,0.00034342285456760095,0.010302574450807884,117683.81492822798,2.7445650544764233e-10,117683.81492822825
0.066,10.0,2.0,0,extinction,1433,0,206,0.0001,0.003001787627052503,72919.99306000328,0.00018114269653132396,72919.99324114597
0.066,10.0,0.5,2,extinction,2829,0,351,0.0010452766902356862,0.06182471035121904,132023.2865945835,3.0908852099262996e-10,132023.28659458383
0.066,10.0,0.5,4,extinction,2243,0,274,0.0008613481451073029,0.025840065528765176,97786.92973896612,5.498352693402032e-08,97786.9297390211
0.066,10.0,1.0,4,extinction,2243,0,274,0.0001,0.0029999565055900553,97786.9183189116,5.498352693402032e-08,97786.91831896658
0.066,10.0,1.0,1,extinction,2773,0,320,0.0001,0.002999967626051159,117683.81127692456,2.7445650544764233e-10,117683.81127692484
0.066,10.0,1.0,2,extinction,2829,0,351,0.0010452766902356862,0.06182471035121904,132023.2865945835,3.0908852099262996e-10,132023.28659458383
0.066,15.0,0.5,0,extinction,1433,0,243,0.002665311441923884,0.11993639330084623,115276.9288733193,0.00018113743849434418,115276.92905445673
0.066,10.0,2.0,1,extinction,2773,0,320,0.0001,0.002999967626051159,117683.81127692456,2.7445650544764233e-10,117683.81127692484
0.066,10.0,2.0,2,extinction,2829,0,351,0.0010452766902356862,0.06182471035121904,132023.2865945835,3.0908852099262996e-10,132023.28659458383
0.066,10.0,2.0,4,extinction,2243,0,274,0.0001,0.0029999565055900553,97786.9183189116,5.498352693402032e-08,97786.91831896658
0.066,15.0,1.0,0,extinction,1433,0,243,0.0014587229654437436,0.06564191866358761,115276.90172608197,0.00018113743849434418,115276.9019072194
0.066,15.0,0.5,1,extinction,2773,0,386,0.00034342285456760095,0.015453861674839541,188847.52500055343,2.7445650544764233e-10,188847.5250005537
0.066,15.0,0.5,4,extinction,2243,0,332,0.0028036387334072267,0.1261574001765523,156619.67161364254,5.4981569628979866e-08,156619.67161369752
0.066,15.0,0.5,2,extinction,2829,0,425,0.0027714713741591314,0.24590134857485677,214255.34467012776,3.091087550516614e-10,214255.34467012808
0.066,5.0,0.5,3,extinction,7820,0,476,0.0009000000000000001,0.01349730053989202,110128.80547748969,3.3078732838685946e-32,110128.80547748969
0.066,5.0,1.0,3,extinction,7820,0,476,0.0009000000000000001,0.01349730053989202,110128.80547748969,3.3078732838685946e-32,110128.80547748969
0.066,15.0,2.0,0,extinction,1433,0,243,0.0004369407337380467,0.019663417670453376,115276.87873683148,0.00018113743849434418,115276.87891796892
0.066,5.0,2.0,3,extinction,7820,0,476,0.0009000000000000001,0.01349730053989202,110128.80547748969,3.3078732838685946e-32,110128.80547748969
0.066,15.0,1.0,4,extinction,2243,0,332,0.0021957321650039057,0.09880298001822715,156619.65793643246,5.4981569628979866e-08,156619.65793648743
0.066,15.0,1.0,1,extinction,2773,0,386,0.0001,0.004499951437704456,188847.5195235983,2.7445650544764233e-10,188847.51952359857
0.066,15.0,1.0,2,extinction,2829,0,425,0.0018396147012133873,0.16322150757434123,214255.30333020724,3.091087550516614e-10,214255.30333020756
0.066,15.0,2.0,4,extinction,2243,0,332,0.0013467717218441538,0.060601680892631266,156619.6388357829,5.4981569628979866e-08,156619.6388358379
0.066,10.0,0.5,3,extinction,7820,0,741,0.0009000000000000001,0.02699460107978404,275770.29044234374,3.3078732838685946e-32,275770.29044234374
0.066,15.0,2.0,1,extinction,2773,0,386,0.0001,0.004499951437704456,188847.5195235983,2.7445650544764233e-10,188847.51952359857
0.066,15.0,2.0,2,extinction,2829,0,425,0.0008105126925173573,0.07191348465346774,214255.2576761958,3.091087550516614e-10,214255.2576761961
0.066,10.0,1.0,3,extinction,7820,0,741,0.0009000000000000001,0.02699460107978404,275770.29044234374,3.3078732838685946e-32,275770.29044234374
0.066,10.0,2.0,3,extinction,7820,0,741,0.0009000000000000001,0.02699460107978404,275770.29044234374,3.3078732838685946e-32,275770.29044234374
0.066,15.0,0.5,3,extinction,7820,0,955,0.001560738477974181,0.070231828802889,463138.2825272184,3.308468780097403e-32,463138.2825272184
0.066,15.0,1.0,3,extinction,7820,0,955,0.0002702840584039454,0.012162539711723546,463138.25349257386,3.308468780097403e-32,463138.25349257386
0.07,5.0,0.5,1,extinction,5850,0,871,0.0009000000000000001,0.01349730053989202,259813.69642728957,1.1889132249622805e-23,259813.69642728957
0.066,15.0,2.0,3,extinction,7820,0,955,0.0001,0.004499910125497069,463138.24966125906,3.308468780097403e-32,463138.24966125906
0.07,5.0,1.0,1,extinction,5850,0,871,0.0009000000000000001,0.01349730053989202,259813.69642728957,1.1889132249622805e-23,259813.69642728957
0.07,5.0,2.0,1,extinction,5850,0,871,0.0009000000000000001,0.01349730053989202,259813.69642728957,1.1889132249622805e-23,259813.69642728957
0.07,10.0,0.5,1,extinction,5850,0,1269,0.0009000000000000001,0.02699460107978404,588766.0080616549,1.1889132249622805e-23,588766.0080616549
0.07,5.0,0.5,4,extinction,31841,0,4058,0.0009000000000000001,0.01349730053989202,1307462.4107124098,1.5764179324480803e-136,1307462.4107124098
0.07,5.0,1.0,4,extinction,31841,0,4058,0.0009000000000000001,0.01349730053989202,1307462.4107124098,1.5764179324480803e-136,1307462.4107124098
0.07,5.0,2.0,4,extinction,31841,0,4058,0.0009000000000000001,0.01349730053989202,1307462.4107124098,1.5764179324480803e-136,1307462.4107124098
0.07,10.0,1.0,1,extinction,5850,0,1269,0.0009000000000000001,0.02699460107978404,588766.0080616549,1.1889132249622805e-23,588766.0080616549
0.07,5.0,0.5,0,max_steps,50000,111,6999,0.7157517868796264,28.629937214893275,2380950.635734159,5.756916674925107e-215,2380950.635734159
0.07,5.0,0.5,2,max_steps,50000,131,7023,1.3602529749366703,54.409945378624954,2379964.203699482,5.756925302026184e-215,2379964.203699482
0.07,5.0,0.5,3,max_steps,50000,83,6560,0.7292825258773592,29.171195420712994,2185220.8909271476,5.756922829073722e-215,2185220.8909271476
0.07,5.0,1.0,0,max_steps,50000,111,6999,0.7157517868796264,28.629937214893275,2380950.635734159,5.756916674925107e-215,2380950.635734159
0.07,5.0,1.0,2,max_steps,50000,131,7023,1.3602529749366703,54.409945378624954,2379964.203699482,5.756925302026184e-215,2379964.203699482
0.07,5.0,1.0,3,max_steps,50000,83,6560,0.7292825258773592,29.171195420712994,2185220.8909271476,5.756922829073722e-215,2185220.8909271476
0.07,5.0,2.0,0,max_steps,50000,111,6999,0.7157517868796264,28.629937214893275,2380950.635734159,5.756916674925107e-215,2380950.635734159
0.07,5.0,2.0,2,max_steps,50000,131,7023,1.3602529749366703,54.409945378624954,2379964.203699482,5.756925302026184e-215,2379964.203699482
0.07,5.0,2.0,3,max_steps,50000,83,6560,0.7292825258773592,29.171195420712994,2185220.8909271476,5.756922829073722e-215,2185220.8909271476
0.07,10.0,2.0,1,extinction,5850,0,1269,0.0009000000000000001,0.02699460107978404,588766.0080616549,1.1889132249622805e-23,588766.0080616549
0.07,10.0,0.5,0,max_steps,50000,111,10570,0.8348176549113588,66.78513775295099,5521393.46360902,5.756919997892844e-215,5521393.46360902
0.07,10.0,0.5,2,max_steps,50000,131,10583,1.3602529749366703,108.81989075724991,5526435.666823302,5.756925302026184e-215,5526435.666823302
0.07,15.0,0.5,1,extinction,5850,0,1573,0.0008613481451073029,0.03876009746839486,935910.2876276898,1.1891335491877479e-23,935910.2876276898
0.07,10.0,0.5,3,max_steps,50000,83,9937,0.45962988145667777,36.77019321344475,5114299.531981747,5.756912781335285e-215,5114299.531981747
0.07,10.0,0.5,4,extinction,31841,0,6113,0.0009000000000000001,0.02699460107978404,3056158.4412351623,1.5764179324480803e-136,3056158.4412351623
0.07,15.0,1.0,1,extinction,5850,0,1573,0.0001,0.004499933933632178,935910.270497608,1.1891335491877479e-23,935910.270497608
0.07,10.0,1.0,4,extinction,31841,0,6113,0.0009000000000000001,0.02699460107978404,3056158.4412351623,1.5764179324480803e-136,3056158.4412351623
0.07,10.0,1.0,0,max_steps,50000,111,10570,0.8348176549113588,66.78513775295099,5521393.46360902,5.756919997892844e-215,5521393.46360902
0.07,10.0,2.0,4,extinction,31841,0,6113,0.0009000000000000001,0.02699460107978404,3056158.4412351623,1.5764179324480803e-136,3056158.4412351623
0.07,15.0,2.0,1,extinction,5850,0,1573,0.0001,0.004499933933632178,935910.270497608,1.1891335491877479e-23,935910.270497608
0.07,15.0,0.5,4,extinction,31841,0,7649,0.0016585127635302746,0.07462497523786782,4903017.424659462,1.5765621102185164e-136,4903017.424659462
0.07,10.0,1.0,2,max_steps,50000,131,10583,1.3602529749366703,108.81989075724991,5526435.666823302,5.756925302026184e-215,5526435.666823302
0.07,10.0,1.0,3,max_steps,50000,83,9937,0.45962988145667777,36.77019321344475,5114299.531981747,5.756912781335285e-215,5114299.531981747
0.07,10.0,2.0,0,max_steps,50000,111,10570,0.8348176549113588,66.78513775295099,5521393.46360902,5.756919997892844e-215,5521393.46360902
0.07,10.0,2.0,2,max_steps,50000,131,10583,1.3602529749366703,108.81989075724991,5526435.666823302,5.756925302026184e-215,5526435.666823302
0.07,10.0,2.0,3,max_steps,50000,83,9937,0.45962988145667777,36.77019321344475,5114299.531981747,5.756912781335285e-215,5114299.531981747
0.07,15.0,0.5,0,max_steps,50000,111,13060,0.8348176549113588,100.17770662942647,8794838.604058657,5.756919997892844e-215,8794838.604058657
0.07,15.0,0.5,2,max_steps,50000,131,13151,1.1662468943863278,139.9491213756783,8823354.227925599,5.756922859326577e-215,8823354.227925599
0.07,15.0,0.5,3,max_steps,50000,83,12390,0.45962988145667777,55.15528982016713,8196357.842602178,5.756912781335285e-215,8196357.842602178
0.07,15.0,1.0,0,max_steps,50000,111,13060,0.8348176549113588,100.17770662942647,8794838.604058657,5.756919997892844e-215,8794838.604058657
0.07,15.0,1.0,4,extinction,31841,0,7649,0.0016585127635302746,0.07462497523786782,4903017.424659462,1.5765621102185164e-136,4903017.424659462
0.07,15.0,1.0,2,max_steps,50000,131,13151,1.1662468943863278,139.9491213756783,8823354.227925599,5.756922859326577e-215,8823354.227925599
0.07,15.0,1.0,3,max_steps,50000,83,12390,0.45962988145667777,55.15528982016713,8196357.842602178,5.756912781335285e-215,8196357.842602178
0.07,15.0,2.0,4,extinction,31841,0,7649,0.0016585127635302746,0.07462497523786782,4903017.424659462,1.5765621102185164e-136,4903017.424659462
0.07,15.0,2.0,0,max_steps,50000,111,13060,0.8348176549113588,100.17770662942647,8794838.604058657,5.756919997892844e-215,8794838.604058657
0.07,15.0,2.0,2,max_steps,50000,131,13151,1.1662468943863278,139.9491213756783,8823354.227925599,5.756922859326577e-215,8823354.227925599
0.07,15.0,2.0,3,max_steps,50000,83,12390,0.45962988145667777,55.15528982016713,8196357.842602178,5.756912781335285e-215,8196357.842602178
0.08,5.0,0.5,0,max_steps,50000,270,15792,2.4334016748959795,97.33571592276776,7745064.579622966,5.756922907802329e-215,7745064.579622966
0.08,5.0,0.5,1,max_steps,50000,342,15790,4.8440911103414575,193.76315890607947,7701155.705824304,5.756929247030374e-215,7701155.705824304
0.08,5.0,0.5,2,max_steps,50000,282,15699,2.552817323476306,102.11232470413367,7644382.674456926,5.756922911554493e-215,7644382.674456926
0.08,5.0,0.5,3,max_steps,50000,361,15725,5.229729224900968,209.1886452165029,7672880.976901665,5.756929257468911e-215,7672880.976901665
0.08,5.0,0.5,4,max_steps,50000,369,15818,4.485259494120974,179.40987434562817,7745755.103763385,5.75692745406874e-215,7745755.103763385
0.08,5.0,1.0,0,max_steps,50000,270,15792,2.4334016748959795,97.33571592276776,7745064.579622966,5.756922907802329e-215,7745064.579622966
0.08,5.0,1.0,1,max_steps,50000,342,15790,4.8440911103414575,193.76315890607947,7701155.705824304,5.756929247030374e-215,7701155.705824304
0.08,5.0,1.0,2,max_steps,50000,282,15699,2.552817323476306,102.11232470413367,7644382.674456926,5.756922911554493e-215,7644382.674456926
0.08,5.0,1.0,3,max_steps,50000,361,15725,5.229729224900968,209.1886452165029,7672880.976901665,5.756929257468911e-215,7672880.976901665
0.08,5.0,1.0,4,max_steps,50000,369,15818,4.485259494120974,179.40987434562817,7745755.103763385,5.75692745406874e-215,7745755.103763385
0.08,5.0,2.0,0,max_steps,50000,270,15792,2.4334016748959795,97.33571592276776,7745064.579622966,5.756922907802329e-215,7745064.579622966
0.08,5.0,2.0,1,max_steps,50000,342,15790,4.8440911103414575,193.76315890607947,7701155.705824304,5.756929247030374e-215,7701155.705824304
0.08,5.0,2.0,2,max_steps,50000,282,15699,2.552817323476306,102.11232470413367,7644382.674456926,5.756922911554493e-215,7644382.674456926
0.08,5.0,2.0,3,max_steps,50000,361,15725,5.229729224900968,209.1886452165029,7672880.976901665,5.756929257468911e-215,7672880.976901665
0.08,5.0,2.0,4,max_steps,50000,369,15818,4.485259494120974,179.40987434562817,7745755.103763385,5.75692745406874e-215,7745755.103763385
0.08,10.0,0.5,0,max_steps,50000,270,22375,2.838199941561136,227.05527271716875,16526523.568737704,5.756925350501936e-215,16526523.568737704
0.08,10.0,0.5,1,max_steps,50000,342,22191,4.8440911103414575,387.52631781215894,16413017.563053988,5.756929247030374e-215,16413017.563053988
0.08,10.0,0.5,2,max_steps,50000,282,22039,4.05048744844009,324.0381837804778,16291507.056628952,5.75692924418376e-215,16291507.056628952
0.08,10.0,0.5,3,max_steps,50000,361,22137,4.483839094199467,358.7061175026905,16360312.101145884,5.756927461853228e-215,16360312.101145884
0.08,10.0,0.5,4,max_steps,50000,369,22327,5.231385909457324,418.50982429975954,16518572.229771523,5.756929249684422e-215,16518572.229771523
0.08,10.0,1.0,0,max_steps,50000,270,22375,2.838199941561136,227.05527271716875,16526523.568737704,5.756925350501936e-215,16526523.568737704
0.08,10.0,1.0,1,max_steps,50000,342,22191,4.8440911103414575,387.52631781215894,16413017.563053988,5.756929247030374e-215,16413017.563053988
0.08,10.0,1.0,2,max_steps,50000,282,22039,4.05048744844009,324.0381837804778,16291507.056628952,5.75692924418376e-215,16291507.056628952
0.08,10.0,1.0,3,max_steps,50000,361,22137,4.483839094199467,358.7061175026905,16360312.101145884,5.756927461853228e-215,16360312.101145884
0.08,10.0,1.0,4,max_steps,50000,369,22327,5.231385909457324,418.50982429975954,16518572.229771523,5.756929249684422e-215,16518572.229771523
0.08,10.0,2.0,0,max_steps,50000,270,22375,2.838199941561136,227.05527271716875,16526523.568737704,5.756925350501936e-215,16526523.568737704
0.08,10.0,2.0,1,max_steps,50000,342,22191,4.8440911103414575,387.52631781215894,16413017.563053988,5.756929247030374e-215,16413017.563053988
0.08,10.0,2.0,2,max_steps,50000,282,22039,4.05048744844009,324.0381837804778,16291507.056628952,5.75692924418376e-215,16291507.056628952
0.08,10.0,2.0,3,max_steps,50000,361,22137,4.483839094199467,358.7061175026905,16360312.101145884,5.756927461853228e-215,16360312.101145884
0.08,10.0,2.0,4,max_steps,50000,369,22327,5.231385909457324,418.50982429975954,16518572.229771523,5.756929249684422e-215,16518572.229771523
0.08,15.0,0.5,0,max_steps,50000,270,24992,3.8610138103251317,463.32049577717737,25284502.95648802,5.756929240431596e-215,25284502.95648802
0.08,15.0,0.5,1,max_steps,50000,342,24989,4.153202615729007,498.38290965307203,25148590.66225921,5.756927451414692e-215,25148590.66225921
0.08,15.0,0.5,2,max_steps,50000,282,24984,3.4727866761063217,416.7332267469148,24993358.186003722,5.756927448568077e-215,24993358.186003722
0.08,15.0,0.5,3,max_steps,50000,361,24970,4.483839094199467,538.0591762540357,25074479.740078747,5.756927461853228e-215,25074479.740078747
0.08,15.0,0.5,4,max_steps,50000,369,24984,5.231385909457324,627.7647364496393,25279292.68427494,5.756929249684422e-215,25279292.68427494
0.08,15.0,1.0,0,max_steps,50000,270,24992,3.8610138103251317,463.32049577717737,25284502.95648802,5.756929240431596e-215,25284502.95648802
0.08,15.0,1.0,1,max_steps,50000,342,24989,4.153202615729007,498.38290965307203,25148590.66225921,5.756927451414692e-215,25148590.66225921
0.08,15.0,1.0,2,max_steps,50000,282,24984,3.4727866761063217,416.7332267469148,24993358.186003722,5.756927448568077e-215,24993358.186003722
0.08,15.0,1.0,3,max_steps,50000,361,24970,4.483839094199467,538.0591762540357,25074479.740078747,5.756927461853228e-215,25074479.740078747
0.08,15.0,1.0,4,max_steps,50000,369,24984,5.231385909457324,627.7647364496393,25279292.68427494,5.756929249684422e-215,25279292.68427494
0.08,15.0,2.0,0,max_steps,50000,270,24992,3.8610138103251317,463.32049577717737,25284502.95648802,5.756929240431596e-215,25284502.95648802
0.08,15.0,2.0,1,max_steps,50000,342,24989,4.153202615729007,498.38290965307203,25148590.66225921,5.756927451414692e-215,25148590.66225921
0.08,15.0,2.0,2,max_steps,50000,282,24984,3.4727866761063217,416.7332267469148,24993358.186003722,5.756927448568077e-215,24993358.186003722
0.08,15.0,2.0,3,max_steps,50000,361,24970,4.483839094199467,538.0591762540357,25074479.740078747,5.756927461853228e-215,25074479.740078747
0.08,15.0,2.0,4,max_steps,50000,369,24984,5.231385909457324,627.7647364496393,25279292.68427494,5.756929249684422e-215,25279292.68427494
0.09,5.0,0.5,0,max_steps,50000,433,17243,4.5979692724650265,183.91818589143645,11525021.710026221,5.7569253603919e-215,11525021.710026221
0.09,5.0,0.5,1,max_steps,50000,404,17185,5.78988987370533,231.59501485728765,11487009.455505215,5.756929252275437e-215,11487009.455505215
0.09,5.0,0.5,2,max_steps,50000,516,17250,5.453224508312657,218.1282866761478,11468903.915437732,5.756925364781775e-215,11468903.915437732
0.09,5.0,0.5,4,max_steps,50000,434,17278,6.315561333070635,252.62182089715523,11514453.646490067,5.756929259851498e-215,11514453.646490067
0.09,5.0,0.5,3,max_steps,50000,435,17257,6.2133258686725785,248.5324122607551,11456221.040218445,5.756929252946391e-215,11456221.040218445
0.09,5.0,1.0,0,max_steps,50000,433,17243,4.5979692724650265,183.91818589143645,11525021.710026221,5.7569253603919e-215,11525021.710026221
0.09,5.0,1.0,1,max_steps,50000,404,17185,5.78988987370533,231.59501485728765,11487009.455505215,5.756929252275437e-215,11487009.455505215
0.09,5.0,1.0,2,max_steps,50000,516,17250,5.453224508312657,218.1282866761478,11468903.915437732,5.756925364781775e-215,11468903.915437732
0.09,5.0,1.0,3,max_steps,50000,435,17257,6.2133258686725785,248.5324122607551,11456221.040218445,5.756929252946391e-215,11456221.040218445
0.09,5.0,1.0,4,max_steps,50000,434,17278,6.315561333070635,252.62182089715523,11514453.646490067,5.756929259851498e-215,11514453.646490067
0.09,5.0,2.0,0,max_steps,50000,433,17243,4.5979692724650265,183.91818589143645,11525021.710026221,5.7569253603919e-215,11525021.710026221
0.09,5.0,2.0,1,max_steps,50000,404,17185,5.78988987370533,231.59501485728765,11487009.455505215,5.756929252275437e-215,11487009.455505215
0.09,5.0,2.0,2,max_steps,50000,516,17250,5.453224508312657,218.1282866761478,11468903.915437732,5.756925364781775e-215,11468903.915437732
0.09,5.0,2.0,3,max_steps,50000,435,17257,6.2133258686725785,248.5324122607551,11456221.040218445,5.756929252946391e-215,11456221.040218445
0.09,5.0,2.0,4,max_steps,50000,434,17278,6.315561333070635,252.62182089715523,11514453.646490067,5.756929259851498e-215,11514453.646490067
0.09,10.0,0.5,0,max_steps,50000,433,25001,6.254958503971085,500.39542677525276,24638045.919316474,5.75692925032156e-215,24638045.919316474
0.09,10.0,0.5,1,max_steps,50000,404,25001,5.78988987370533,463.1900297145753,24568453.777833253,5.756929252275437e-215,24568453.777833253
0.09,10.0,0.5,2,max_steps,50000,516,24999,7.418425611628148,593.4725626724869,24516649.963357378,5.756929254711435e-215,24516649.963357378
0.09,10.0,0.5,3,max_steps,50000,435,25000,6.2133258686725785,497.0648245215102,24486595.96085886,5.756929252946391e-215,24486595.96085886
0.09,10.0,0.5,4,max_steps,50000,434,24998,5.4148043979414355,433.1831322713201,24607922.754985217,5.756927464235814e-215,24607922.754985217
0.09,10.0,1.0,0,max_steps,50000,433,25001,6.254958503971085,500.39542677525276,24638045.919316474,5.75692925032156e-215,24638045.919316474
0.09,10.0,1.0,1,max_steps,50000,404,25001,5.78988987370533,463.1900297145753,24568453.777833253,5.756929252275437e-215,24568453.777833253
0.09,10.0,1.0,2,max_steps,50000,516,24999,7.418425611628148,593.4725626724869,24516649.963357378,5.756929254711435e-215,24516649.963357378
0.09,10.0,1.0,3,max_steps,50000,435,25000,6.2133258686725785,497.0648245215102,24486595.96085886,5.756929252946391e-215,24486595.96085886
0.09,10.0,1.0,4,max_steps,50000,434,24998,5.4148043979414355,433.1831322713201,24607922.754985217,5.756927464235814e-215,24607922.754985217
0.09,10.0,2.0,0,max_steps,50000,433,25001,6.254958503971085,500.39542677525276,24638045.919316474,5.75692925032156e-215,24638045.919316474
0.09,10.0,2.0,1,max_steps,50000,404,25001,5.78988987370533,463.1900297145753,24568453.777833253,5.756929252275437e-215,24568453.777833253
0.09,10.0,2.0,2,max_steps,50000,516,24999,7.418425611628148,593.4725626724869,24516649.963357378,5.756929254711435e-215,24516649.963357378
0.09,10.0,2.0,3,max_steps,50000,435,25000,6.2133258686725785,497.0648245215102,24486595.96085886,5.756929252946391e-215,24486595.96085886
0.09,10.0,2.0,4,max_steps,50000,434,24998,5.4148043979414355,433.1831322713201,24607922.754985217,5.756927464235814e-215,24607922.754985217
0.09,15.0,0.5,0,max_steps,50000,433,25001,6.254958503971085,750.5931401628791,36956668.87671882,5.75692925032156e-215,36956668.87671882
0.09,15.0,0.5,1,max_steps,50000,404,25001,5.78988987370533,694.7850445718628,36852280.66449363,5.756929252275437e-215,36852280.66449363
0.09,15.0,0.5,2,max_steps,50000,516,25001,7.418425611628148,890.2088440087302,36775263.63923249,5.756929254711435e-215,36775263.63923249
0.09,15.0,0.5,3,max_steps,50000,435,25001,6.2133258686725785,745.5972367822653,36729964.248794116,5.756929252946391e-215,36729964.248794116
0.09,15.0,0.5,4,max_steps,50000,434,25001,6.315561333070635,757.8654626914657,36912091.065092824,5.756929259851498e-215,36912091.065092824
0.09,15.0,1.0,0,max_steps,50000,433,25001,6.254958503971085,750.5931401628791,36956668.87671882,5.75692925032156e-215,36956668.87671882
0.09,15.0,1.0,1,max_steps,50000,404,25001,5.78988987370533,694.7850445718628,36852280.66449363,5.756929252275437e-215,36852280.66449363
0.09,15.0,1.0,2,max_steps,50000,516,25001,7.418425611628148,890.2088440087302,36775263.63923249,5.756929254711435e-215,36775263.63923249
0.09,15.0,1.0,3,max_steps,50000,435,25001,6.2133258686725785,745.5972367822653,36729964.248794116,5.756929252946391e-215,36729964.248794116
0.09,15.0,1.0,4,max_steps,50000,434,25001,6.315561333070635,757.8654626914657,36912091.065092824,5.756929259851498e-215,36912091.065092824
0.09,15.0,2.0,0,max_steps,50000,433,25001,6.254958503971085,750.5931401628791,36956668.87671882,5.75692925032156e-215,36956668.87671882
0.09,15.0,2.0,1,max_steps,50000,404,25001,5.78988987370533,694.7850445718628,36852280.66449363,5.756929252275437e-215,36852280.66449363
0.09,15.0,2.0,2,max_steps,50000,516,25001,7.418425611628148,890.2088440087302,36775263.63923249,5.756929254711435e-215,36775263.63923249
0.09,15.0,2.0,3,max_steps,50000,435,25001,6.2133258686725785,745.5972367822653,36729964.248794116,5.756929252946391e-215,36729964.248794116
0.09,15.0,2.0,4,max_steps,50000,434,25001,6.315561333070635,757.8654626914657,36912091.065092824,5.756929259851498e-215,36912091.065092824
