arm,attack_cost,attack_cost_exponent,attack_cost_model,attack_succeeded,capability_ratio_fixture,case,clusters,collapse_severity,corrupted_correlation_reads,corruption_probability,defense_active,defense_cost_model,defense_failed,defense_fired,defense_input_count,detached_frontier_validators,effective_defense_cost,effective_exponent,effective_rank,elapsed_seconds,exponent_reduction,false_clusters_injected,false_clusters_resolved,false_clusters_surviving,frontier_validator_count,institution_merge_probability,institution_merged,institution_validator_count,institution_visible,is_v2_mode,lineage_mode,measured_rank,pairwise_checks,partition_preserved,population,rank_error,raw_defense_cost,record_type,replicate,resolution_improvement,resolution_probability,retained_diversity,scenario_label,seed,structured_efficiency,true_rank,validator_count,vector
,,,,True,,,,,,,False,,,False,,,,,,0.011096727102994919,,,,,,,,,,True,,,,,50,,,validated_path_probe,,,,,,400373737,,,,sybil_capture
,,,,False,,,,,,,True,,,True,,,,,,0.005480867810547352,,,,,,,,,,True,,,,,50,,,validated_path_probe,,,,,,400373737,,,,sybil_capture
,,,,,,,,,,,,pairwise_exact,,,,,1.0,2.0,,,0.0,,,,,,,,,,,,1,,,,1.0,cost_scaling,,,,,,,1.0,,2,
,,,,,,,,,,,,pairwise_exact,,,,,6.0,2.0,,,0.0,,,,,,,,,,,,6,,,,6.0,cost_scaling,,,,,,,1.0,,4,
,,,,,,,,,,,,pairwise_exact,,,,,28.0,2.0,,,0.0,,,,,,,,,,,,28,,,,28.0,cost_scaling,,,,,,,1.0,,8,
,,,,,,,,,,,,static_baseline,,,,,1.0,0.0,,,0.0,,,,,,,,,,,,1,,,,1.0,cost_scaling,,,,,,,1.0,,2,
,,,,,,,,,,,,static_baseline,,,,,1.0,0.0,,,0.0,,,,,,,,,,,,6,,,,1.0,cost_scaling,,,,,,,1.0,,4,
,,,,,,,,,,,,static_baseline,,,,,1.0,0.0,,,0.0,,,,,,,,,,,,28,,,,1.0,cost_scaling,,,,,,,1.0,,8,
,,,,,,six_distinct_no_collapse,"[[""frontier-0""], [""frontier-1""], [""frontier-2""], [""frontier-3""], [""frontier-4""], [""frontier-5""]]",0.0,,,,,,,,,,,6,,,,,,6,,,0,,,distinct,,15,,,,,attribution_validation,,,,"{""frontier-0"": 1.0, ""frontier-1"": 1.0, ""frontier-2"": 1.0, ""frontier-3"": 1.0, ""frontier-4"": 1.0, ""frontier-5"": 1.0}",,,,,6,
,,,,,,six_correlated_no_collapse,"[[""frontier-0"", ""frontier-1"", ""frontier-2"", ""frontier-3"", ""frontier-4"", ""frontier-5""]]",0.0,,,,,,,,,,,1,,,,,,6,,,0,,,shared,,15,,,,,attribution_validation,,,,"{""frontier-0"": 1.0, ""frontier-1"": 1.0, ""frontier-2"": 1.0, ""frontier-3"": 1.0, ""frontier-4"": 1.0, ""frontier-5"": 1.0}",,,,,6,
,,,,,,six_distinct_maximum_collapse,"[[""frontier-0"", ""frontier-1"", ""frontier-2"", ""frontier-3"", ""frontier-4"", ""frontier-5""]]",1.0,,,,,,,,,,,1,,,,,,6,,,0,,,distinct,,15,,,,,attribution_validation,,,,"{""frontier-0"": 0.0, ""frontier-1"": 0.0, ""frontier-2"": 0.0, ""frontier-3"": 0.0, ""frontier-4"": 0.0, ""frontier-5"": 0.0}",,,,,6,
,,,,,,maximum_collapse_with_institution,"[[""frontier-0"", ""frontier-1"", ""frontier-2"", ""frontier-3"", ""frontier-4"", ""frontier-5""], [""institution-0""]]",1.0,,,,,,,,,,,2,,,,,,6,,,1,,,distinct,,21,,,,,attribution_validation,,,,"{""frontier-0"": 0.0, ""frontier-1"": 0.0, ""frontier-2"": 0.0, ""frontier-3"": 0.0, ""frontier-4"": 0.0, ""frontier-5"": 0.0, ""institution-0"": 1.0}",,,,,7,
,,,,,,analytic_institution_alone,"[[""institution-0""]]",1.0,,,,,,,,,,,1,,,,,,0,,,1,,,distinct,,0,,,,,attribution_validation,,,,"{""institution-0"": 1.0}",,,,,1,
false_cluster_injection,2.0,1.0,linear,,0.05,,,1.0,0,,,pairwise_exact,False,,9,,36.0,,,0.000104686,0.0,2,2,0,6,,False,1,True,,,2,36,True,,0,36.0,arm_run,0,1.0,0.6896551724137931,,nominal_maximum_collapse_with_institution,1579336155,1.0,2,7,
false_cluster_injection,2.0,1.0,linear,,0.05,,,1.0,0,,,pairwise_exact,True,,9,,36.0,,,0.00010256,0.0,2,1,1,6,,False,1,True,,,3,36,True,,1,36.0,arm_run,1,1.0,0.6896551724137931,,nominal_maximum_collapse_with_institution,1093457982,1.0,2,7,
false_cluster_injection,2.0,1.0,linear,,0.05,,,1.0,0,,,pairwise_exact,True,,9,,36.0,,,9.1233e-05,0.0,2,1,1,6,,False,1,True,,,3,36,True,,1,36.0,arm_run,2,1.0,0.6896551724137931,,nominal_maximum_collapse_with_institution,741424086,1.0,2,7,
false_cluster_injection,2.0,1.0,linear,,0.05,,,1.0,0,,,pairwise_exact,True,,9,,36.0,,,8.9052e-05,0.0,2,1,1,6,,False,1,True,,,3,36,True,,1,36.0,arm_run,3,1.0,0.6896551724137931,,nominal_maximum_collapse_with_institution,724006080,1.0,2,7,
false_cluster_injection,2.0,1.0,linear,,0.05,,,1.0,0,,,pairwise_exact,False,,9,,36.0,,,8.8981e-05,0.0,2,2,0,6,,False,1,True,,,2,36,True,,0,36.0,arm_run,4,1.0,0.6896551724137931,,nominal_maximum_collapse_with_institution,120475679,1.0,2,7,
false_cluster_injection,2.0,1.0,linear,,0.05,,,1.0,0,,,pairwise_exact,True,,9,,36.0,,,8.8213e-05,0.0,2,1,1,6,,False,1,True,,,3,36,True,,1,36.0,arm_run,5,1.0,0.6896551724137931,,nominal_maximum_collapse_with_institution,596684299,1.0,2,7,
false_cluster_injection,2.0,1.0,linear,,0.05,,,1.0,0,,,pairwise_exact,False,,9,,36.0,,,8.7537e-05,0.0,2,2,0,6,,False,1,True,,,2,36,True,,0,36.0,arm_run,6,1.0,0.6896551724137931,,nominal_maximum_collapse_with_institution,1512130078,1.0,2,7,
false_cluster_injection,2.0,1.0,linear,,0.05,,,1.0,0,,,pairwise_exact,True,,9,,36.0,,,9.0792e-05,0.0,2,1,1,6,,False,1,True,,,3,36,True,,1,36.0,arm_run,7,1.0,0.6896551724137931,,nominal_maximum_collapse_with_institution,106482627,1.0,2,7,
false_cluster_injection,2.0,1.0,linear,,0.05,,,1.0,0,,,pairwise_exact,False,,9,,36.0,,,8.6835e-05,0.0,2,2,0,6,,False,1,True,,,2,36,True,,0,36.0,arm_run,8,1.0,0.6896551724137931,,nominal_maximum_collapse_with_institution,1309665412,1.0,2,7,
false_cluster_injection,2.0,1.0,linear,,0.05,,,1.0,0,,,pairwise_exact,True,,9,,36.0,,,9.3043e-05,0.0,2,1,1,6,,False,1,True,,,3,36,True,,1,36.0,arm_run,9,1.0,0.6896551724137931,,nominal_maximum_collapse_with_institution,925181092,1.0,2,7,
false_cluster_injection,2.0,1.0,linear,,0.05,,,1.0,0,,,pairwise_exact,False,,9,,36.0,,,8.8059e-05,0.0,2,2,0,6,,False,1,True,,,2,36,True,,0,36.0,arm_run,10,1.0,0.6896551724137931,,nominal_maximum_collapse_with_institution,2061095813,1.0,2,7,
false_cluster_injection,2.0,1.0,linear,,0.05,,,1.0,0,,,pairwise_exact,False,,9,,36.0,,,9.0189e-05,0.0,2,2,0,6,,False,1,True,,,2,36,True,,0,36.0,arm_run,11,1.0,0.6896551724137931,,nominal_maximum_collapse_with_institution,1112031687,1.0,2,7,
false_cluster_injection,2.0,1.0,linear,,0.05,,,1.0,0,,,pairwise_exact,True,,9,,36.0,,,8.9107e-05,0.0,2,1,1,6,,False,1,True,,,3,36,True,,1,36.0,arm_run,12,1.0,0.6896551724137931,,nominal_maximum_collapse_with_institution,1317270716,1.0,2,7,
false_cluster_injection,2.0,1.0,linear,,0.05,,,1.0,0,,,pairwise_exact,False,,9,,36.0,,,8.8044e-05,0.0,2,2,0,6,,False,1,True,,,2,36,True,,0,36.0,arm_run,13,1.0,0.6896551724137931,,nominal_maximum_collapse_with_institution,1268915925,1.0,2,7,
false_cluster_injection,2.0,1.0,linear,,0.05,,,1.0,0,,,pairwise_exact,False,,9,,36.0,,,8.7636e-05,0.0,2,2,0,6,,False,1,True,,,2,36,True,,0,36.0,arm_run,14,1.0,0.6896551724137931,,nominal_maximum_collapse_with_institution,753219938,1.0,2,7,
false_cluster_injection,2.0,1.0,linear,,0.05,,,1.0,0,,,pairwise_exact,True,,9,,36.0,,,8.9191e-05,0.0,2,1,1,6,,False,1,True,,,3,36,True,,1,36.0,arm_run,15,1.0,0.6896551724137931,,nominal_maximum_collapse_with_institution,431472092,1.0,2,7,
false_cluster_injection,2.0,1.0,linear,,0.05,,,1.0,0,,,pairwise_exact,True,,9,,36.0,,,8.8301e-05,0.0,2,1,1,6,,False,1,True,,,3,36,True,,1,36.0,arm_run,16,1.0,0.6896551724137931,,nominal_maximum_collapse_with_institution,1390512043,1.0,2,7,
false_cluster_injection,2.0,1.0,linear,,0.05,,,1.0,0,,,pairwise_exact,True,,9,,36.0,,,8.7211e-05,0.0,2,1,1,6,,False,1,True,,,3,36,True,,1,36.0,arm_run,17,1.0,0.6896551724137931,,nominal_maximum_collapse_with_institution,1917167085,1.0,2,7,
false_cluster_injection,2.0,1.0,linear,,0.05,,,1.0,0,,,pairwise_exact,False,,9,,36.0,,,9.1423e-05,0.0,2,2,0,6,,False,1,True,,,2,36,True,,0,36.0,arm_run,18,1.0,0.6896551724137931,,nominal_maximum_collapse_with_institution,70547475,1.0,2,7,
false_cluster_injection,2.0,1.0,linear,,0.05,,,1.0,0,,,pairwise_exact,True,,9,,36.0,,,8.7321e-05,0.0,2,1,1,6,,False,1,True,,,3,36,True,,1,36.0,arm_run,19,1.0,0.6896551724137931,,nominal_maximum_collapse_with_institution,1084615630,1.0,2,7,
false_cluster_injection,2.0,1.0,linear,,0.05,,,1.0,0,,,pairwise_exact,False,,9,,36.0,,,8.796e-05,0.0,2,2,0,6,,False,1,True,,,2,36,True,,0,36.0,arm_run,20,1.0,0.6896551724137931,,nominal_maximum_collapse_with_institution,365103655,1.0,2,7,
false_cluster_injection,2.0,1.0,linear,,0.05,,,1.0,0,,,pairwise_exact,False,,9,,36.0,,,8.7173e-05,0.0,2,2,0,6,,False,1,True,,,2,36,True,,0,36.0,arm_run,21,1.0,0.6896551724137931,,nominal_maximum_collapse_with_institution,1662733930,1.0,2,7,
false_cluster_injection,2.0,1.0,linear,,0.05,,,1.0,0,,,pairwise_exact,True,,9,,36.0,,,8.7145e-05,0.0,2,0,2,6,,False,1,True,,,4,36,True,,2,36.0,arm_run,22,1.0,0.6896551724137931,,nominal_maximum_collapse_with_institution,1249962833,1.0,2,7,
false_cluster_injection,2.0,1.0,linear,,0.05,,,1.0,0,,,pairwise_exact,False,,9,,36.0,,,8.6191e-05,0.0,2,2,0,6,,False,1,True,,,2,36,True,,0,36.0,arm_run,23,1.0,0.6896551724137931,,nominal_maximum_collapse_with_institution,2114383829,1.0,2,7,
false_cluster_injection,2.0,1.0,linear,,0.05,,,1.0,0,,,pairwise_exact,True,,9,,36.0,,,8.9138e-05,0.0,2,1,1,6,,False,1,True,,,3,36,True,,1,36.0,arm_run,24,1.0,0.6896551724137931,,nominal_maximum_collapse_with_institution,1706785037,1.0,2,7,
false_cluster_injection,2.0,1.0,linear,,0.05,,,1.0,0,,,pairwise_exact,True,,9,,36.0,,,8.6679e-05,0.0,2,1,1,6,,False,1,True,,,3,36,True,,1,36.0,arm_run,25,1.0,0.6896551724137931,,nominal_maximum_collapse_with_institution,1632460523,1.0,2,7,
false_cluster_injection,2.0,1.0,linear,,0.05,,,1.0,0,,,pairwise_exact,False,,9,,36.0,,,8.6722e-05,0.0,2,2,0,6,,False,1,True,,,2,36,True,,0,36.0,arm_run,26,1.0,0.6896551724137931,,nominal_maximum_collapse_with_institution,1485449269,1.0,2,7,
false_cluster_injection,2.0,1.0,linear,,0.05,,,1.0,0,,,pairwise_exact,True,,9,,36.0,,,9.1497e-05,0.0,2,1,1,6,,False,1,True,,,3,36,True,,1,36.0,arm_run,27,1.0,0.6896551724137931,,nominal_maximum_collapse_with_institution,1875057828,1.0,2,7,
false_cluster_injection,2.0,1.0,linear,,0.05,,,1.0,0,,,pairwise_exact,True,,9,,36.0,,,8.8715e-05,0.0,2,1,1,6,,False,1,True,,,3,36,True,,1,36.0,arm_run,28,1.0,0.6896551724137931,,nominal_maximum_collapse_with_institution,615123914,1.0,2,7,
false_cluster_injection,2.0,1.0,linear,,0.05,,,1.0,0,,,pairwise_exact,True,,9,,36.0,,,0.000256684,0.0,2,1,1,6,,False,1,True,,,3,36,True,,1,36.0,arm_run,29,1.0,0.6896551724137931,,nominal_maximum_collapse_with_institution,1661661615,1.0,2,7,
false_cluster_injection,2.0,1.0,linear,,0.05,,,1.0,0,,,pairwise_exact,True,,9,,36.0,,,9.7513e-05,0.0,2,1,1,6,,False,1,True,,,3,36,True,,1,36.0,arm_run,30,1.0,0.6896551724137931,,nominal_maximum_collapse_with_institution,122034896,1.0,2,7,
false_cluster_injection,2.0,1.0,linear,,0.05,,,1.0,0,,,pairwise_exact,True,,9,,36.0,,,9.0376e-05,0.0,2,0,2,6,,False,1,True,,,4,36,True,,2,36.0,arm_run,31,1.0,0.6896551724137931,,nominal_maximum_collapse_with_institution,818558432,1.0,2,7,
false_cluster_injection,2.0,1.0,linear,,0.05,,,1.0,0,,,pairwise_exact,False,,9,,36.0,,,8.8453e-05,0.0,2,2,0,6,,False,1,True,,,2,36,True,,0,36.0,arm_run,32,1.0,0.6896551724137931,,nominal_maximum_collapse_with_institution,1557269117,1.0,2,7,
false_cluster_injection,2.0,1.0,linear,,0.05,,,1.0,0,,,pairwise_exact,True,,9,,36.0,,,8.7775e-05,0.0,2,1,1,6,,False,1,True,,,3,36,True,,1,36.0,arm_run,33,1.0,0.6896551724137931,,nominal_maximum_collapse_with_institution,1313225324,1.0,2,7,
false_cluster_injection,2.0,1.0,linear,,0.05,,,1.0,0,,,pairwise_exact,False,,9,,36.0,,,9.2882e-05,0.0,2,2,0,6,,False,1,True,,,2,36,True,,0,36.0,arm_run,34,1.0,0.6896551724137931,,nominal_maximum_collapse_with_institution,939570095,1.0,2,7,
false_cluster_injection,2.0,1.0,linear,,0.05,,,1.0,0,,,pairwise_exact,False,,9,,36.0,,,8.6737e-05,0.0,2,2,0,6,,False,1,True,,,2,36,True,,0,36.0,arm_run,35,1.0,0.6896551724137931,,nominal_maximum_collapse_with_institution,1812184789,1.0,2,7,
false_cluster_injection,2.0,1.0,linear,,0.05,,,1.0,0,,,pairwise_exact,True,,9,,36.0,,,8.748e-05,0.0,2,1,1,6,,False,1,True,,,3,36,True,,1,36.0,arm_run,36,1.0,0.6896551724137931,,nominal_maximum_collapse_with_institution,1727748397,1.0,2,7,
false_cluster_injection,2.0,1.0,linear,,0.05,,,1.0,0,,,pairwise_exact,False,,9,,36.0,,,8.7651e-05,0.0,2,2,0,6,,False,1,True,,,2,36,True,,0,36.0,arm_run,37,1.0,0.6896551724137931,,nominal_maximum_collapse_with_institution,326135183,1.0,2,7,
false_cluster_injection,2.0,1.0,linear,,0.05,,,1.0,0,,,pairwise_exact,True,,9,,36.0,,,8.7022e-05,0.0,2,1,1,6,,False,1,True,,,3,36,True,,1,36.0,arm_run,38,1.0,0.6896551724137931,,nominal_maximum_collapse_with_institution,1573847703,1.0,2,7,
false_cluster_injection,2.0,1.0,linear,,0.05,,,1.0,0,,,pairwise_exact,False,,9,,36.0,,,8.7002e-05,0.0,2,2,0,6,,False,1,True,,,2,36,True,,0,36.0,arm_run,39,1.0,0.6896551724137931,,nominal_maximum_collapse_with_institution,601476225,1.0,2,7,
false_cluster_injection,2.0,1.0,linear,,0.05,,,1.0,0,,,pairwise_exact,True,,9,,36.0,,,8.6524e-05,0.0,2,1,1,6,,False,1,True,,,3,36,True,,1,36.0,arm_run,40,1.0,0.6896551724137931,,nominal_maximum_collapse_with_institution,1822618367,1.0,2,7,
false_cluster_injection,2.0,1.0,linear,,0.05,,,1.0,0,,,pairwise_exact,True,,9,,36.0,,,8.7023e-05,0.0,2,0,2,6,,False,1,True,,,4,36,True,,2,36.0,arm_run,41,1.0,0.6896551724137931,,nominal_maximum_collapse_with_institution,1883213535,1.0,2,7,
false_cluster_injection,2.0,1.0,linear,,0.05,,,1.0,0,,,pairwise_exact,True,,9,,36.0,,,8.6526e-05,0.0,2,1,1,6,,False,1,True,,,3,36,True,,1,36.0,arm_run,42,1.0,0.6896551724137931,,nominal_maximum_collapse_with_institution,658813209,1.0,2,7,
false_cluster_injection,2.0,1.0,linear,,0.05,,,1.0,0,,,pairwise_exact,False,,9,,36.0,,,9.2957e-05,0.0,2,2,0,6,,False,1,True,,,2,36,True,,0,36.0,arm_run,43,1.0,0.6896551724137931,,nominal_maximum_collapse_with_institution,919255724,1.0,2,7,
false_cluster_injection,2.0,1.0,linear,,0.05,,,1.0,0,,,pairwise_exact,False,,9,,36.0,,,8.7129e-05,0.0,2,2,0,6,,False,1,True,,,2,36,True,,0,36.0,arm_run,44,1.0,0.6896551724137931,,nominal_maximum_collapse_with_institution,1018716332,1.0,2,7,
false_cluster_injection,2.0,1.0,linear,,0.05,,,1.0,0,,,pairwise_exact,False,,9,,36.0,,,8.751e-05,0.0,2,2,0,6,,False,1,True,,,2,36,True,,0,36.0,arm_run,45,1.0,0.6896551724137931,,nominal_maximum_collapse_with_institution,1659735340,1.0,2,7,
false_cluster_injection,2.0,1.0,linear,,0.05,,,1.0,0,,,pairwise_exact,True,,9,,36.0,,,8.7315e-05,0.0,2,1,1,6,,False,1,True,,,3,36,True,,1,36.0,arm_run,46,1.0,0.6896551724137931,,nominal_maximum_collapse_with_institution,1774295431,1.0,2,7,
false_cluster_injection,2.0,1.0,linear,,0.05,,,1.0,0,,,pairwise_exact,True,,9,,36.0,,,8.8163e-05,0.0,2,1,1,6,,False,1,True,,,3,36,True,,1,36.0,arm_run,47,1.0,0.6896551724137931,,nominal_maximum_collapse_with_institution,253043162,1.0,2,7,
false_cluster_injection,2.0,1.0,linear,,0.05,,,1.0,0,,,pairwise_exact,False,,9,,36.0,,,8.7124e-05,0.0,2,2,0,6,,False,1,True,,,2,36,True,,0,36.0,arm_run,48,1.0,0.6896551724137931,,nominal_maximum_collapse_with_institution,990407394,1.0,2,7,
false_cluster_injection,2.0,1.0,linear,,0.05,,,1.0,0,,,pairwise_exact,False,,9,,36.0,,,8.6933e-05,0.0,2,2,0,6,,False,1,True,,,2,36,True,,0,36.0,arm_run,49,1.0,0.6896551724137931,,nominal_maximum_collapse_with_institution,789569339,1.0,2,7,
false_cluster_injection,2.0,1.0,linear,,0.05,,,1.0,0,,,pairwise_exact,True,,9,,36.0,,,8.6165e-05,0.0,2,0,2,6,,False,1,True,,,4,36,True,,2,36.0,arm_run,50,1.0,0.6896551724137931,,nominal_maximum_collapse_with_institution,479354907,1.0,2,7,
false_cluster_injection,2.0,1.0,linear,,0.05,,,1.0,0,,,pairwise_exact,True,,9,,36.0,,,8.6712e-05,0.0,2,1,1,6,,False,1,True,,,3,36,True,,1,36.0,arm_run,51,1.0,0.6896551724137931,,nominal_maximum_collapse_with_institution,252884685,1.0,2,7,
false_cluster_injection,2.0,1.0,linear,,0.05,,,1.0,0,,,pairwise_exact,True,,9,,36.0,,,9.6776e-05,0.0,2,1,1,6,,False,1,True,,,3,36,True,,1,36.0,arm_run,52,1.0,0.6896551724137931,,nominal_maximum_collapse_with_institution,691223383,1.0,2,7,
false_cluster_injection,2.0,1.0,linear,,0.05,,,1.0,0,,,pairwise_exact,False,,9,,36.0,,,8.7402e-05,0.0,2,2,0,6,,False,1,True,,,2,36,True,,0,36.0,arm_run,53,1.0,0.6896551724137931,,nominal_maximum_collapse_with_institution,56202784,1.0,2,7,
false_cluster_injection,2.0,1.0,linear,,0.05,,,1.0,0,,,pairwise_exact,False,,9,,36.0,,,8.6954e-05,0.0,2,2,0,6,,False,1,True,,,2,36,True,,0,36.0,arm_run,54,1.0,0.6896551724137931,,nominal_maximum_collapse_with_institution,1372426817,1.0,2,7,
false_cluster_injection,2.0,1.0,linear,,0.05,,,1.0,0,,,pairwise_exact,False,,9,,36.0,,,8.6882e-05,0.0,2,2,0,6,,False,1,True,,,2,36,True,,0,36.0,arm_run,55,1.0,0.6896551724137931,,nominal_maximum_collapse_with_institution,347034538,1.0,2,7,
false_cluster_injection,2.0,1.0,linear,,0.05,,,1.0,0,,,pairwise_exact,False,,9,,36.0,,,8.7088e-05,0.0,2,2,0,6,,False,1,True,,,2,36,True,,0,36.0,arm_run,56,1.0,0.6896551724137931,,nominal_maximum_collapse_with_institution,804144395,1.0,2,7,
false_cluster_injection,2.0,1.0,linear,,0.05,,,1.0,0,,,pairwise_exact,False,,9,,36.0,,,9.2882e-05,0.0,2,2,0,6,,False,1,True,,,2,36,True,,0,36.0,arm_run,57,1.0,0.6896551724137931,,nominal_maximum_collapse_with_institution,1632945598,1.0,2,7,
false_cluster_injection,2.0,1.0,linear,,0.05,,,1.0,0,,,pairwise_exact,True,,9,,36.0,,,8.756e-05,0.0,2,1,1,6,,False,1,True,,,3,36,True,,1,36.0,arm_run,58,1.0,0.6896551724137931,,nominal_maximum_collapse_with_institution,968028759,1.0,2,7,
false_cluster_injection,2.0,1.0,linear,,0.05,,,1.0,0,,,pairwise_exact,False,,9,,36.0,,,8.7037e-05,0.0,2,2,0,6,,False,1,True,,,2,36,True,,0,36.0,arm_run,59,1.0,0.6896551724137931,,nominal_maximum_collapse_with_institution,519275293,1.0,2,7,
false_cluster_injection,2.0,1.0,linear,,0.05,,,1.0,0,,,pairwise_exact,False,,9,,36.0,,,8.6916e-05,0.0,2,2,0,6,,False,1,True,,,2,36,True,,0,36.0,arm_run,60,1.0,0.6896551724137931,,nominal_maximum_collapse_with_institution,942833692,1.0,2,7,
false_cluster_injection,2.0,1.0,linear,,0.05,,,1.0,0,,,pairwise_exact,False,,9,,36.0,,,9.2987e-05,0.0,2,2,0,6,,False,1,True,,,2,36,True,,0,36.0,arm_run,61,1.0,0.6896551724137931,,nominal_maximum_collapse_with_institution,1084825895,1.0,2,7,
false_cluster_injection,2.0,1.0,linear,,0.05,,,1.0,0,,,pairwise_exact,False,,9,,36.0,,,8.6629e-05,0.0,2,2,0,6,,False,1,True,,,2,36,True,,0,36.0,arm_run,62,1.0,0.6896551724137931,,nominal_maximum_collapse_with_institution,354554970,1.0,2,7,
false_cluster_injection,2.0,1.0,linear,,0.05,,,1.0,0,,,pairwise_exact,False,,9,,36.0,,,8.695e-05,0.0,2,2,0,6,,False,1,True,,,2,36,True,,0,36.0,arm_run,63,1.0,0.6896551724137931,,nominal_maximum_collapse_with_institution,901586836,1.0,2,7,
false_cluster_injection,2.0,1.0,linear,,1000000.0,,,1.0,0,,,pairwise_exact,True,,9,,36.0,,,8.7934e-05,0.0,2,0,2,6,,False,1,True,,,4,36,True,,2,36.0,arm_run,0,1.0,1.1111109876543347e-07,,positive_control_high_attacker,491195266,1.0,2,7,
false_cluster_injection,2.0,1.0,linear,,1000000.0,,,1.0,0,,,pairwise_exact,True,,9,,36.0,,,8.9302e-05,0.0,2,0,2,6,,False,1,True,,,4,36,True,,2,36.0,arm_run,1,1.0,1.1111109876543347e-07,,positive_control_high_attacker,396752855,1.0,2,7,
false_cluster_injection,2.0,1.0,linear,,1000000.0,,,1.0,0,,,pairwise_exact,True,,9,,36.0,,,8.6974e-05,0.0,2,0,2,6,,False,1,True,,,4,36,True,,2,36.0,arm_run,2,1.0,1.1111109876543347e-07,,positive_control_high_attacker,1218156851,1.0,2,7,
false_cluster_injection,2.0,1.0,linear,,1000000.0,,,1.0,0,,,pairwise_exact,True,,9,,36.0,,,8.6923e-05,0.0,2,0,2,6,,False,1,True,,,4,36,True,,2,36.0,arm_run,3,1.0,1.1111109876543347e-07,,positive_control_high_attacker,1055581239,1.0,2,7,
false_cluster_injection,2.0,1.0,linear,,1000000.0,,,1.0,0,,,pairwise_exact,True,,9,,36.0,,,8.6648e-05,0.0,2,0,2,6,,False,1,True,,,4,36,True,,2,36.0,arm_run,4,1.0,1.1111109876543347e-07,,positive_control_high_attacker,1980120644,1.0,2,7,
false_cluster_injection,2.0,1.0,linear,,1000000.0,,,1.0,0,,,pairwise_exact,True,,9,,36.0,,,8.634e-05,0.0,2,0,2,6,,False,1,True,,,4,36,True,,2,36.0,arm_run,5,1.0,1.1111109876543347e-07,,positive_control_high_attacker,1741557101,1.0,2,7,
false_cluster_injection,2.0,1.0,linear,,1000000.0,,,1.0,0,,,pairwise_exact,True,,9,,36.0,,,9.0433e-05,0.0,2,0,2,6,,False,1,True,,,4,36,True,,2,36.0,arm_run,6,1.0,1.1111109876543347e-07,,positive_control_high_attacker,1384061875,1.0,2,7,
false_cluster_injection,2.0,1.0,linear,,1000000.0,,,1.0,0,,,pairwise_exact,True,,9,,36.0,,,8.7058e-05,0.0,2,0,2,6,,False,1,True,,,4,36,True,,2,36.0,arm_run,7,1.0,1.1111109876543347e-07,,positive_control_high_attacker,2036830720,1.0,2,7,
false_cluster_injection,1.0,1.0,linear,,0.05,,,1.0,0,,,pairwise_exact,True,,8,,28.0,,,7.8288e-05,0.0,2,0,2,6,,False,0,True,,,3,28,True,,2,28.0,arm_run,0,1.0,0.0,,positive_control_rank_one_no_institution,2034462457,1.0,1,6,
false_cluster_injection,1.0,1.0,linear,,0.05,,,1.0,0,,,pairwise_exact,True,,8,,28.0,,,7.8124e-05,0.0,2,0,2,6,,False,0,True,,,3,28,True,,2,28.0,arm_run,1,1.0,0.0,,positive_control_rank_one_no_institution,414277033,1.0,1,6,
false_cluster_injection,1.0,1.0,linear,,0.05,,,1.0,0,,,pairwise_exact,True,,8,,28.0,,,8.0184e-05,0.0,2,0,2,6,,False,0,True,,,3,28,True,,2,28.0,arm_run,2,1.0,0.0,,positive_control_rank_one_no_institution,1741759638,1.0,1,6,
false_cluster_injection,1.0,1.0,linear,,0.05,,,1.0,0,,,pairwise_exact,True,,8,,28.0,,,7.7773e-05,0.0,2,0,2,6,,False,0,True,,,3,28,True,,2,28.0,arm_run,3,1.0,0.0,,positive_control_rank_one_no_institution,832521256,1.0,1,6,
false_cluster_injection,1.0,1.0,linear,,0.05,,,1.0,0,,,pairwise_exact,True,,8,,28.0,,,7.7305e-05,0.0,2,0,2,6,,False,0,True,,,3,28,True,,2,28.0,arm_run,4,1.0,0.0,,positive_control_rank_one_no_institution,975184521,1.0,1,6,
false_cluster_injection,1.0,1.0,linear,,0.05,,,1.0,0,,,pairwise_exact,True,,8,,28.0,,,7.7754e-05,0.0,2,0,2,6,,False,0,True,,,3,28,True,,2,28.0,arm_run,5,1.0,0.0,,positive_control_rank_one_no_institution,379227802,1.0,1,6,
false_cluster_injection,1.0,1.0,linear,,0.05,,,1.0,0,,,pairwise_exact,True,,8,,28.0,,,7.824e-05,0.0,2,0,2,6,,False,0,True,,,3,28,True,,2,28.0,arm_run,6,1.0,0.0,,positive_control_rank_one_no_institution,1869083393,1.0,1,6,
false_cluster_injection,1.0,1.0,linear,,0.05,,,1.0,0,,,pairwise_exact,True,,8,,28.0,,,8.2913e-05,0.0,2,0,2,6,,False,0,True,,,3,28,True,,2,28.0,arm_run,7,1.0,0.0,,positive_control_rank_one_no_institution,828894989,1.0,1,6,
measurement_corruption,2.0,1.0,linear,,0.05,,,1.0,10,0.20792079207920788,,pairwise_exact,True,,7,2,21.0,,,0.000137433,0.0,0,0,0,6,0.20792079207920788,False,1,True,,,4,21,False,,2,21.0,arm_run,0,1.0,0.7920792079207921,,nominal_maximum_collapse_with_institution,1912567185,1.0,2,7,
measurement_corruption,2.0,1.0,linear,,0.05,,,1.0,5,0.20792079207920788,,pairwise_exact,True,,7,1,21.0,,,0.000133983,0.0,0,0,0,6,0.20792079207920788,False,1,True,,,3,21,False,,1,21.0,arm_run,1,1.0,0.7920792079207921,,nominal_maximum_collapse_with_institution,1843568471,1.0,2,7,
measurement_corruption,2.0,1.0,linear,,0.05,,,1.0,5,0.20792079207920788,,pairwise_exact,True,,7,1,21.0,,,0.000128088,0.0,0,0,0,6,0.20792079207920788,False,1,True,,,3,21,False,,1,21.0,arm_run,2,1.0,0.7920792079207921,,nominal_maximum_collapse_with_institution,465689769,1.0,2,7,
measurement_corruption,2.0,1.0,linear,,0.05,,,1.0,5,0.20792079207920788,,pairwise_exact,True,,7,1,21.0,,,0.000124343,0.0,0,0,0,6,0.20792079207920788,False,1,True,,,3,21,False,,1,21.0,arm_run,3,1.0,0.7920792079207921,,nominal_maximum_collapse_with_institution,519475325,1.0,2,7,
measurement_corruption,2.0,1.0,linear,,0.05,,,1.0,5,0.20792079207920788,,pairwise_exact,True,,7,1,21.0,,,0.0001254,0.0,0,0,0,6,0.20792079207920788,False,1,True,,,3,21,False,,1,21.0,arm_run,4,1.0,0.7920792079207921,,nominal_maximum_collapse_with_institution,881019226,1.0,2,7,
measurement_corruption,2.0,1.0,linear,,0.05,,,1.0,0,0.20792079207920788,,pairwise_exact,False,,7,0,21.0,,,0.000123598,0.0,0,0,0,6,0.20792079207920788,False,1,True,,,2,21,True,,0,21.0,arm_run,5,1.0,0.7920792079207921,,nominal_maximum_collapse_with_institution,1666075866,1.0,2,7,
measurement_corruption,2.0,1.0,linear,,0.05,,,1.0,5,0.20792079207920788,,pairwise_exact,True,,7,1,21.0,,,0.000129436,0.0,0,0,0,6,0.20792079207920788,False,1,True,,,3,21,False,,1,21.0,arm_run,6,1.0,0.7920792079207921,,nominal_maximum_collapse_with_institution,2046969558,1.0,2,7,
measurement_corruption,2.0,1.0,linear,,0.05,,,1.0,10,0.20792079207920788,,pairwise_exact,True,,7,2,21.0,,,0.00012493,0.0,0,0,0,6,0.20792079207920788,False,1,True,,,4,21,False,,2,21.0,arm_run,7,1.0,0.7920792079207921,,nominal_maximum_collapse_with_institution,994043533,1.0,2,7,
measurement_corruption,2.0,1.0,linear,,0.05,,,1.0,5,0.20792079207920788,,pairwise_exact,True,,7,1,21.0,,,0.000126702,0.0,0,0,0,6,0.20792079207920788,False,1,True,,,3,21,False,,1,21.0,arm_run,8,1.0,0.7920792079207921,,nominal_maximum_collapse_with_institution,1293669586,1.0,2,7,
measurement_corruption,2.0,1.0,linear,,0.05,,,1.0,5,0.20792079207920788,,pairwise_exact,True,,7,1,21.0,,,0.000125186,0.0,0,0,0,6,0.20792079207920788,False,1,True,,,3,21,False,,1,21.0,arm_run,9,1.0,0.7920792079207921,,nominal_maximum_collapse_with_institution,1354821437,1.0,2,7,
measurement_corruption,2.0,1.0,linear,,0.05,,,1.0,5,0.20792079207920788,,pairwise_exact,True,,7,1,21.0,,,0.000126747,0.0,0,0,0,6,0.20792079207920788,False,1,True,,,3,21,False,,1,21.0,arm_run,10,1.0,0.7920792079207921,,nominal_maximum_collapse_with_institution,986217341,1.0,2,7,
measurement_corruption,2.0,1.0,linear,,0.05,,,1.0,15,0.20792079207920788,,pairwise_exact,True,,7,3,21.0,,,0.000126903,0.0,0,0,0,6,0.20792079207920788,False,1,True,,,5,21,False,,3,21.0,arm_run,11,1.0,0.7920792079207921,,nominal_maximum_collapse_with_institution,120235503,1.0,2,7,
measurement_corruption,2.0,1.0,linear,,0.05,,,1.0,5,0.20792079207920788,,pairwise_exact,True,,7,1,21.0,,,0.000123722,0.0,0,0,0,6,0.20792079207920788,False,1,True,,,3,21,False,,1,21.0,arm_run,12,1.0,0.7920792079207921,,nominal_maximum_collapse_with_institution,1415907712,1.0,2,7,
measurement_corruption,2.0,1.0,linear,,0.05,,,1.0,10,0.20792079207920788,,pairwise_exact,True,,7,2,21.0,,,0.000126185,0.0,0,0,0,6,0.20792079207920788,False,1,True,,,4,21,False,,2,21.0,arm_run,13,1.0,0.7920792079207921,,nominal_maximum_collapse_with_institution,988840893,1.0,2,7,
measurement_corruption,2.0,1.0,linear,,0.05,,,1.0,10,0.20792079207920788,,pairwise_exact,True,,7,1,21.0,,,0.000158825,0.0,0,0,0,6,0.20792079207920788,True,1,False,,,2,21,False,,0,21.0,arm_run,14,1.0,0.7920792079207921,,nominal_maximum_collapse_with_institution,1028301664,1.0,2,7,
measurement_corruption,2.0,1.0,linear,,0.05,,,1.0,0,0.20792079207920788,,pairwise_exact,False,,7,0,21.0,,,0.00012542,0.0,0,0,0,6,0.20792079207920788,False,1,True,,,2,21,True,,0,21.0,arm_run,15,1.0,0.7920792079207921,,nominal_maximum_collapse_with_institution,809799716,1.0,2,7,
measurement_corruption,2.0,1.0,linear,,0.05,,,1.0,10,0.20792079207920788,,pairwise_exact,True,,7,1,21.0,,,0.00015458,0.0,0,0,0,6,0.20792079207920788,True,1,False,,,2,21,False,,0,21.0,arm_run,16,1.0,0.7920792079207921,,nominal_maximum_collapse_with_institution,1591968611,1.0,2,7,
measurement_corruption,2.0,1.0,linear,,0.05,,,1.0,0,0.20792079207920788,,pairwise_exact,False,,7,0,21.0,,,0.000123037,0.0,0,0,0,6,0.20792079207920788,False,1,True,,,2,21,True,,0,21.0,arm_run,17,1.0,0.7920792079207921,,nominal_maximum_collapse_with_institution,1620705457,1.0,2,7,
measurement_corruption,2.0,1.0,linear,,0.05,,,1.0,10,0.20792079207920788,,pairwise_exact,True,,7,2,21.0,,,0.000127995,0.0,0,0,0,6,0.20792079207920788,False,1,True,,,4,21,False,,2,21.0,arm_run,18,1.0,0.7920792079207921,,nominal_maximum_collapse_with_institution,1140658157,1.0,2,7,
measurement_corruption,2.0,1.0,linear,,0.05,,,1.0,5,0.20792079207920788,,pairwise_exact,True,,7,1,21.0,,,0.000129348,0.0,0,0,0,6,0.20792079207920788,False,1,True,,,3,21,False,,1,21.0,arm_run,19,1.0,0.7920792079207921,,nominal_maximum_collapse_with_institution,1544932276,1.0,2,7,
measurement_corruption,2.0,1.0,linear,,0.05,,,1.0,10,0.20792079207920788,,pairwise_exact,True,,7,1,21.0,,,0.000153057,0.0,0,0,0,6,0.20792079207920788,True,1,False,,,2,21,False,,0,21.0,arm_run,20,1.0,0.7920792079207921,,nominal_maximum_collapse_with_institution,1991793704,1.0,2,7,
measurement_corruption,2.0,1.0,linear,,0.05,,,1.0,0,0.20792079207920788,,pairwise_exact,False,,7,0,21.0,,,0.000123534,0.0,0,0,0,6,0.20792079207920788,False,1,True,,,2,21,True,,0,21.0,arm_run,21,1.0,0.7920792079207921,,nominal_maximum_collapse_with_institution,716651204,1.0,2,7,
measurement_corruption,2.0,1.0,linear,,0.05,,,1.0,14,0.20792079207920788,,pairwise_exact,True,,7,2,21.0,,,0.000151538,0.0,0,0,0,6,0.20792079207920788,True,1,False,,,3,21,False,,1,21.0,arm_run,22,1.0,0.7920792079207921,,nominal_maximum_collapse_with_institution,1881139911,1.0,2,7,
measurement_corruption,2.0,1.0,linear,,0.05,,,1.0,10,0.20792079207920788,,pairwise_exact,True,,7,1,21.0,,,0.000151152,0.0,0,0,0,6,0.20792079207920788,True,1,False,,,2,21,False,,0,21.0,arm_run,23,1.0,0.7920792079207921,,nominal_maximum_collapse_with_institution,391695650,1.0,2,7,
measurement_corruption,2.0,1.0,linear,,0.05,,,1.0,10,0.20792079207920788,,pairwise_exact,True,,7,2,21.0,,,0.000126211,0.0,0,0,0,6,0.20792079207920788,False,1,True,,,4,21,False,,2,21.0,arm_run,24,1.0,0.7920792079207921,,nominal_maximum_collapse_with_institution,1598503472,1.0,2,7,
measurement_corruption,2.0,1.0,linear,,0.05,,,1.0,0,0.20792079207920788,,pairwise_exact,False,,7,0,21.0,,,0.000125927,0.0,0,0,0,6,0.20792079207920788,False,1,True,,,2,21,True,,0,21.0,arm_run,25,1.0,0.7920792079207921,,nominal_maximum_collapse_with_institution,2097905581,1.0,2,7,
measurement_corruption,2.0,1.0,linear,,0.05,,,1.0,5,0.20792079207920788,,pairwise_exact,True,,7,1,21.0,,,0.000130257,0.0,0,0,0,6,0.20792079207920788,False,1,True,,,3,21,False,,1,21.0,arm_run,26,1.0,0.7920792079207921,,nominal_maximum_collapse_with_institution,2138057348,1.0,2,7,
measurement_corruption,2.0,1.0,linear,,0.05,,,1.0,15,0.20792079207920788,,pairwise_exact,True,,7,3,21.0,,,0.000126879,0.0,0,0,0,6,0.20792079207920788,False,1,True,,,5,21,False,,3,21.0,arm_run,27,1.0,0.7920792079207921,,nominal_maximum_collapse_with_institution,420638911,1.0,2,7,
measurement_corruption,2.0,1.0,linear,,0.05,,,1.0,5,0.20792079207920788,,pairwise_exact,True,,7,1,21.0,,,0.000125869,0.0,0,0,0,6,0.20792079207920788,False,1,True,,,3,21,False,,1,21.0,arm_run,28,1.0,0.7920792079207921,,nominal_maximum_collapse_with_institution,315448056,1.0,2,7,
measurement_corruption,2.0,1.0,linear,,0.05,,,1.0,0,0.20792079207920788,,pairwise_exact,False,,7,0,21.0,,,0.000121933,0.0,0,0,0,6,0.20792079207920788,False,1,True,,,2,21,True,,0,21.0,arm_run,29,1.0,0.7920792079207921,,nominal_maximum_collapse_with_institution,1064553599,1.0,2,7,
measurement_corruption,2.0,1.0,linear,,0.05,,,1.0,0,0.20792079207920788,,pairwise_exact,False,,7,0,21.0,,,0.000124615,0.0,0,0,0,6,0.20792079207920788,False,1,True,,,2,21,True,,0,21.0,arm_run,30,1.0,0.7920792079207921,,nominal_maximum_collapse_with_institution,42317462,1.0,2,7,
measurement_corruption,2.0,1.0,linear,,0.05,,,1.0,0,0.20792079207920788,,pairwise_exact,False,,7,0,21.0,,,0.000122882,0.0,0,0,0,6,0.20792079207920788,False,1,True,,,2,21,True,,0,21.0,arm_run,31,1.0,0.7920792079207921,,nominal_maximum_collapse_with_institution,862958362,1.0,2,7,
measurement_corruption,2.0,1.0,linear,,0.05,,,1.0,15,0.20792079207920788,,pairwise_exact,True,,7,3,21.0,,,0.000130048,0.0,0,0,0,6,0.20792079207920788,False,1,True,,,5,21,False,,3,21.0,arm_run,32,1.0,0.7920792079207921,,nominal_maximum_collapse_with_institution,1327782321,1.0,2,7,
measurement_corruption,2.0,1.0,linear,,0.05,,,1.0,5,0.20792079207920788,,pairwise_exact,True,,7,1,21.0,,,0.000123875,0.0,0,0,0,6,0.20792079207920788,False,1,True,,,3,21,False,,1,21.0,arm_run,33,1.0,0.7920792079207921,,nominal_maximum_collapse_with_institution,1258372320,1.0,2,7,
measurement_corruption,2.0,1.0,linear,,0.05,,,1.0,5,0.20792079207920788,,pairwise_exact,True,,7,1,21.0,,,0.000123892,0.0,0,0,0,6,0.20792079207920788,False,1,True,,,3,21,False,,1,21.0,arm_run,34,1.0,0.7920792079207921,,nominal_maximum_collapse_with_institution,2087917342,1.0,2,7,
measurement_corruption,2.0,1.0,linear,,0.05,,,1.0,5,0.20792079207920788,,pairwise_exact,True,,7,1,21.0,,,0.000126546,0.0,0,0,0,6,0.20792079207920788,False,1,True,,,3,21,False,,1,21.0,arm_run,35,1.0,0.7920792079207921,,nominal_maximum_collapse_with_institution,1382868761,1.0,2,7,
measurement_corruption,2.0,1.0,linear,,0.05,,,1.0,10,0.20792079207920788,,pairwise_exact,True,,7,2,21.0,,,0.000124068,0.0,0,0,0,6,0.20792079207920788,False,1,True,,,4,21,False,,2,21.0,arm_run,36,1.0,0.7920792079207921,,nominal_maximum_collapse_with_institution,692448817,1.0,2,7,
measurement_corruption,2.0,1.0,linear,,0.05,,,1.0,5,0.20792079207920788,,pairwise_exact,True,,7,1,21.0,,,0.000125829,0.0,0,0,0,6,0.20792079207920788,False,1,True,,,3,21,False,,1,21.0,arm_run,37,1.0,0.7920792079207921,,nominal_maximum_collapse_with_institution,1621683804,1.0,2,7,
measurement_corruption,2.0,1.0,linear,,0.05,,,1.0,5,0.20792079207920788,,pairwise_exact,True,,7,1,21.0,,,0.000127875,0.0,0,0,0,6,0.20792079207920788,False,1,True,,,3,21,False,,1,21.0,arm_run,38,1.0,0.7920792079207921,,nominal_maximum_collapse_with_institution,1683329137,1.0,2,7,
measurement_corruption,2.0,1.0,linear,,0.05,,,1.0,6,0.20792079207920788,,pairwise_exact,True,,7,0,21.0,,,0.000152798,0.0,0,0,0,6,0.20792079207920788,True,1,False,,,1,21,False,,-1,21.0,arm_run,39,1.0,0.7920792079207921,,nominal_maximum_collapse_with_institution,1815300114,1.0,2,7,
measurement_corruption,2.0,1.0,linear,,0.05,,,1.0,14,0.20792079207920788,,pairwise_exact,True,,7,2,21.0,,,0.000152554,0.0,0,0,0,6,0.20792079207920788,True,1,False,,,3,21,False,,1,21.0,arm_run,40,1.0,0.7920792079207921,,nominal_maximum_collapse_with_institution,743071685,1.0,2,7,
measurement_corruption,2.0,1.0,linear,,0.05,,,1.0,5,0.20792079207920788,,pairwise_exact,True,,7,1,21.0,,,0.000124043,0.0,0,0,0,6,0.20792079207920788,False,1,True,,,3,21,False,,1,21.0,arm_run,41,1.0,0.7920792079207921,,nominal_maximum_collapse_with_institution,1051132078,1.0,2,7,
measurement_corruption,2.0,1.0,linear,,0.05,,,1.0,5,0.20792079207920788,,pairwise_exact,True,,7,1,21.0,,,0.000122787,0.0,0,0,0,6,0.20792079207920788,False,1,True,,,3,21,False,,1,21.0,arm_run,42,1.0,0.7920792079207921,,nominal_maximum_collapse_with_institution,1558304091,1.0,2,7,
measurement_corruption,2.0,1.0,linear,,0.05,,,1.0,5,0.20792079207920788,,pairwise_exact,True,,7,1,21.0,,,0.000128894,0.0,0,0,0,6,0.20792079207920788,False,1,True,,,3,21,False,,1,21.0,arm_run,43,1.0,0.7920792079207921,,nominal_maximum_collapse_with_institution,19650985,1.0,2,7,
measurement_corruption,2.0,1.0,linear,,0.05,,,1.0,5,0.20792079207920788,,pairwise_exact,True,,7,1,21.0,,,0.000123239,0.0,0,0,0,6,0.20792079207920788,False,1,True,,,3,21,False,,1,21.0,arm_run,44,1.0,0.7920792079207921,,nominal_maximum_collapse_with_institution,869275291,1.0,2,7,
measurement_corruption,2.0,1.0,linear,,0.05,,,1.0,10,0.20792079207920788,,pairwise_exact,True,,7,1,21.0,,,0.00015199,0.0,0,0,0,6,0.20792079207920788,True,1,False,,,2,21,False,,0,21.0,arm_run,45,1.0,0.7920792079207921,,nominal_maximum_collapse_with_institution,2025048088,1.0,2,7,
measurement_corruption,2.0,1.0,linear,,0.05,,,1.0,0,0.20792079207920788,,pairwise_exact,False,,7,0,21.0,,,0.000122455,0.0,0,0,0,6,0.20792079207920788,False,1,True,,,2,21,True,,0,21.0,arm_run,46,1.0,0.7920792079207921,,nominal_maximum_collapse_with_institution,774986055,1.0,2,7,
measurement_corruption,2.0,1.0,linear,,0.05,,,1.0,0,0.20792079207920788,,pairwise_exact,False,,7,0,21.0,,,0.000124671,0.0,0,0,0,6,0.20792079207920788,False,1,True,,,2,21,True,,0,21.0,arm_run,47,1.0,0.7920792079207921,,nominal_maximum_collapse_with_institution,788860803,1.0,2,7,
measurement_corruption,2.0,1.0,linear,,0.05,,,1.0,5,0.20792079207920788,,pairwise_exact,True,,7,1,21.0,,,0.000123949,0.0,0,0,0,6,0.20792079207920788,False,1,True,,,3,21,False,,1,21.0,arm_run,48,1.0,0.7920792079207921,,nominal_maximum_collapse_with_institution,1057269754,1.0,2,7,
measurement_corruption,2.0,1.0,linear,,0.05,,,1.0,5,0.20792079207920788,,pairwise_exact,True,,7,1,21.0,,,0.000125598,0.0,0,0,0,6,0.20792079207920788,False,1,True,,,3,21,False,,1,21.0,arm_run,49,1.0,0.7920792079207921,,nominal_maximum_collapse_with_institution,1038029260,1.0,2,7,
measurement_corruption,2.0,1.0,linear,,0.05,,,1.0,5,0.20792079207920788,,pairwise_exact,True,,7,1,21.0,,,0.000123271,0.0,0,0,0,6,0.20792079207920788,False,1,True,,,3,21,False,,1,21.0,arm_run,50,1.0,0.7920792079207921,,nominal_maximum_collapse_with_institution,1595342823,1.0,2,7,
measurement_corruption,2.0,1.0,linear,,0.05,,,1.0,14,0.20792079207920788,,pairwise_exact,True,,7,2,21.0,,,0.00015487,0.0,0,0,0,6,0.20792079207920788,True,1,False,,,3,21,False,,1,21.0,arm_run,51,1.0,0.7920792079207921,,nominal_maximum_collapse_with_institution,782861458,1.0,2,7,
measurement_corruption,2.0,1.0,linear,,0.05,,,1.0,5,0.20792079207920788,,pairwise_exact,True,,7,1,21.0,,,0.000123987,0.0,0,0,0,6,0.20792079207920788,False,1,True,,,3,21,False,,1,21.0,arm_run,52,1.0,0.7920792079207921,,nominal_maximum_collapse_with_institution,743904365,1.0,2,7,
measurement_corruption,2.0,1.0,linear,,0.05,,,1.0,10,0.20792079207920788,,pairwise_exact,True,,7,2,21.0,,,0.000136592,0.0,0,0,0,6,0.20792079207920788,False,1,True,,,4,21,False,,2,21.0,arm_run,53,1.0,0.7920792079207921,,nominal_maximum_collapse_with_institution,835061109,1.0,2,7,
measurement_corruption,2.0,1.0,linear,,0.05,,,1.0,6,0.20792079207920788,,pairwise_exact,True,,7,0,21.0,,,0.000150497,0.0,0,0,0,6,0.20792079207920788,True,1,False,,,1,21,False,,-1,21.0,arm_run,54,1.0,0.7920792079207921,,nominal_maximum_collapse_with_institution,1571927193,1.0,2,7,
measurement_corruption,2.0,1.0,linear,,0.05,,,1.0,10,0.20792079207920788,,pairwise_exact,True,,7,2,21.0,,,0.000127556,0.0,0,0,0,6,0.20792079207920788,False,1,True,,,4,21,False,,2,21.0,arm_run,55,1.0,0.7920792079207921,,nominal_maximum_collapse_with_institution,1474782397,1.0,2,7,
measurement_corruption,2.0,1.0,linear,,0.05,,,1.0,0,0.20792079207920788,,pairwise_exact,False,,7,0,21.0,,,0.000122489,0.0,0,0,0,6,0.20792079207920788,False,1,True,,,2,21,True,,0,21.0,arm_run,56,1.0,0.7920792079207921,,nominal_maximum_collapse_with_institution,692467547,1.0,2,7,
measurement_corruption,2.0,1.0,linear,,0.05,,,1.0,18,0.20792079207920788,,pairwise_exact,True,,7,3,21.0,,,0.000155371,0.0,0,0,0,6,0.20792079207920788,True,1,False,,,4,21,False,,2,21.0,arm_run,57,1.0,0.7920792079207921,,nominal_maximum_collapse_with_institution,1981727192,1.0,2,7,
measurement_corruption,2.0,1.0,linear,,0.05,,,1.0,5,0.20792079207920788,,pairwise_exact,True,,7,1,21.0,,,0.000123479,0.0,0,0,0,6,0.20792079207920788,False,1,True,,,3,21,False,,1,21.0,arm_run,58,1.0,0.7920792079207921,,nominal_maximum_collapse_with_institution,1587338560,1.0,2,7,
measurement_corruption,2.0,1.0,linear,,0.05,,,1.0,14,0.20792079207920788,,pairwise_exact,True,,7,2,21.0,,,0.000151046,0.0,0,0,0,6,0.20792079207920788,True,1,False,,,3,21,False,,1,21.0,arm_run,59,1.0,0.7920792079207921,,nominal_maximum_collapse_with_institution,1337340337,1.0,2,7,
measurement_corruption,2.0,1.0,linear,,0.05,,,1.0,0,0.20792079207920788,,pairwise_exact,False,,7,0,21.0,,,0.000122645,0.0,0,0,0,6,0.20792079207920788,False,1,True,,,2,21,True,,0,21.0,arm_run,60,1.0,0.7920792079207921,,nominal_maximum_collapse_with_institution,1218542813,1.0,2,7,
measurement_corruption,2.0,1.0,linear,,0.05,,,1.0,0,0.20792079207920788,,pairwise_exact,False,,7,0,21.0,,,0.000124021,0.0,0,0,0,6,0.20792079207920788,False,1,True,,,2,21,True,,0,21.0,arm_run,61,1.0,0.7920792079207921,,nominal_maximum_collapse_with_institution,837058016,1.0,2,7,
measurement_corruption,2.0,1.0,linear,,0.05,,,1.0,18,0.20792079207920788,,pairwise_exact,True,,7,3,21.0,,,0.00015072,0.0,0,0,0,6,0.20792079207920788,True,1,False,,,4,21,False,,2,21.0,arm_run,62,1.0,0.7920792079207921,,nominal_maximum_collapse_with_institution,551192364,1.0,2,7,
measurement_corruption,2.0,1.0,linear,,0.05,,,1.0,0,0.20792079207920788,,pairwise_exact,False,,7,0,21.0,,,0.000122469,0.0,0,0,0,6,0.20792079207920788,False,1,True,,,2,21,True,,0,21.0,arm_run,63,1.0,0.7920792079207921,,nominal_maximum_collapse_with_institution,472488263,1.0,2,7,
measurement_corruption,2.0,1.0,linear,,1000000.0,,,1.0,26,0.9999998095238458,,pairwise_exact,True,,7,5,21.0,,,0.000152487,0.0,0,0,0,6,0.9999998095238458,True,1,False,,,6,21,False,,4,21.0,arm_run,0,1.0,1.9047615419501824e-07,,positive_control_high_attacker,1280502772,1.0,2,7,
measurement_corruption,2.0,1.0,linear,,1000000.0,,,1.0,26,0.9999998095238458,,pairwise_exact,True,,7,5,21.0,,,0.000152584,0.0,0,0,0,6,0.9999998095238458,True,1,False,,,6,21,False,,4,21.0,arm_run,1,1.0,1.9047615419501824e-07,,positive_control_high_attacker,1663793769,1.0,2,7,
measurement_corruption,2.0,1.0,linear,,1000000.0,,,1.0,26,0.9999998095238458,,pairwise_exact,True,,7,5,21.0,,,0.000150816,0.0,0,0,0,6,0.9999998095238458,True,1,False,,,6,21,False,,4,21.0,arm_run,2,1.0,1.9047615419501824e-07,,positive_control_high_attacker,1374072647,1.0,2,7,
measurement_corruption,2.0,1.0,linear,,1000000.0,,,1.0,26,0.9999998095238458,,pairwise_exact,True,,7,5,21.0,,,0.000151334,0.0,0,0,0,6,0.9999998095238458,True,1,False,,,6,21,False,,4,21.0,arm_run,3,1.0,1.9047615419501824e-07,,positive_control_high_attacker,1576574636,1.0,2,7,
measurement_corruption,2.0,1.0,linear,,1000000.0,,,1.0,26,0.9999998095238458,,pairwise_exact,True,,7,5,21.0,,,0.000154205,0.0,0,0,0,6,0.9999998095238458,True,1,False,,,6,21,False,,4,21.0,arm_run,4,1.0,1.9047615419501824e-07,,positive_control_high_attacker,163038078,1.0,2,7,
measurement_corruption,2.0,1.0,linear,,1000000.0,,,1.0,26,0.9999998095238458,,pairwise_exact,True,,7,5,21.0,,,0.000145327,0.0,0,0,0,6,0.9999998095238458,True,1,False,,,6,21,False,,4,21.0,arm_run,5,1.0,1.9047615419501824e-07,,positive_control_high_attacker,801841008,1.0,2,7,
measurement_corruption,2.0,1.0,linear,,1000000.0,,,1.0,26,0.9999998095238458,,pairwise_exact,True,,7,5,21.0,,,9.8002e-05,0.0,0,0,0,6,0.9999998095238458,True,1,False,,,6,21,False,,4,21.0,arm_run,6,1.0,1.9047615419501824e-07,,positive_control_high_attacker,1611935400,1.0,2,7,
measurement_corruption,2.0,1.0,linear,,1000000.0,,,1.0,26,0.9999998095238458,,pairwise_exact,True,,7,5,21.0,,,8.3656e-05,0.0,0,0,0,6,0.9999998095238458,True,1,False,,,6,21,False,,4,21.0,arm_run,7,1.0,1.9047615419501824e-07,,positive_control_high_attacker,1542017617,1.0,2,7,
measurement_corruption,1.0,1.0,linear,,0.05,,,1.0,25,1.0,,pairwise_exact,True,,6,5,15.0,,,6.4871e-05,0.0,0,0,0,6,1.0,False,0,True,,,6,15,False,,5,15.0,arm_run,0,1.0,0.0,,positive_control_rank_one_no_institution,939512158,1.0,1,6,
measurement_corruption,1.0,1.0,linear,,0.05,,,1.0,25,1.0,,pairwise_exact,True,,6,5,15.0,,,6.6712e-05,0.0,0,0,0,6,1.0,False,0,True,,,6,15,False,,5,15.0,arm_run,1,1.0,0.0,,positive_control_rank_one_no_institution,2077453865,1.0,1,6,
measurement_corruption,1.0,1.0,linear,,0.05,,,1.0,25,1.0,,pairwise_exact,True,,6,5,15.0,,,6.2498e-05,0.0,0,0,0,6,1.0,False,0,True,,,6,15,False,,5,15.0,arm_run,2,1.0,0.0,,positive_control_rank_one_no_institution,705804697,1.0,1,6,
measurement_corruption,1.0,1.0,linear,,0.05,,,1.0,25,1.0,,pairwise_exact,True,,6,5,15.0,,,6.4544e-05,0.0,0,0,0,6,1.0,False,0,True,,,6,15,False,,5,15.0,arm_run,3,1.0,0.0,,positive_control_rank_one_no_institution,258774887,1.0,1,6,
measurement_corruption,1.0,1.0,linear,,0.05,,,1.0,25,1.0,,pairwise_exact,True,,6,5,15.0,,,6.2637e-05,0.0,0,0,0,6,1.0,False,0,True,,,6,15,False,,5,15.0,arm_run,4,1.0,0.0,,positive_control_rank_one_no_institution,1021668823,1.0,1,6,
measurement_corruption,1.0,1.0,linear,,0.05,,,1.0,25,1.0,,pairwise_exact,True,,6,5,15.0,,,6.1638e-05,0.0,0,0,0,6,1.0,False,0,True,,,6,15,False,,5,15.0,arm_run,5,1.0,0.0,,positive_control_rank_one_no_institution,1993643428,1.0,1,6,
measurement_corruption,1.0,1.0,linear,,0.05,,,1.0,25,1.0,,pairwise_exact,True,,6,5,15.0,,,6.43e-05,0.0,0,0,0,6,1.0,False,0,True,,,6,15,False,,5,15.0,arm_run,6,1.0,0.0,,positive_control_rank_one_no_institution,1079245771,1.0,1,6,
measurement_corruption,1.0,1.0,linear,,0.05,,,1.0,25,1.0,,pairwise_exact,True,,6,5,15.0,,,6.2413e-05,0.0,0,0,0,6,1.0,False,0,True,,,6,15,False,,5,15.0,arm_run,7,1.0,0.0,,positive_control_rank_one_no_institution,481200926,1.0,1,6,
